Crop,NO,Year,Province,Province1,NO.Station,Tave,Tmax,Tmin,GDD>0,GDD>10,PRE,SSD,RAD,Soil type,Soil type1,Soil texture,SOM,OP,AK,pH,N,P2O5,K2O,Ynpk
W-NWC,WNWC0001,2007,甘肃省,Gansu,8652984,4.731205674,11.81595745,-0.70106383,1882.2,517.1,360.1,1675.6,3688.44,黄绵土,Cultivated loessial soils,silty clay loam,11.3,32.7,81,8.2,124.5,90,40.5,7020
W-NWC,WNWC0002,2007,甘肃省,Gansu,8652984,4.755319149,11.85886525,-0.684751773,1889,523.9,369.8,1681.6,3703.14,黑垆土,Dark loessial soils,silty clay loam,16.3,21.5,94,8.2,124.5,90,40.5,5805
W-NWC,WNWC0003,2007,甘肃省,Gansu,8652984,4.831578947,11.89017544,-0.567017544,1925,529.9,371.1,1682.7,3719.43,黄绵土,Cultivated loessial soils,silty clay loam,10.5,28.7,99,8.4,124.5,90,40.5,7170
W-NWC,WNWC0004,2008,甘肃省,Gansu,8652984,5.635357143,13.18892857,0.021428571,1933.6,524.2,209.1,1778.7,3714.02,黑垆土,Dark loessial soils,silty clay loam,12.4,19.4,84,8.3,124.5,90,40.5,6150
W-NWC,WNWC0005,2008,甘肃省,Gansu,8652984,5.736170213,13.28049645,0.132269504,1973.3,543.9,209.1,1790.4,3747.38,黑垆土,Dark loessial soils,silty clay loam,11.2,19.5,101,8.4,124.5,90,40.5,6535.5
W-NWC,WNWC0006,2008,甘肃省,Gansu,8652984,5.736170213,13.28049645,0.132269504,1973.3,543.9,209.1,1790.4,3747.38,黑垆土,Dark loessial soils,silty clay loam,16.9,20.3,114,8.4,124.5,90,40.5,6675
W-NWC,WNWC0007,2007,甘肃省,Gansu,8652984,4.540433213,11.66425993,-0.917689531,1805.7,490.6,356,1654.8,3626.25,黑垆土,Dark loessial soils,silty clay loam,32.6,19.4,89,8.2,103.5,72,34.5,5334
W-NWC,WNWC0008,2008,甘肃省,Gansu,8652984,5.835211268,13.37323944,0.228873239,2012.9,563.5,209.1,1803.4,3782.75,黑垆土,Dark loessial soils,silty clay loam,16.7,19.7,73,8.3,103.5,72,34.5,7167
W-NWC,WNWC0009,2008,甘肃省,Gansu,8652984,5.835211268,13.37323944,0.228873239,2012.9,563.5,209.1,1803.4,3782.75,黑垆土,Dark loessial soils,silty clay loam,18.6,34.6,83,8.4,124.5,90,40.5,6165
W-NWC,WNWC0010,2006,甘肃省,Gansu,8657014,8.843295019,16.14597701,3.215708812,2423.9,811.2,174.8,1447.4,3239.8,黄绵土,Cultivated loessial soils,silty clay loam,10.3,27,304,8.3,103.5,72,60,4587
W-NWC,WNWC0011,2005,甘肃省,Gansu,8657014,7.700787402,14.88779528,2.087795276,2097.9,638.1,204.5,1474.9,3208.68,新积土,Alluvial?soils,silty clay loam,9,6.3,116,8.4,103.5,72,60,4897.5
W-NWC,WNWC0012,2005,甘肃省,Gansu,8657014,7.700787402,14.88779528,2.087795276,2097.9,638.1,204.5,1474.9,3208.68,新积土,Alluvial?soils,silty clay loam,9.8,22.6,371,8.5,103.5,72,60,3981
W-NWC,WNWC0013,2005,甘肃省,Gansu,8657014,7.700787402,14.88779528,2.087795276,2097.9,638.1,204.5,1474.9,3208.68,新积土,Alluvial?soils,sandy loam,11.6,9.1,108,8.3,103.5,72,60,4717.5
W-NWC,WNWC0014,2006,甘肃省,Gansu,8657014,8.799618321,16.07938931,3.209160305,2421.3,798.6,179.3,1446.4,3232.67,新积土,Alluvial?soils,silty clay loam,26.5,25,265,8.3,103.5,72,60,4828.5
W-NWC,WNWC0015,2007,甘肃省,Gansu,8657001,7.648484848,13.89848485,2.753787879,2276,711.3,214.9,1648.3,3495.46,灌淤土,Irrigating warped soils,loam,12.4,18.2,167,8.2,138,90,72,6217.5
W-NWC,WNWC0016,2007,甘肃省,Gansu,8657001,7.807924528,14.09962264,2.890943396,2325.9,743.9,272.8,1661.7,3529.64,灌淤土,Irrigating warped soils,sandy loam,18.6,28.4,193,8.2,172.5,108,112.5,5860.5
W-NWC,WNWC0017,2007,甘肃省,Gansu,8657001,7.514509804,13.84705882,2.545882353,2173,687.7,154.6,1631.2,3421.34,灌淤土,Irrigating warped soils,sandy loam,28.9,32.8,195,8.1,172.5,108,112.5,6304.5
W-NWC,WNWC0018,2008,甘肃省,Gansu,8657001,8.372623574,14.6338403,3.578326996,2330.9,738.2,178.7,1472,3237.98,灌淤土,Irrigating warped soils,sandy loam,16.8,26.7,187,8.1,172.5,108,112.5,5584.5
W-NWC,WNWC0019,2008,甘肃省,Gansu,8657001,7.934677419,14.24677419,3.108467742,2096.7,649.7,164.5,1423.5,3085.12,灌淤土,Irrigating warped soils,sandy loam,24.7,34.3,245,8.3,172.5,108,112.5,6345
W-NWC,WNWC0020,2007,甘肃省,Gansu,8657001,7.909774436,14.23609023,2.95112782,2360.8,767.7,264.5,1682.7,3573.35,灌淤土,Irrigating warped soils,loam,10.7,25.3,115,7.9,172.5,108,112.5,6546
W-NWC,WNWC0021,2008,甘肃省,Gansu,8657001,8.360227273,14.60833333,3.584848485,2336,733.3,180.3,1478.5,3248.21,灌淤土,Irrigating warped soils,loam,12.2,27,118,8.2,172.5,108,112.5,7173
W-NWC,WNWC0022,2009,甘肃省,Gansu,8657008,6.137121212,12.18787879,1.850757576,1799.9,400.9,253.6,1206.8,2874.35,灌淤土,Irrigating warped soils,loam,13.4,11.1,189,7.2,237,108,102,3319.5
W-NWC,WNWC0023,2009,甘肃省,Gansu,8657008,6.137121212,12.18787879,1.850757576,1799.9,400.9,253.6,1206.8,2874.35,灌淤土,Irrigating warped soils,loam,11,9.5,171,7.2,237,108,118.35,3336
W-NWC,WNWC0024,2009,甘肃省,Gansu,8657008,5.889230769,11.94807692,1.617692308,1710.9,351.9,253.6,1182.7,2800.71,灌淤土,Irrigating warped soils,loam,9.8,11.2,182,7.3,157.5,97.5,91.5,3168
W-NWC,WNWC0025,2009,甘肃省,Gansu,8657008,5.988973384,12.05513308,1.723954373,1754.8,365.8,254.1,1198.1,2836.87,灌淤土,Irrigating warped soils,loam,18.8,8.9,192,7.7,157.5,97.5,91.5,3283.5
W-NWC,WNWC0026,2007,甘肃省,Gansu,8657102,8.138139535,14.31255814,2.954883721,1855.4,562.5,107.7,966.2,2412.61,褐土,Cinnamon soils,loam,11.7,18.8,59,7.9,180,90,90,6400.5
W-NWC,WNWC0027,2007,甘肃省,Gansu,8657102,8.190654206,14.41542056,2.980373832,1858.5,574.5,110.7,972.5,2422.81,潮土,Fluvo-aquic soils,loam,11.3,8.2,114,7.7,150,90,120,8133
W-NWC,WNWC0028,2007,甘肃省,Gansu,8657102,7.362376238,13.4470297,2.303465347,1592.9,428.9,101.2,878.6,2182.68,潮土,Fluvo-aquic soils,loam,17.9,4.4,67,8.2,120,90,60,2878.5
W-NWC,WNWC0029,2008,甘肃省,Gansu,8657102,9.210931174,15.4951417,4.54534413,2330.6,729,182.3,1037.6,2652.22,褐土,Cinnamon soils,clay,13.3,9.4,167,7.5,120,90,60,7104
W-NWC,WNWC0030,2008,甘肃省,Gansu,8657102,9.17254902,15.39215686,4.557254902,2394.5,715.2,196.4,1061.2,2703.45,褐土,Cinnamon soils,clay,14.8,4.3,67,7.5,120,90,60,4386
W-NWC,WNWC0031,2008,甘肃省,Gansu,8657102,8.737552743,15.02236287,4.106751055,2126.3,624.2,169.5,984.2,2504.81,潮土,Fluvo-aquic soils,clay,13.1,10,136,7.7,150,90,120,8577
W-NWC,WNWC0032,2008,甘肃省,Gansu,8657102,8.719915254,15.01737288,4.085169492,2113.4,621.3,169.5,983.5,2499.91,潮土,Fluvo-aquic soils,loam,11.3,8.8,127,7.7,180,90,90,5254.5
W-NWC,WNWC0033,2008,甘肃省,Gansu,8657102,8.480090498,14.82262443,3.819004525,1929.6,580,149.3,929.5,2368.73,褐土,Cinnamon soils,clay,10.9,9.3,128,7.6,120,90,60,4827
W-NWC,WNWC0034,2008,甘肃省,Gansu,8653928,7.621268657,14.93432836,2.061567164,2233.7,668.9,139.3,1683.5,3498.8,新积土,Alluvial?soils,clay loam,13.1,14.2,231,8.2,172.5,63,10.5,6018
W-NWC,WNWC0035,2008,甘肃省,Gansu,8653926,6.959550562,14.93595506,0.974157303,2103,581.4,194.5,1359.6,3021.6,灌淤土,Irrigating warped soils,sandy loam,13.6,8.9,139,8,165,75,60,2817
W-NWC,WNWC0036,2008,甘肃省,Gansu,8653926,7.381751825,15.34416058,1.319343066,2267.4,675.8,198.2,1405.3,3148.88,灌淤土,Irrigating warped soils,sandy loam,13.4,8.8,119,8.4,165,75,60,3655.5
W-NWC,WNWC0037,2008,陕西省,Shanxi,8657036,10.62606838,16.07435897,6.5,2520.1,849.1,239.9,1155.8,2634.64,v土,Cumulic cinnamon soils,loam,24.5,32.7,268,7.3,210,120,120,4333
W-NWC,WNWC0038,2008,陕西省,Shanxi,8657036,10.62606838,16.07435897,6.5,2520.1,849.1,239.9,1155.8,2634.64,v土,Cumulic cinnamon soils,loam,16.7,10.2,167,7.3,210,120,120,5850
W-NWC,WNWC0039,2008,陕西省,Shanxi,8657036,10.62606838,16.07435897,6.5,2520.1,849.1,239.9,1155.8,2634.64,新积土,Alluvial?soils,sandy loam,26,23.2,199,7.3,210,120,120,5149.5
W-NWC,WNWC0040,2008,陕西省,Shanxi,8657036,10.62606838,16.07435897,6.5,2520.1,849.1,239.9,1155.8,2634.64,v土,Cumulic cinnamon soils,loam,22.4,18.6,251,7.3,210,120,120,5299.5
W-NWC,WNWC0041,2008,陕西省,Shanxi,8657036,10.62606838,16.07435897,6.5,2520.1,849.1,239.9,1155.8,2634.64,v土,Cumulic cinnamon soils,loam,20.3,28.7,259,7.2,210,120,120,6193.5
W-NWC,WNWC0042,2008,陕西省,Shanxi,8657036,10.62606838,16.07435897,6.5,2520.1,849.1,239.9,1155.8,2634.64,新积土,Alluvial?soils,sandy loam,24.3,36.2,287,7.1,210,120,120,5205
W-NWC,WNWC0043,2008,陕西省,Shanxi,8657036,10.62606838,16.07435897,6.5,2520.1,849.1,239.9,1155.8,2634.64,潮土,Fluvo-aquic soils,loam,21.4,31.4,198,7.2,210,120,120,6229.5
W-NWC,WNWC0044,2008,陕西省,Shanxi,8657044,10.09083333,15.85,5.2375,2492.3,821.6,264.4,1172.2,2668.22,v土,Cumulic cinnamon soils,sandy loam,16.2,45.3,113,7.7,180,150,75,6349.5
W-NWC,WNWC0045,2008,陕西省,Shanxi,8657044,9.752192982,15.56666667,4.867982456,2294,743.3,229.2,1129.9,2553.23,v土,Cumulic cinnamon soils,loam,16.4,71,108,7.5,180,150,75,6083.3
W-NWC,WNWC0046,2008,陕西省,Shanxi,8657044,9.75,15.54469027,4.869026549,2274,742.6,229.2,1121.9,2535.4,v土,Cumulic cinnamon soils,loam,16,57.9,86,7.6,180,150,75,5883
W-NWC,WNWC0047,2008,陕西省,Shanxi,8657044,9.790909091,15.58225108,4.926406926,2332.2,751.5,251.4,1141.5,2579.9,v土,Cumulic cinnamon soils,loam,16.9,29.6,82,7.8,180,150,75,7043.3
W-NWC,WNWC0048,2008,陕西省,Shanxi,8657044,9.939316239,15.70940171,5.077350427,2396.3,785.6,253.8,1152.8,2617.25,v土,Cumulic cinnamon soils,sandy loam,16,22.7,68,7.6,180,150,75,5955
W-NWC,WNWC0049,2008,陕西省,Shanxi,8657044,9.742922374,15.5456621,4.838812785,2204.2,742.8,224.7,1098.4,2484.61,v土,Cumulic cinnamon soils,loam,17.7,73.7,100,7.6,180,150,75,6063.8
W-NWC,WNWC0050,2008,陕西省,Shanxi,8657044,9.741964286,15.53392857,4.857589286,2252.7,741.3,229,1116.4,2520.74,v土,Cumulic cinnamon soils,loam,17.1,36.5,114,7.7,180,150,75,6015
W-NWC,WNWC0051,2008,陕西省,Shanxi,8657044,9.881578947,15.67236842,4.989035088,2323.5,772.1,229.2,1133.2,2568.41,v土,Cumulic cinnamon soils,loam,16.4,35.1,216,7.6,180,150,75,6420
W-NWC,WNWC0052,2007,陕西省,Shanxi,8657039,8.53902439,14.53130081,4.11300813,2250.9,692.8,250.2,1077.9,2655.7,水稻土,Paddy soils,silty clay loam,20,28.5,356,7,180,75,105,7584
W-NWC,WNWC0053,2007,陕西省,Shanxi,8657039,8.371721311,14.33893443,3.968032787,2193,654.9,249.3,1064.9,2617.39,v土,Cumulic cinnamon soils,loam,12.9,13.2,124,7.3,150,60,60,7254
W-NWC,WNWC0054,2007,陕西省,Shanxi,8657039,8.355785124,14.35743802,3.925206612,2172.4,653.1,239.6,1064.9,2607.63,v土,Cumulic cinnamon soils,silty clay loam,18.4,14.8,257,7.1,180,75,105,7203
W-NWC,WNWC0055,2007,陕西省,Shanxi,8657039,8.159504132,14.02892562,3.861983471,2124.9,606.8,262.3,1022.5,2527.19,新积土,Alluvial?soils,silty clay loam,16.3,4.4,125,7,180,75,105,7808
W-NWC,WNWC0056,2007,陕西省,Shanxi,8657039,8.53902439,14.53130081,4.11300813,2250.9,692.8,250.2,1077.9,2655.7,新积土,Alluvial?soils,sandy loam,13.1,9,121,7.8,180,75,105,6397.5
W-NWC,WNWC0057,2007,陕西省,Shanxi,8657039,8.056277056,14.10822511,3.582251082,2011.3,600.7,197.8,1034.6,2502.41,v土,Cumulic cinnamon soils,silty clay loam,17.9,5,73,7.8,180,75,105,6174
W-NWC,WNWC0058,2007,陕西省,Shanxi,8657039,8.078448276,14.14137931,3.596982759,2024.5,603.9,197.8,1040.9,2514.87,v土,Cumulic cinnamon soils,silty clay loam,15.8,17.4,189,7.5,180,75,105,7482.5
W-NWC,WNWC0059,2006,陕西省,Shanxi,8657040,10.46851064,16.72170213,5.233191489,2477.3,874.6,124.3,1284.1,2820.54,灌淤土,Irrigating warped soils,loam,13.2,23.3,135,8,90,60,60,6170
W-NWC,WNWC0060,2006,陕西省,Shanxi,8657040,10.60920502,16.87782427,5.369874477,2552.8,910.1,124.3,1304.3,2865.21,灌淤土,Irrigating warped soils,loam,17.2,25,180,7.9,90,60,60,9055
W-NWC,WNWC0061,2006,陕西省,Shanxi,8657040,10.58481013,16.84050633,5.35021097,2525.8,903.1,124.3,1292.5,2845.8,灌淤土,Irrigating warped soils,clay loam,10.6,32.9,185,8.1,90,60,60,7320
W-NWC,WNWC0062,2006,陕西省,Shanxi,8657040,10.59957627,16.84618644,5.356355932,2518.7,906,124.3,1298.5,2854.39,灌淤土,Irrigating warped soils,loam,13.9,24.5,205,8,90,60,60,9315
W-NWC,WNWC0063,2006,陕西省,Shanxi,8657040,10.39915254,16.66059322,5.172033898,2471.4,858.7,124.3,1284,2810.43,灌淤土,Irrigating warped soils,loam,7.4,36.7,120,7.9,90,60,60,7080
W-NWC,WNWC0064,2007,陕西省,Shanxi,8657040,9.07887931,15.04913793,4.213362069,2236.2,743.2,134,1237.9,2760.26,灌淤土,Irrigating warped soils,loam,10,14.7,200,7.8,210,180,135,7830
W-NWC,WNWC0065,2007,陕西省,Shanxi,8657040,9.112121212,15.07142857,4.248917749,2234.8,751.8,134,1233.9,2757.73,灌淤土,Irrigating warped soils,loam,17,20.6,200,7.9,210,180,135,7260
W-NWC,WNWC0066,2007,陕西省,Shanxi,8657040,9.19787234,15.18978723,4.319148936,2291.4,768.4,134,1262.1,2809.76,灌淤土,Irrigating warped soils,loam,16,16.1,170,7.5,210,180,135,6795
W-NWC,WNWC0067,2007,陕西省,Shanxi,8657040,9.361764706,15.37563025,4.475630252,2358,805,134,1271.5,2840.84,v土,Cumulic cinnamon soils,clay loam,17,20.6,200,7.9,210,180,135,8040
W-NWC,WNWC0068,2007,陕西省,Shanxi,8657040,9.171848739,15.16512605,4.311764706,2312.8,759.8,133.6,1281,2837.05,v土,Cumulic cinnamon soils,clay loam,15,30.6,300,7.8,210,180,135,7845
W-NWC,WNWC0069,2007,陕西省,Shanxi,8657040,9.255042017,15.27605042,4.370168067,2332.6,779.6,134,1289.6,2857.6,灌淤土,Irrigating warped soils,loam,19,19,180,7.8,210,180,135,8790
W-NWC,WNWC0070,2007,陕西省,Shanxi,8657040,9.183263598,15.15732218,4.339748954,2324.7,761.7,148,1281,2841.72,灌淤土,Irrigating warped soils,loam,19,18.8,190,7.8,210,180,135,7845
W-NWC,WNWC0071,2008,陕西省,Shanxi,8657040,9.263636364,15.32164502,4.453246753,2216,693.7,218.1,1223.6,2691.04,v土,Cumulic cinnamon soils,clay loam,18.8,36.9,310,8.4,270,150,120,9600
W-NWC,WNWC0072,2008,陕西省,Shanxi,8657040,9.210043668,15.30218341,4.375545852,2185.2,682.9,217.9,1223.6,2682.42,潮土,Fluvo-aquic soils,sandy loam,19,14.4,180,7.7,270,150,120,7800
W-NWC,WNWC0073,2008,陕西省,Shanxi,8657040,9.300865801,15.37359307,4.483116883,2224.6,702.3,225.6,1231.7,2707.13,灌淤土,Irrigating warped soils,loam,14,35.4,340,8.1,210,180,135,8700
W-NWC,WNWC0074,2008,陕西省,Shanxi,8657040,9.300865801,15.37359307,4.483116883,2224.6,702.3,225.6,1231.7,2707.13,灌淤土,Irrigating warped soils,loam,13.2,32.4,290,8.1,210,180,135,8700
W-NWC,WNWC0075,2008,陕西省,Shanxi,8657040,9.210043668,15.30218341,4.375545852,2185.2,682.9,217.9,1223.6,2682.42,灌淤土,Irrigating warped soils,loam,14.5,31.7,190,8.2,210,180,135,10500
W-NWC,WNWC0076,2007,陕西省,Shanxi,8657132,9.196412556,14.44035874,5.404932735,2161.3,715.7,154.3,1279.8,2778.16,黄绵土,Cultivated loessial soils,loam,16.3,17.6,162,7.4,180,120,75,6600
W-NWC,WNWC0077,2007,陕西省,Shanxi,8657132,9.196412556,14.44035874,5.404932735,2161.3,715.7,154.3,1279.8,2778.16,v土,Cumulic cinnamon soils,sandy loam,17.5,15.5,143,8.1,180,120,75,6900
W-NWC,WNWC0078,2007,陕西省,Shanxi,8657132,9.196412556,14.44035874,5.404932735,2161.3,715.7,154.3,1279.8,2778.16,v土,Cumulic cinnamon soils,sandy loam,21.8,20.1,110,8,180,120,75,7425
W-NWC,WNWC0079,2007,陕西省,Shanxi,8657132,9.284140969,14.55022026,5.482819383,2218,732.4,154.3,1305.3,2826.69,v土,Cumulic cinnamon soils,loam,14.5,19,149,8,180,120,75,7335
W-NWC,WNWC0080,2007,陕西省,Shanxi,8657132,9.196412556,14.44035874,5.404932735,2161.3,715.7,154.3,1279.8,2778.16,v土,Cumulic cinnamon soils,loam,19.5,19.1,150,7.5,180,120,75,7125
W-NWC,WNWC0081,2007,陕西省,Shanxi,8657132,9.196412556,14.44035874,5.404932735,2161.3,715.7,154.3,1279.8,2778.16,v土,Cumulic cinnamon soils,sandy loam,17.8,21.4,125,7.8,180,120,75,7425
W-NWC,WNWC0082,2008,陕西省,Shanxi,8657132,10.02869198,15.52194093,6.219409283,2418.8,747.3,273.3,1397.3,2916.1,v土,Cumulic cinnamon soils,silty clay loam,14.8,10.9,142,7.6,180,120,75,6991.5
W-NWC,WNWC0083,2008,陕西省,Shanxi,8657132,10.07196653,15.55857741,6.271966527,2449.2,757.7,273.6,1401.6,2931.32,v土,Cumulic cinnamon soils,silty clay loam,17.4,26.9,141,7.6,180,120,75,7251
W-NWC,WNWC0084,2008,陕西省,Shanxi,8657132,10.29303279,15.80614754,6.461885246,2553.5,812,304.1,1445.7,3025.98,v土,Cumulic cinnamon soils,silty clay loam,16.7,28.5,141,8.1,180,120,75,7900.5
W-NWC,WNWC0085,2008,陕西省,Shanxi,8657132,10.29390244,15.76747967,6.503252033,2574.3,812.8,304.5,1442.1,3020.07,v土,Cumulic cinnamon soils,silty clay loam,17.3,12.6,173,7.2,180,120,75,7500
W-NWC,WNWC0086,2008,陕西省,Shanxi,8657132,10.1425,15.64083333,6.329583333,2476.2,774.7,273.6,1413.8,2958.31,v土,Cumulic cinnamon soils,loam,16.1,44.2,194,7.8,180,120,75,3750
W-NWC,WNWC0087,2008,陕西省,Shanxi,8657132,10.1790795,15.7041841,6.335983264,2474.8,783.3,273.3,1421.6,2969.92,v土,Cumulic cinnamon soils,silty clay loam,18.4,43.8,205,8.2,180,120,75,5800.5
W-NWC,WNWC0088,2008,陕西省,Shanxi,8657132,10.29214876,15.81280992,6.454132231,2532.7,811.2,273.6,1435.4,3007.81,潮土,Fluvo-aquic soils,silty clay loam,16.6,9.1,126,7.8,180,120,75,6717.5
W-NWC,WNWC0089,2008,陕西省,Shanxi,8657132,10.1785124,15.66694215,6.373553719,2505.2,783.7,304.1,1422.6,2979.66,v土,Cumulic cinnamon soils,silty clay loam,22.1,34.1,221,8.1,180,120,75,7267.5
W-NWC,WNWC0090,2007,陕西省,Shanxi,8657132,9.196412556,14.44035874,5.404932735,2161.3,715.7,154.3,1279.8,2778.16,v土,Cumulic cinnamon soils,loam,14.8,23.7,118,6.8,180,120,75,7335
W-NWC,WNWC0091,2007,陕西省,Shanxi,8657132,9.196412556,14.44035874,5.404932735,2161.3,715.7,154.3,1279.8,2778.16,潮土,Fluvo-aquic soils,loam,16.5,21.1,139,7.9,180,120,75,7305
W-NWC,WNWC0092,2008,陕西省,Shanxi,8657132,10.29303279,15.80614754,6.461885246,2553.5,812,304.1,1445.7,3025.98,潮土,Fluvo-aquic soils,loam,16.2,33.2,102,7.4,180,120,75,6000
W-NWC,WNWC0093,2007,陕西省,Shanxi,8657132,9.196412556,14.44035874,5.404932735,2161.3,715.7,154.3,1279.8,2778.16,潮土,Fluvo-aquic soils,sandy loam,15.5,17.7,133,7.6,180,120,75,6897
W-NWC,WNWC0094,2007,陕西省,Shanxi,8657132,9.196412556,14.44035874,5.404932735,2161.3,715.7,154.3,1279.8,2778.16,v土,Cumulic cinnamon soils,sandy loam,16.2,23.7,173,7,180,120,75,6525
W-NWC,WNWC0095,2008,陕西省,Shanxi,8657132,10.29303279,15.80614754,6.461885246,2553.5,812,304.1,1445.7,3025.98,潮土,Fluvo-aquic soils,silty clay loam,16.1,11.8,104,7.5,180,120,75,6600
W-NWC,WNWC0096,2007,陕西省,Shanxi,8657032,9.469264069,14.57229437,5.663636364,2299,758.8,119.6,1040.6,2525.26,水稻土,Paddy soils,sandy loam,12.4,17.2,76,7.7,180,75,150,4882.5
W-NWC,WNWC0097,2007,陕西省,Shanxi,8657032,9.29030837,14.36519824,5.515859031,2220.5,720.3,119.6,1008.5,2454.19,v土,Cumulic cinnamon soils,loam,12.4,31,102,7.1,180,75,150,6402
W-NWC,WNWC0098,2007,陕西省,Shanxi,8657032,9.014732143,14.02991071,5.309821429,2130.9,660.7,119.6,973.9,2371.88,v土,Cumulic cinnamon soils,loam,13.6,15.9,81,7.5,180,75,150,6756
W-NWC,WNWC0099,2008,陕西省,Shanxi,8657032,9.9004329,14.84025974,6.26017316,2318.9,677.8,227.6,1145.2,2563.23,v土,Cumulic cinnamon soils,loam,13.7,20,78,7.4,240,120,150,7864.5
W-NWC,WNWC0100,2008,陕西省,Shanxi,8657032,10.00742358,14.99519651,6.311353712,2323.6,702.5,218.7,1156.5,2595.61,水稻土,Paddy soils,sandy loam,10.4,16.5,90,7.9,210,75,120,4950
W-NWC,WNWC0101,2008,陕西省,Shanxi,8657032,10.00742358,14.99519651,6.311353712,2323.6,702.5,218.7,1156.5,2595.61,潮土,Fluvo-aquic soils,loam,16,16.9,125,7.2,225,90,150,8124
W-NWC,WNWC0102,2007,陕西省,Shanxi,8657032,8.891818182,13.87727273,5.203636364,2067.8,637.6,119.6,949.9,2319.26,新积土,Alluvial?soils,loam,14,12.5,100,7,180,75,150,7969.5
W-NWC,WNWC0103,2007,陕西省,Shanxi,8657032,8.991402715,14.00452489,5.274208145,2098.7,658.5,119.6,966.3,2356.06,新积土,Alluvial?soils,loam,11.6,21.7,120,6.8,180,75,150,6732.8
W-NWC,WNWC0104,2008,陕西省,Shanxi,8657032,10.1111588,15.08927039,6.428755365,2387.8,726.7,227.6,1172.1,2633,新积土,Alluvial?soils,loam,14.9,13,128,7,210,75,120,8283.8
W-NWC,WNWC0105,2007,陕西省,Shanxi,8657032,9.369911504,14.45265487,5.572566372,2229.2,739,119.6,1017.1,2474.64,v土,Cumulic cinnamon soils,clay loam,14.2,36,115,7.1,180,75,150,6382.5
W-NWC,WNWC0106,2008,陕西省,Shanxi,8657032,9.894736842,14.84342105,6.240350877,2287.9,676.8,226.8,1137.8,2552.98,v土,Cumulic cinnamon soils,clay loam,13.5,8.8,113,7.3,240,120,150,7984.5
W-NWC,WNWC0107,2007,陕西省,Shanxi,8657032,9.823175966,14.93733906,6.00944206,2400.4,840.2,124.7,1043.6,2569.35,新积土,Alluvial?soils,loam,14.2,21.8,96,7.6,180,75,150,8337
W-NWC,WNWC0108,2008,陕西省,Shanxi,8657032,10.11688312,15.12077922,6.406060606,2368.9,727.8,226.8,1174.5,2634.1,新积土,Alluvial?soils,loam,16,13.5,146,7.5,225,90,150,8124
W-NWC,WNWC0109,2007,陕西省,Shanxi,8657032,9.449130435,14.54565217,5.646956522,2284.9,754.7,119.6,1033.7,2512.29,水稻土,Paddy soils,loam,14.9,18.7,92,7.5,180,75,150,5908.5
W-NWC,WNWC0110,2007,陕西省,Shanxi,8657032,9.215486726,14.27566372,5.459292035,2194.3,704.1,119.6,997.7,2429.45,潮土,Fluvo-aquic soils,clay loam,13.1,29.6,147,8,180,75,150,7606.5
W-NWC,WNWC0111,2008,陕西省,Shanxi,8657032,9.965065502,14.93318777,6.290393013,2313.9,692.8,226.8,1149.8,2579.64,v土,Cumulic cinnamon soils,clay loam,22.5,9.6,102,7.5,240,120,150,5250
W-NWC,WNWC0112,2008,陕西省,Shanxi,8657032,10.06147186,15.03766234,6.377056277,2356.1,715,227.3,1162.6,2612.07,潮土,Fluvo-aquic soils,clay loam,15.7,27.8,98,7.4,240,120,150,8046.8
W-NWC,WNWC0113,2007,陕西省,Shanxi,8657032,9.192888889,14.24222222,5.441333333,2180,699.8,119.6,992.7,2418.97,黄绵土,Cultivated loessial soils,loam,12.3,36,113,6.7,180,75,150,6807
W-NWC,WNWC0114,2008,陕西省,Shanxi,8657032,9.917180617,14.89911894,6.222907489,2283.1,682,212.7,1143.7,2563.26,黄绵土,Cultivated loessial soils,loam,14.1,41.2,104,6.8,210,75,120,6808.5
W-NWC,WNWC0115,2008,陕西省,Shanxi,8657032,9.920087336,14.86200873,6.271615721,2303.6,682.5,227.3,1137.8,2557.46,新积土,Alluvial?soils,clay loam,15.4,33.4,140,7,225,90,150,6353.3
W-NWC,WNWC0116,2008,陕西省,Shanxi,8657042,8.813675214,15.1474359,3.859401709,2175.1,674.1,216.8,1484.9,3043.72,灌淤土,Irrigating warped soils,loam,12.1,12.6,136,7.8,210,150,75,7860
W-NWC,WNWC0117,2008,陕西省,Shanxi,8657048,8.840163934,15.10491803,3.844672131,2254.7,664.7,224.1,1241.1,2737.5,v土,Cumulic cinnamon soils,silty clay loam,13.1,35.7,180,8.3,225,135,75,7596
W-NWC,WNWC0118,2009,陕西省,Shanxi,8657048,7.689495798,13.91890756,2.801680672,1925.7,605.5,213.9,1132.4,2605.07,v土,Cumulic cinnamon soils,silty clay loam,12.4,21.7,165,8.4,225,150,75,7425
W-NWC,WNWC0119,2009,陕西省,Shanxi,8657048,7.662447257,13.88270042,2.785654008,1911.6,601.4,213.9,1125.7,2592.09,新积土,Alluvial?soils,sandy loam,14.2,28.3,143,8.4,255,150,112.5,7587
W-NWC,WNWC0120,2008,陕西省,Shanxi,8657048,8.763636364,15.02231405,3.766942149,2218.5,648.5,223.6,1230.1,2713.12,黄绵土,Cultivated loessial soils,silty clay loam,12.6,25.1,173,8.3,225,150,75,7282.5
W-NWC,WNWC0121,2009,陕西省,Shanxi,8657048,7.689495798,13.91890756,2.801680672,1925.7,605.5,213.9,1132.4,2605.07,v土,Cumulic cinnamon soils,clay loam,11.6,17.4,177,8.6,225,135,75,6733.5
W-NWC,WNWC0122,2008,陕西省,Shanxi,8657048,8.795850622,15.09543568,3.752282158,2217.5,657.5,193.3,1234.1,2719.13,v土,Cumulic cinnamon soils,silty clay loam,11.2,26.7,147,8.3,210,120,45,6964.5
W-NWC,WNWC0123,2008,陕西省,Shanxi,8657048,8.795850622,15.09543568,3.752282158,2217.5,657.5,193.3,1234.1,2719.13,v土,Cumulic cinnamon soils,silty clay loam,9.6,21.4,138,8.3,217.5,135,30,6553.5
W-NWC,WNWC0124,2008,陕西省,Shanxi,8657048,8.69748954,14.98158996,3.674895397,2176.4,636.4,193.2,1223.6,2690.08,v土,Cumulic cinnamon soils,silty clay loam,11.9,23.4,127,8.4,195,120,45,6883.5
W-NWC,WNWC0125,2009,陕西省,Shanxi,8657048,7.713445378,13.93781513,2.823529412,1931.4,611.2,213.9,1131.9,2609.48,v土,Cumulic cinnamon soils,clay loam,10.2,15.4,164,8.6,195,120,45,6957
W-NWC,WNWC0126,2009,陕西省,Shanxi,8657048,7.749159664,13.95546218,2.861344538,1939.9,619.7,213.9,1127.2,2608.3,v土,Cumulic cinnamon soils,clay loam,8.5,16.7,193,8.7,225,142.5,60,6792
W-NWC,WNWC0127,2008,陕西省,Shanxi,8657048,9.026829268,15.30121951,4.008943089,2318.3,708.3,236.2,1251.5,2777.17,v土,Cumulic cinnamon soils,silty clay loam,12.7,35.1,154,8.5,210,120,30,6042
W-NWC,WNWC0128,2008,陕西省,Shanxi,8657048,8.883950617,15.16666667,3.859259259,2256.5,676.5,223.6,1242.2,2744.38,v土,Cumulic cinnamon soils,silty clay loam,16.7,40.6,173,8.5,210,135,30,7174.5
W-NWC,WNWC0129,2009,陕西省,Shanxi,8657048,7.84875,14.08,2.938333333,1979.3,639.1,213.9,1147.3,2649.07,v土,Cumulic cinnamon soils,clay loam,9.6,20.8,162,8.6,210,135,60,6727.5
W-NWC,WNWC0130,2008,陕西省,Shanxi,8657030,7.608368201,12.90627615,3.492468619,1946.6,529.6,179.3,1628.4,3209.43,v土,Cumulic cinnamon soils,loam,11.1,30.3,146,8.1,225,105,75,6434
W-NWC,WNWC0131,2008,陕西省,Shanxi,8657030,7.525523013,12.80711297,3.411297071,1926.8,509.8,170.2,1628.5,3200.19,v土,Cumulic cinnamon soils,loam,13.2,28.3,162,8.2,225,105,75,6361.5
W-NWC,WNWC0132,2009,陕西省,Shanxi,8657030,6.559917355,12.0714876,2.435950413,1770.2,516,201.2,1514.6,3092.4,v土,Cumulic cinnamon soils,loam,14.1,24.1,200,8.1,270,90,60,7101.5
W-NWC,WNWC0133,2009,陕西省,Shanxi,8657030,6.635510204,12.17020408,2.498367347,1808.4,524.2,201.2,1545.7,3144.9,v土,Cumulic cinnamon soils,loam,12.7,17.1,145,8.2,270,90,60,7199
W-NWC,WNWC0134,2008,陕西省,Shanxi,8657030,7.479497908,12.75355649,3.366527197,1915.8,498.8,170.2,1623.2,3187.24,v土,Cumulic cinnamon soils,loam,14.7,40.1,156,8,300,105,75,6739.5
W-NWC,WNWC0135,2008,陕西省,Shanxi,8657030,7.547083333,12.82375,3.4325,1939.5,512.5,170.2,1633.9,3211.79,v土,Cumulic cinnamon soils,loam,12.4,35.6,175,8.1,225,105,75,6517
W-NWC,WNWC0136,2008,陕西省,Shanxi,8657030,8.073412698,13.35396825,3.941666667,2162.7,615.7,209.5,1724.9,3423.9,v土,Cumulic cinnamon soils,loam,14.3,21.3,156,8.3,225,105,75,5762.5
W-NWC,WNWC0137,2009,陕西省,Shanxi,8657030,6.27,11.81125,2.175833333,1687.5,453.3,201.9,1510.9,3040.98,v土,Cumulic cinnamon soils,loam,26.8,33.7,214,8.3,270,90,60,6836
W-NWC,WNWC0138,2009,陕西省,Shanxi,8657030,6.414876033,11.9446281,2.308677686,1735.1,480.9,201.2,1513.8,3071.48,v土,Cumulic cinnamon soils,loam,11.3,12.5,211,8.2,310.5,126,90,7222
W-NWC,WNWC0139,2008,陕西省,Shanxi,8657030,7.733609959,13.02614108,3.610373444,1992,555,179.3,1646.8,3253.78,v土,Cumulic cinnamon soils,loam,13.5,17.6,187,8,300,105,75,6581
W-NWC,WNWC0140,2009,陕西省,Shanxi,8657030,6.456198347,11.98305785,2.348347107,1745.1,490.9,201.2,1512.7,3076.24,v土,Cumulic cinnamon soils,loam,13.4,25.4,169,8.2,285,108,67.5,7046
W-NWC,WNWC0141,2009,陕西省,Shanxi,8657030,6.270711297,11.79874477,2.179916318,1681.4,457.2,201.2,1490.8,3018.81,v土,Cumulic cinnamon soils,loam,17.5,24.9,170,8.1,300,108,75,7324
W-NWC,WNWC0142,2008,陕西省,Shanxi,8657030,7.602489627,12.87883817,3.494190871,1960.4,523.4,173.7,1637.1,3224.36,v土,Cumulic cinnamon soils,loam,16.1,15.6,221,8.3,225,105,75,6239
W-NWC,WNWC0143,2008,陕西省,Shanxi,8657030,7.602489627,12.87883817,3.494190871,1960.4,523.4,173.7,1637.1,3224.36,v土,Cumulic cinnamon soils,sandy loam,14.9,23.1,152,8.1,225,105,75,6542
W-NWC,WNWC0144,2009,陕西省,Shanxi,8657030,6.327916667,11.85708333,2.22875,1701.4,467.2,201.2,1498.5,3038.59,v土,Cumulic cinnamon soils,loam,13.7,28.4,153,8,330,108,75,6985
W-NWC,WNWC0145,2009,陕西省,Shanxi,8657030,6.364583333,11.8825,2.263333333,1710.2,476,201.2,1493.7,3037.16,v土,Cumulic cinnamon soils,loam,12.6,15.6,221,8.3,300,126,75,6972.5
W-NWC,WNWC0146,2008,陕西省,Shanxi,8657030,7.733609959,13.02614108,3.610373444,1992,555,179.3,1646.8,3253.78,黄绵土,Cultivated loessial soils,loam,15.3,32.4,131,8,300,105,75,6767.5
W-NWC,WNWC0147,2008,陕西省,Shanxi,8657030,7.658677686,12.94586777,3.548347107,1981.6,534.6,179.3,1645.1,3244.61,黄绵土,Cultivated loessial soils,loam,16.6,28.6,132,8,300,105,75,6898
W-NWC,WNWC0148,2009,陕西省,Shanxi,8657030,6.253974895,11.78242678,2.165271967,1677.4,453.2,201.2,1495.1,3019.17,黄绵土,Cultivated loessial soils,loam,12.9,27.7,192,8.3,285,108,60,6836
W-NWC,WNWC0149,2009,陕西省,Shanxi,8657030,6.111297071,11.60878661,2.066945607,1643.3,419.1,188.3,1483,2978.17,黄绵土,Cultivated loessial soils,loam,16.2,19.6,156,8.1,315,120,75,7312
W-NWC,WNWC0150,2008,陕西省,Shanxi,8657030,7.669583333,12.96416667,3.554166667,1968.9,541.9,179.3,1635.7,3228.57,黄绵土,Cultivated loessial soils,loam,13.2,25.8,187,8.1,225,105,75,6606
W-NWC,WNWC0151,2009,陕西省,Shanxi,8657048,7.713445378,13.93781513,2.823529412,1931.4,611.2,213.9,1131.9,2609.48,新积土,Alluvial?soils,clay loam,11.8,15.1,113,8.2,240,150,105,6819
W-NWC,WNWC0152,2008,陕西省,Shanxi,8657048,8.802057613,15.0654321,3.802057613,2236.6,656.6,223.6,1240.5,2731.74,新积土,Alluvial?soils,silty clay loam,13.1,26.7,141,8.2,255,150,105,7390.5
W-NWC,WNWC0153,2008,陕西省,Shanxi,8657048,8.875510204,15.12938776,3.884081633,2272.2,672.2,224.1,1241.1,2742.5,新积土,Alluvial?soils,clay loam,10.4,19.8,124,8.2,225,135,90,6475.5
W-NWC,WNWC0154,2008,陕西省,Shanxi,8657048,9.006097561,15.28739837,3.984552846,2313.2,703.2,227.3,1259.1,2783.85,潮土,Fluvo-aquic soils,clay loam,13.4,38.9,179,8.3,234,120,90,7282.5
W-NWC,WNWC0155,2009,陕西省,Shanxi,8657048,7.719665272,13.95355649,2.837238494,1940.6,610.4,213.9,1140.5,2619.91,新积土,Alluvial?soils,clay loam,15.6,38.2,135,8.3,247.5,135,120,7402.5
W-NWC,WNWC0156,2009,陕西省,Shanxi,8657048,7.689495798,13.91890756,2.801680672,1925.7,605.5,213.9,1132.4,2605.07,v土,Cumulic cinnamon soils,clay loam,10.7,34.6,103,8.4,270,150,105,7483.5
W-NWC,WNWC0157,2007,陕西省,Shanxi,8657034,8.412184874,14.63823529,3.86512605,2149.8,652,109.4,1148.4,2692.1,黄绵土,Cultivated loessial soils,loam,20.8,76,202,7.9,179.4,59.4,28.8,7845
W-NWC,WNWC0158,2007,陕西省,Shanxi,8657034,8.003862661,14.14077253,3.546781116,2012.6,564.8,108.2,1100.7,2572.43,v土,Cumulic cinnamon soils,loam,14.6,13.3,167,7.7,175.5,181.5,31.5,7560
W-NWC,WNWC0159,2007,陕西省,Shanxi,8657034,8.393333333,14.56583333,3.8875,2162.1,644.3,123.6,1145,2692.74,v土,Cumulic cinnamon soils,loam,19.8,61.8,131,7.8,240,45,60,8188.5
W-NWC,WNWC0160,2007,陕西省,Shanxi,8657034,8.51659751,14.71659751,3.989626556,2200.2,672.4,109.4,1152.6,2715.14,v土,Cumulic cinnamon soils,loam,14.6,38.1,162,7.8,179.4,59.4,28.8,7797
W-NWC,WNWC0161,2007,陕西省,Shanxi,8657034,8.003862661,14.14077253,3.546781116,2012.6,564.8,108.2,1100.7,2572.43,潮土,Fluvo-aquic soils,sandy loam,16.2,19.9,208,7.8,180,60,30,8032.5
W-NWC,WNWC0162,2007,陕西省,Shanxi,8657034,9.05,15.23414634,4.505691057,2374,796.2,141.4,1161.5,2794.74,v土,Cumulic cinnamon soils,loam,7.1,16.3,116,7.9,240,45,60,8362.5
W-NWC,WNWC0163,2008,陕西省,Shanxi,8657034,8.790638298,14.8187234,4.352340426,2142.8,602,201.9,1101.8,2556.76,v土,Cumulic cinnamon soils,loam,18.9,27.4,148,7.7,150,90,30,6436.5
W-NWC,WNWC0164,2008,陕西省,Shanxi,8657034,8.545833333,14.77208333,4.000833333,2198.7,680.9,112.4,1154.9,2717.45,v土,Cumulic cinnamon soils,loam,19.1,24.1,103,7.7,150,90,30,8011.5
W-NWC,WNWC0165,2008,陕西省,Shanxi,8657034,8.404149378,14.55767635,3.914107884,2173.1,645.3,132.3,1145,2697.48,v土,Cumulic cinnamon soils,loam,17.1,31.8,168,7.8,150,90,30,6877.5
W-NWC,WNWC0166,2008,陕西省,Shanxi,8657034,8.868220339,14.91864407,4.405084746,2169.9,619.1,201.9,1113.9,2583.58,v土,Cumulic cinnamon soils,loam,17.2,11.9,195,7.8,180,120,30,6240
W-NWC,WNWC0167,2009,陕西省,Shanxi,8657034,8.091139241,14.19113924,3.659915612,1992.3,636.7,222.7,1087,2573.29,v土,Cumulic cinnamon soils,loam,19.3,77.9,143,7.7,225,135,90,4803
W-NWC,WNWC0168,2009,陕西省,Shanxi,8657034,8.076890756,14.18235294,3.655462185,1997,631.4,222.7,1089.4,2573.73,v土,Cumulic cinnamon soils,sandy loam,19,39.7,150,7.8,225,135,90,7321.5
W-NWC,WNWC0169,2009,陕西省,Shanxi,8657034,7.905531915,13.99914894,3.505531915,1932.5,596.9,222.7,1074.2,2526.98,黄绵土,Cultivated loessial soils,loam,13.6,34.9,136,8.3,225,135,90,6559.5
W-NWC,WNWC0170,2006,陕西省,Shanxi,8657034,9.912653061,16.34693878,5.236326531,2451.8,839.3,167.7,1141.2,2706.84,v土,Cumulic cinnamon soils,silty clay loam,10.5,43,81,7.7,191.25,72,22.5,5326
W-NWC,WNWC0171,2006,陕西省,Shanxi,8657034,9.453846154,15.8508547,4.790598291,2235.4,732.9,167.7,1092.1,2583.51,v土,Cumulic cinnamon soils,loam,11.3,42.8,104,7.7,162,120,27,5467.5
W-NWC,WNWC0172,2006,陕西省,Shanxi,8657034,9.837142857,16.25510204,5.184081633,2433.3,820.8,167.7,1135,2691.99,v土,Cumulic cinnamon soils,silty clay loam,10.3,20.6,112,7.8,259.5,48,22.5,6457
W-NWC,WNWC0173,2006,陕西省,Shanxi,8657034,9.661702128,16.08723404,4.971489362,2293.7,781.2,142.5,1091.8,2605.01,v土,Cumulic cinnamon soils,loam,7.5,37,148,8,210,72,27,6574
W-NWC,WNWC0174,2006,陕西省,Shanxi,8657034,10.07983871,16.50241935,5.417741935,2523,880.5,168.3,1142.5,2731.31,v土,Cumulic cinnamon soils,silty clay loam,15.7,18.9,207,7.7,220.5,90,27,7095
W-NWC,WNWC0175,2006,陕西省,Shanxi,8657034,10.11285141,16.52891566,5.455421687,2541.3,888.8,168.3,1142.5,2736.28,v土,Cumulic cinnamon soils,loam,12,17,123,7.6,162,129,19.5,8644.5
W-NWC,WNWC0176,2007,陕西省,Shanxi,8657034,8.066666667,14.24675325,3.547186147,2011.1,583.3,108.2,1104.6,2581.2,v土,Cumulic cinnamon soils,clay,12,26.1,169,7.8,180,96,22.5,6958.5
W-NWC,WNWC0177,2007,陕西省,Shanxi,8657034,8.203862661,14.40772532,3.64248927,2059.2,611.4,108.2,1125.6,2629.72,v土,Cumulic cinnamon soils,clay,13.3,25.6,229,8,180,96,22.5,7563.5
W-NWC,WNWC0178,2007,陕西省,Shanxi,8657034,8.182758621,14.37974138,3.626724138,2046.1,608.3,108.2,1117.4,2615,v土,Cumulic cinnamon soils,clay,13.2,28.2,293,7.9,180,96,22.5,8236.5
W-NWC,WNWC0179,2007,陕西省,Shanxi,8657034,7.943043478,14.09826087,3.46173913,1974.6,556.8,108.2,1091.4,2546.84,v土,Cumulic cinnamon soils,clay,11.3,27.2,219,7.7,180,96,22.5,6802.5
W-NWC,WNWC0180,2007,陕西省,Shanxi,8657034,7.994782609,14.16043478,3.496086957,1986.5,568.7,108.2,1093.8,2556.47,v土,Cumulic cinnamon soils,clay,8.6,21.7,138,7.9,180,96,22.5,6894
W-NWC,WNWC0181,2007,陕西省,Shanxi,8657034,7.97753304,14.13039648,3.462555066,1958.6,570.8,108.2,1078.3,2530.89,v土,Cumulic cinnamon soils,clay,8.4,20,190,7.6,180,96,22.5,6700.5
W-NWC,WNWC0182,2007,陕西省,Shanxi,8657034,7.923580786,14.07074236,3.447598253,1962.2,554.4,108.2,1083.1,2531.9,v土,Cumulic cinnamon soils,clay,12.8,19.2,276,7.6,180,97.5,21,6831
W-NWC,WNWC0183,2007,陕西省,Shanxi,8657034,7.937280702,14.09561404,3.437280702,1957.4,559.6,108.2,1081.5,2532.2,v土,Cumulic cinnamon soils,clay,12.7,34.8,193,7.7,180,97.5,21,6913.5
W-NWC,WNWC0184,2007,陕西省,Shanxi,8657034,7.994782609,14.16043478,3.496086957,1986.5,568.7,108.2,1093.8,2556.47,v土,Cumulic cinnamon soils,clay,13.6,31.9,132,8,180,97.5,21,6463.5
W-NWC,WNWC0185,2007,陕西省,Shanxi,8657034,8.077391304,14.26130435,3.534347826,2005.5,587.7,108.2,1104,2583.11,v土,Cumulic cinnamon soils,clay,12.5,22.5,180,8,180,97.5,21,6763.5
W-NWC,WNWC0186,2008,陕西省,Shanxi,8657034,9.188842975,15.2446281,4.721900826,2300.7,689.9,234.8,1143.2,2672.06,v土,Cumulic cinnamon soils,clay,16.1,54.2,239,7.9,207,96,60,6748.5
W-NWC,WNWC0187,2008,陕西省,Shanxi,8657034,9.064166667,15.12583333,4.607083333,2252.4,661.6,234.8,1133.1,2640.96,v土,Cumulic cinnamon soils,clay,17.5,35.2,134,7.8,207,96,60,8488.5
W-NWC,WNWC0188,2008,陕西省,Shanxi,8657034,9.064166667,15.12583333,4.607083333,2252.4,661.6,234.8,1133.1,2640.96,v土,Cumulic cinnamon soils,clay,17.3,55.6,143,8,207,96,60,9367.5
W-NWC,WNWC0189,2008,陕西省,Shanxi,8657034,9.208230453,15.25349794,4.754320988,2314.6,693.8,234.8,1143.2,2676.76,v土,Cumulic cinnamon soils,clay,16.7,46.9,204,7.7,207,96,60,9426
W-NWC,WNWC0190,2008,陕西省,Shanxi,8657034,9.284489796,15.31020408,4.839183673,2351.7,710.9,234.8,1143.2,2688.97,v土,Cumulic cinnamon soils,clay,12.8,19.2,276,7.9,207,96,60,9415.5
W-NWC,WNWC0191,2008,陕西省,Shanxi,8657034,9.084232365,15.13526971,4.640248963,2266.3,665.5,234.8,1133.1,2645.66,v土,Cumulic cinnamon soils,clay,12.5,22.5,108,7.8,207,96,60,8475
W-NWC,WNWC0192,2008,陕西省,Shanxi,8657034,9.188842975,15.2446281,4.721900826,2300.7,689.9,234.8,1143.2,2672.06,v土,Cumulic cinnamon soils,clay,11.3,27.2,122,7.9,207,96,60,7263
W-NWC,WNWC0193,2008,陕西省,Shanxi,8657034,9.430737705,15.48729508,4.895081967,2378.1,747.3,234.8,1171,2740.49,v土,Cumulic cinnamon soils,clay,18.9,19.2,276,8,207,96,60,7263
W-NWC,WNWC0194,2008,陕西省,Shanxi,8657034,9.127615063,15.14979079,4.676569038,2258.5,677.7,234.8,1125.8,2636.2,v土,Cumulic cinnamon soils,clay,17.6,36.5,283,7.8,207,96,60,8284.5
W-NWC,WNWC0195,2009,陕西省,Shanxi,8657034,8.496414343,14.5501992,4.112749004,2207.3,711.7,243.6,1151.2,2725.54,v土,Cumulic cinnamon soils,loam,15,43.4,198,7.8,225,91.5,75,7758
W-NWC,WNWC0196,2009,陕西省,Shanxi,8657034,8.419521912,14.46055777,4.059760956,2188,692.4,245.8,1137.6,2696.55,v土,Cumulic cinnamon soils,loam,13.6,38.2,183,7.8,225,91.5,75,7647
W-NWC,WNWC0197,2009,陕西省,Shanxi,8657034,8.486956522,14.54545455,4.127272727,2221.9,706.3,245.8,1151.1,2721.16,v土,Cumulic cinnamon soils,loam,16.7,50.7,185,7.9,225,96,75,7243.5
W-NWC,WNWC0198,2008,陕西省,Shanxi,8657038,8.693562232,14.76180258,4.082403433,2092.8,585,212.2,1207.2,2658.51,v土,Cumulic cinnamon soils,clay loam,17,20.3,283,8.2,186,117,84,7575
W-NWC,WNWC0199,2008,陕西省,Shanxi,8657038,8.506113537,14.52532751,3.951528384,2015.1,547.3,212.2,1178.1,2590.17,v土,Cumulic cinnamon soils,clay loam,15.2,9.5,97,8.1,186,117,84,6795
W-NWC,WNWC0200,2008,陕西省,Shanxi,8657038,8.736170213,14.82723404,4.11106383,2120.2,592.4,212.2,1215.9,2678.79,v土,Cumulic cinnamon soils,clay loam,17.4,14.3,149,7.8,186,117,84,6735
W-NWC,WNWC0201,2008,陕西省,Shanxi,8657038,8.443421053,14.45,3.903508772,1992.3,534.5,212.2,1169,2568.19,v土,Cumulic cinnamon soils,loam,19.3,13.9,127,8.1,186,117,84,6540
W-NWC,WNWC0202,2008,陕西省,Shanxi,8657038,8.623706897,14.67068966,4.043965517,2067.9,570.1,212.2,1196.3,2633.63,v土,Cumulic cinnamon soils,clay loam,22.7,15.4,84,8.2,186,117,84,6660
W-NWC,WNWC0203,2008,陕西省,Shanxi,8657038,8.573478261,14.61608696,3.999565217,2039.1,561.3,212.2,1189.8,2616.33,v土,Cumulic cinnamon soils,clay loam,16.4,49.4,120,8.2,186,117,84,7110
W-NWC,WNWC0204,2008,陕西省,Shanxi,8657038,8.735622318,14.80729614,4.112017167,2102.6,594.8,212.2,1212,2671.28,v土,Cumulic cinnamon soils,clay loam,17.6,11.4,129,8.2,186,117,84,5895
W-NWC,WNWC0205,2008,陕西省,Shanxi,8657038,8.601287554,14.64849785,4.026180258,2071.3,563.5,212.2,1193.3,2627.75,v土,Cumulic cinnamon soils,clay loam,22,11.9,317,8.3,186,117,84,6060
W-NWC,WNWC0206,2008,陕西省,Shanxi,8657038,8.644155844,14.70822511,4.038528139,2064,576.2,212.2,1200.7,2641.21,v土,Cumulic cinnamon soils,clay loam,15.8,14.5,106,7.9,186,117,84,6645
W-NWC,WNWC0207,2008,陕西省,Shanxi,8657038,8.573478261,14.61608696,3.999565217,2039.1,561.3,212.2,1189.8,2616.33,v土,Cumulic cinnamon soils,clay loam,15.3,43.5,104,8.1,186,117,84,8310
W-NWC,WNWC0208,2009,陕西省,Shanxi,8657038,8.075847458,14.17711864,3.577542373,1969.2,621.4,232.1,1117.8,2555.84,v土,Cumulic cinnamon soils,clay loam,11.8,6.7,68,8.1,117,84,21,6600
W-NWC,WNWC0209,2009,陕西省,Shanxi,8657038,8.194979079,14.29414226,3.687447699,2021.9,644.1,232.9,1127.5,2588.62,v土,Cumulic cinnamon soils,clay loam,22.8,8.6,186,7.8,117,84,21,7474.5
W-NWC,WNWC0210,2009,陕西省,Shanxi,8657038,8.474285714,14.58897959,3.947755102,2139.5,701.7,234.7,1155.6,2666.5,v土,Cumulic cinnamon soils,clay loam,15.8,18.9,328,7.8,117,84,21,8490
W-NWC,WNWC0211,2009,陕西省,Shanxi,8657038,9.425461255,15.4704797,4.966420664,2617.6,919.8,282.7,1247.8,2928.98,v土,Cumulic cinnamon soils,clay loam,17,52.4,386,8.2,117,84,21,7170
W-NWC,WNWC0212,2009,陕西省,Shanxi,8657038,8.550819672,14.68770492,3.980327869,2149.7,721.9,232.9,1163.3,2683.33,v土,Cumulic cinnamon soils,clay loam,18.5,51.4,337,7.3,117,84,21,7438.5
W-NWC,WNWC0213,2009,陕西省,Shanxi,8657038,8.11059322,14.1720339,3.630084746,1977.4,629.6,232.9,1103.1,2544.47,v土,Cumulic cinnamon soils,clay loam,20.5,39.3,204,8.5,117,84,21,7215
W-NWC,WNWC0214,2009,陕西省,Shanxi,8657038,8.352066116,14.46404959,3.828099174,2084.5,676.7,232.9,1140.3,2627.34,v土,Cumulic cinnamon soils,clay loam,18.3,50.7,353,7.4,117,84,21,8700
W-NWC,WNWC0215,2009,陕西省,Shanxi,8657038,8.523868313,14.65390947,3.96255144,2134.6,716.8,232.9,1156.7,2670.44,v土,Cumulic cinnamon soils,clay loam,20.5,49,365,8.5,117,84,21,6225
W-NWC,WNWC0216,2009,陕西省,Shanxi,8657038,8.363900415,14.47053942,3.834024896,2079,681.2,232.9,1138.4,2626.18,v土,Cumulic cinnamon soils,clay loam,16.3,20,323,7.4,117,84,21,5595
W-NWC,WNWC0217,2009,陕西省,Shanxi,8657029,7.983682008,13.26443515,3.616736402,2019.5,640.1,222.3,1314.6,2833.42,v土,Cumulic cinnamon soils,clay,12.4,34.7,185,8.2,210,180,120,5224.5
W-NWC,WNWC0218,2009,陕西省,Shanxi,8657029,7.828813559,14.44788136,2.956779661,1928.1,590.4,195.6,1329.8,2775.85,v土,Cumulic cinnamon soils,loam,10.4,29.5,218,8,210,180,120,5346
W-NWC,WNWC0219,2009,陕西省,Shanxi,8657029,7.923829787,14.44170213,3.1,1942.6,614.9,217,1280.9,2726.38,v土,Cumulic cinnamon soils,loam,10.4,29.5,218,8,210,180,120,6676
W-NWC,WNWC0220,2009,陕西省,Shanxi,8657029,8.070416667,14.64083333,3.212916667,2017.4,639.7,217,1326.4,2810.84,v土,Cumulic cinnamon soils,loam,11.4,30.2,198,8.1,210,180,120,4437
W-NWC,WNWC0221,2009,陕西省,Shanxi,8657029,7.983682008,13.26443515,3.616736402,2019.5,640.1,222.3,1314.6,2833.42,v土,Cumulic cinnamon soils,loam,13.1,34.5,300,8.2,210,180,120,6309
W-NWC,WNWC0222,2009,陕西省,Shanxi,8657029,7.7472103,14.3639485,2.86695279,1885.6,577.9,195,1304.6,2730.02,v土,Cumulic cinnamon soils,loam,9.4,19.2,160,7.9,210,120,180,4884
W-NWC,WNWC0223,2009,陕西省,Shanxi,8657029,8.163934426,14.68360656,3.347131148,2072.5,654.8,220.3,1341.6,2848.92,v土,Cumulic cinnamon soils,loam,14.8,48.1,157,8.5,210,180,120,4845
W-NWC,WNWC0224,2009,陕西省,Shanxi,8657029,7.844117647,14.39243697,3.034033613,1947.4,589.7,200.5,1318.8,2765.06,v土,Cumulic cinnamon soils,loam,14.3,42.1,240,7.9,210,180,120,5526
W-NWC,WNWC0225,2007,陕西省,Shanxi,8657035,7.760176991,13.59778761,3.242035398,1930.5,569.6,132,1325.837,2823.36,v土,Cumulic cinnamon soils,clay,12.8,30.7,136,7.9,180,150,75,5937.8
W-NWC,WNWC0226,2007,陕西省,Shanxi,8657035,7.887719298,13.74210526,3.364912281,1975.1,594.2,132.6,1335.437,2853.62,v土,Cumulic cinnamon soils,clay,15.1,34.2,130,8.3,180,150,75,6649.5
W-NWC,WNWC0227,2008,陕西省,Shanxi,8657035,8.416071429,14.37008929,3.841517857,1980.6,573.4,136.1,1295.5,2724.51,v土,Cumulic cinnamon soils,clay,13.5,38.3,194,8.4,180,150,75,5938.5
W-NWC,WNWC0228,2008,陕西省,Shanxi,8657035,8.238914027,14.15656109,3.714932127,1916.2,539,136.1,1266.6,2661.16,v土,Cumulic cinnamon soils,clay,13.5,73.3,215,7.9,180,150,75,6004.5
W-NWC,WNWC0229,2009,陕西省,Shanxi,8657035,7.808641975,13.78683128,3.494650206,1999.2,620.4,191.1,1349.3,2857.33,v土,Cumulic cinnamon soils,clay,24.8,34.7,186,8.1,180,120,120,8085
W-NWC,WNWC0230,2009,陕西省,Shanxi,8657035,7.735146444,13.76359833,3.378242678,1950.4,611.6,187.4,1338.4,2830.09,v土,Cumulic cinnamon soils,clay,14.6,26.7,267,7.8,210,135,105,7791.8
W-NWC,WNWC0231,2009,陕西省,Shanxi,8657035,7.848979592,13.78734694,3.557142857,2024.7,625.9,194.3,1350.4,2863.26,v土,Cumulic cinnamon soils,clay,24.9,43.6,298,8.3,180,120,120,6301.5
W-NWC,WNWC0232,2009,陕西省,Shanxi,8657035,7.787966805,13.82240664,3.428630705,1978.6,619.8,187.4,1356.5,2862.19,v土,Cumulic cinnamon soils,clay,13.8,16.8,186,8,180,120,60,6954
W-NWC,WNWC0233,2009,陕西省,Shanxi,8657035,7.735146444,13.76359833,3.378242678,1950.4,611.6,187.4,1338.4,2830.09,v土,Cumulic cinnamon soils,clay,16,18.5,291,7.8,210,135,105,7687.5
W-NWC,WNWC0234,2007,陕西省,Shanxi,8657035,7.712053571,13.55178571,3.197767857,1904.2,563.3,131,1313.337,2799.98,v土,Cumulic cinnamon soils,clay,13.7,27.1,226,8.2,180,150,75,6096
W-NWC,WNWC0235,2007,陕西省,Shanxi,8657035,7.745814978,13.59251101,3.233039648,1935,564.1,132,1330.237,2824.88,黄褐土,Yellow-cinnamon soils,clay,13.2,30.8,134,7.9,180,150,75,5977.5
W-NWC,WNWC0236,2007,陕西省,Shanxi,8657035,8.631274131,14.26177606,4.274517375,2412.2,726.2,183.9,1450.037,3151.47,黄褐土,Yellow-cinnamon soils,clay,8.1,21.6,138,7.9,180,150,75,6286.5
W-NWC,WNWC0237,2007,陕西省,Shanxi,8657035,7.724336283,13.56106195,3.212389381,1922.4,561.5,132,1321.637,2810.13,黄褐土,Yellow-cinnamon soils,silty clay loam,12.7,23.8,100,8,180,150,75,5939.3
W-NWC,WNWC0238,2007,陕西省,Shanxi,8657035,7.785333333,13.63422222,3.252,1928.4,577.5,131,1322.937,2822.79,v土,Cumulic cinnamon soils,clay,11.3,25.3,97,7.9,180,150,75,7519.5
W-NWC,WNWC0239,2008,陕西省,Shanxi,8657035,9.585606061,15.33825758,5.192045455,2626,821.4,250.9,1423.5,3104.93,黄褐土,Yellow-cinnamon soils,clay,9.7,28.4,94,8.2,180,150,75,5892
W-NWC,WNWC0240,2008,陕西省,Shanxi,8657035,8.238914027,14.15656109,3.714932127,1916.2,539,136.1,1266.6,2661.16,v土,Cumulic cinnamon soils,clay,12.6,28.3,192,8.2,180,150,75,6406.5
W-NWC,WNWC0241,2008,陕西省,Shanxi,8657035,8.238914027,14.15656109,3.714932127,1916.2,539,136.1,1266.6,2661.16,v土,Cumulic cinnamon soils,clay,13.5,35.2,134,7.9,180,150,75,5986.5
W-NWC,WNWC0242,2007,陕西省,Shanxi,8657035,7.734222222,13.57822222,3.217777778,1916.9,566,131.8,1323.337,2816.11,v土,Cumulic cinnamon soils,clay,9.2,20.5,119,7.9,180,150,75,5931
W-NWC,WNWC0243,2007,陕西省,Shanxi,8657035,7.691928251,13.53318386,3.175784753,1892,561.1,131,1307.837,2789.28,v土,Cumulic cinnamon soils,clay,8,13.4,120,7.9,180,150,75,6084.8
W-NWC,WNWC0244,2007,陕西省,Shanxi,8657035,7.724336283,13.56106195,3.212389381,1922.4,561.5,132,1321.637,2810.13,v土,Cumulic cinnamon soils,clay,11,55.1,98,8,180,150,75,6087
W-NWC,WNWC0245,2007,陕西省,Shanxi,8657033,8.513278008,14.37551867,3.627385892,2202.7,663.4,163.2,1348.4,2904.85,灌淤土,Irrigating warped soils,silty clay loam,13.8,23.4,193,8,150,90,60,9280.5
W-NWC,WNWC0246,2007,陕西省,Shanxi,8657033,8.67966805,14.61742739,3.753941909,2242.8,702.6,152.1,1360.3,2931.88,灌淤土,Irrigating warped soils,silty clay loam,14.3,28.8,200,8,195,90,75,6976.5
W-NWC,WNWC0247,2007,陕西省,Shanxi,8657033,8.557201646,14.37489712,3.7218107,2230.4,671.1,166.4,1336.6,2893.26,灌淤土,Irrigating warped soils,sandy loam,15.8,24.6,200,8.1,165,90,75,7702.5
W-NWC,WNWC0248,2009,陕西省,Shanxi,8657033,8.405761317,14.31399177,3.861728395,2114.8,685,202.3,1251.2,2739.39,灌淤土,Irrigating warped soils,sandy loam,15.3,27.8,230,8.2,180,90,67.5,6880.5
W-NWC,WNWC0249,2009,陕西省,Shanxi,8657033,8.355785124,14.2785124,3.802066116,2094.3,674.5,199.7,1251.2,2729.26,黄绵土,Cultivated loessial soils,sandy loam,11.8,23.9,210,8.2,180,105,75,6546
W-NWC,WNWC0250,2007,陕西省,Shanxi,8657033,8.602459016,14.41311475,3.777868852,2250,680.7,166.4,1339.3,2901.83,灌淤土,Irrigating warped soils,silty clay loam,15.6,19.6,178,8,210,112.5,75,9096
W-NWC,WNWC0251,2007,陕西省,Shanxi,8657033,8.580497925,14.46639004,3.668049793,2218.9,679.3,162.6,1356.4,2920.27,灌淤土,Irrigating warped soils,silty clay loam,11.8,39.7,180,8,195,105,90,7458
W-NWC,WNWC0252,2009,陕西省,Shanxi,8657033,8.506910569,14.38536585,3.981707317,2164.9,705.1,204.8,1261.4,2772.79,灌淤土,Irrigating warped soils,silty clay loam,14.3,29.6,200,8,180,90,90,6805.5
W-NWC,WNWC0253,2007,陕西省,Shanxi,8657033,8.826938776,14.73673469,3.911020408,2313.6,734,163,1370.1,2972.03,灌淤土,Irrigating warped soils,silty clay loam,14.8,20.6,151,8,165,105,82.5,9177
W-NWC,WNWC0254,2007,陕西省,Shanxi,8657033,8.688065844,14.58477366,3.794650206,2262.2,702.6,163,1360.3,2941.42,灌淤土,Irrigating warped soils,sandy loam,16.6,36.3,200,8.1,195,105,90,8080.5
W-NWC,WNWC0255,2007,陕西省,Shanxi,8657033,8.580497925,14.46639004,3.668049793,2218.9,679.3,162.6,1356.4,2920.27,灌淤土,Irrigating warped soils,sandy loam,13.5,49.2,200,8,180,105,82.5,7174.5
W-NWC,WNWC0256,2009,陕西省,Shanxi,8657033,8.31875,14.27875,3.734583333,2068.7,668.9,199.3,1251.2,2722.47,灌淤土,Irrigating warped soils,sandy loam,15.9,48.6,230,8.1,165,75,75,5103
W-NWC,WNWC0257,2007,陕西省,Shanxi,8657033,8.794331984,14.64291498,3.946558704,2323.2,723.9,166.8,1360.3,2960.98,黑垆土,Dark loessial soils,silt loam,10.9,17.3,158,8,195,105,82.5,9483
W-NWC,WNWC0258,2007,陕西省,Shanxi,8657033,8.794331984,14.64291498,3.946558704,2323.2,723.9,166.8,1360.3,2960.98,黄绵土,Cultivated loessial soils,silty clay loam,14.2,20.1,187,8.2,180,105,75,9430.5
W-NWC,WNWC0259,2007,陕西省,Shanxi,8657033,8.602459016,14.41311475,3.777868852,2250,680.7,166.4,1339.3,2901.83,黄绵土,Cultivated loessial soils,clay loam,11.3,19.3,169,8,210,105,75,7665
W-NWC,WNWC0260,2007,陕西省,Shanxi,8657033,8.513278008,14.37551867,3.627385892,2202.7,663.4,163.2,1348.4,2904.85,灌淤土,Irrigating warped soils,silty clay loam,11.4,14.3,130,8,195,90,90,7995
W-NWC,WNWC0261,2007,陕西省,Shanxi,8657033,8.57625,14.48416667,3.645833333,2209.3,679.3,162.3,1356.4,2915.48,灌淤土,Irrigating warped soils,sandy loam,12.1,32.8,230,8.1,180,105,82.5,7548
W-NWC,WNWC0262,2007,陕西省,Shanxi,8657033,8.57625,14.48416667,3.645833333,2209.3,679.3,162.3,1356.4,2915.48,灌淤土,Irrigating warped soils,sandy loam,13.5,71.2,280,8,195,105,75,7702.5
W-NWC,WNWC0263,2009,陕西省,Shanxi,8657033,8.274273859,14.18257261,3.736099585,2066.3,656.5,185.6,1244.9,2709.11,黄绵土,Cultivated loessial soils,silty clay loam,13.6,18.7,210,8.1,210,105,75,5521.5
W-NWC,WNWC0264,2007,陕西省,Shanxi,8657033,8.548523207,14.51223629,3.571308017,2177,676.8,127,1355.6,2900.33,灌淤土,Irrigating warped soils,silty clay loam,12.7,31.3,170,8,195,75,97.5,7152
W-NWC,WNWC0265,2007,陕西省,Shanxi,8657033,8.509090909,14.33347107,3.66322314,2210.2,660.9,166.4,1336.6,2888.31,黄绵土,Cultivated loessial soils,clay,12.4,21.7,185,7.9,180,105,75,7777.5
W-NWC,WNWC0266,2007,陕西省,Shanxi,8657033,8.560084034,14.50630252,3.599159664,2188.3,678.1,140.2,1356.4,2906.02,灌淤土,Irrigating warped soils,silty clay loam,10.5,25.7,200,8,180,90,90,6600
W-NWC,WNWC0267,2007,陕西省,Shanxi,8657033,8.688065844,14.58477366,3.794650206,2262.2,702.6,163,1360.3,2941.42,黄绵土,Cultivated loessial soils,silt loam,12.6,21.4,191,8,180,105,67.5,7692
W-NWC,WNWC0268,2009,陕西省,Shanxi,8657041,7.890748899,13.94405286,3.3969163,1871,605.1,169.7,1157.9,2535.29,灌淤土,Irrigating warped soils,clay loam,10.8,30.2,162,7.8,225,120,90,6846
W-NWC,WNWC0269,2007,陕西省,Shanxi,8657041,8.439207048,14.45770925,3.727312775,2058.6,647.2,120.6,1485.1,3013.6,灌淤土,Irrigating warped soils,clay loam,13.5,37.5,153,8.1,195,120,90,7869
W-NWC,WNWC0270,2008,陕西省,Shanxi,8657041,8.896444444,15.11111111,4.264444444,2087.7,621.3,208.4,1315.3,2707.89,灌淤土,Irrigating warped soils,clay loam,14.6,32.7,108,8,225,120,90,7210.5
W-NWC,WNWC0271,2009,陕西省,Shanxi,8657041,7.732286996,13.73273543,3.279820628,1804.1,578.2,169.7,1134.3,2485.07,灌淤土,Irrigating warped soils,clay loam,10,26.1,150,7.9,225,120,90,8634
W-NWC,WNWC0272,2007,陕西省,Shanxi,8657041,8.146902655,14.17876106,3.473893805,1984.1,582.7,119.4,1481.9,2968.78,v土,Cumulic cinnamon soils,clay loam,11.8,31.2,107,8,165,90,75,6487.5
W-NWC,WNWC0273,2008,陕西省,Shanxi,8657041,8.784070796,14.92389381,4.225221239,2071.2,594.8,215.2,1296.7,2660.03,v土,Cumulic cinnamon soils,silty clay loam,11.5,32.4,109,8.1,180,90,75,6580.5
W-NWC,WNWC0274,2007,陕西省,Shanxi,8657041,8.180888889,14.19911111,3.507111111,1983.6,592.2,119.4,1471.3,2957.28,v土,Cumulic cinnamon soils,silty clay loam,12.7,30.6,138,8.1,165,90,75,6649.5
W-NWC,WNWC0275,2007,陕西省,Shanxi,8657041,8.155803571,14.16071429,3.491071429,1969.8,588.4,119.4,1461.6,2940.8,v土,Cumulic cinnamon soils,silty clay loam,9.7,23.7,107,8.1,165,90,75,6379.5
W-NWC,WNWC0276,2008,陕西省,Shanxi,8657041,8.723660714,14.86517857,4.170535714,2040.1,583.7,215.2,1287,2639.04,v土,Cumulic cinnamon soils,silty clay loam,12.7,30.6,138,8,180,90,75,6763.5
W-NWC,WNWC0277,2007,陕西省,Shanxi,8657041,8.513596491,14.54385965,3.779824561,2084,662.6,120.6,1497.7,3041.18,灌淤土,Irrigating warped soils,clay loam,13.7,37.5,151,8,195,120,90,7482
W-NWC,WNWC0278,2007,陕西省,Shanxi,8657041,8.583406114,14.62052402,3.830567686,2108.5,677.1,120.6,1510.2,3068.61,灌淤土,Irrigating warped soils,clay loam,14.5,42.3,139,8.1,195,120,90,7348.5
W-NWC,WNWC0279,2008,陕西省,Shanxi,8657041,8.968584071,15.20309735,4.313716814,2112.9,636.5,208.4,1324.1,2729.39,灌淤土,Irrigating warped soils,clay loam,12.7,37.2,115,8,195,120,90,7017
W-NWC,WNWC0280,2009,陕西省,Shanxi,8657041,7.846696035,13.90572687,3.355947137,1861,595.1,169.7,1163.5,2537.87,v土,Cumulic cinnamon soils,loam,11.5,25.9,160,8.1,195,90,105,8302.5
W-NWC,WNWC0281,2007,陕西省,Shanxi,8657041,8.439207048,14.45770925,3.727312775,2058.6,647.2,120.6,1485.1,3013.6,灌淤土,Irrigating warped soils,clay loam,13.7,48.7,157,8.1,195,120,90,7579.5
W-NWC,WNWC0282,2007,陕西省,Shanxi,8657041,8.471238938,14.48495575,3.746017699,2057.4,656,120.6,1482.2,3013.71,灌淤土,Irrigating warped soils,clay,13.1,36.8,217,8,195,120,90,7606.5
W-NWC,WNWC0283,2008,陕西省,Shanxi,8657041,8.686547085,14.82914798,4.134977578,2023.1,576.7,213.8,1282.3,2628.82,v土,Cumulic cinnamon soils,silty clay loam,9.7,27.5,139,8,180,90,75,6280.5
W-NWC,WNWC0284,2008,陕西省,Shanxi,8657041,8.936888889,15.18933333,4.266222222,2096.8,630.4,208.4,1324.1,2725.11,灌淤土,Irrigating warped soils,clay loam,13.1,41.2,167,8,195,105,90,8248.5
W-NWC,WNWC0285,2008,陕西省,Shanxi,8657041,8.918303571,15.18482143,4.241517857,2083.7,627.3,194.2,1320.6,2716.68,灌淤土,Irrigating warped soils,clay loam,12.1,40.7,151,8,225,120,90,8682
W-NWC,WNWC0286,2009,陕西省,Shanxi,8657041,7.596888889,13.74266667,3.034666667,1789.1,543.2,148.2,1188.7,2526.98,v土,Cumulic cinnamon soils,loam,12.5,31,153,8,180,90,75,6561
W-NWC,WNWC0287,2008,陕西省,Shanxi,8657041,8.923451327,15.12212389,4.304424779,2102.7,626.3,209,1315.3,2712.21,灌淤土,Irrigating warped soils,clay loam,12.7,36.5,126,8.1,225,120,90,7927.5
W-NWC,WNWC0288,2009,陕西省,Shanxi,8657041,8.034210526,14.06184211,3.53245614,1911.6,635.7,169.7,1158.1,2553.53,灌淤土,Irrigating warped soils,loam,12.4,23.6,170,7.8,225,120,90,7267.5
W-NWC,WNWC0289,2007,陕西省,Shanxi,8657041,8.396,14.39777778,3.692888889,2032,640.6,120.6,1469.6,2986.13,灌淤土,Irrigating warped soils,clay loam,14.1,38.5,129,8,195,120,90,7920
W-NWC,WNWC0290,2008,陕西省,Shanxi,8657041,9.094273128,15.37400881,4.380176211,2150.4,664,208.4,1346.4,2775.65,灌淤土,Irrigating warped soils,clay loam,13.7,27.8,141,8.1,195,120,90,7213.5
W-NWC,WNWC0291,2007,陕西省,Shanxi,8657041,8.396,14.39777778,3.692888889,2032,640.6,120.6,1469.6,2986.13,灌淤土,Irrigating warped soils,clay loam,12.6,46.7,135,8.1,195,120,90,8086.5
W-NWC,WNWC0292,2008,陕西省,Shanxi,8657041,9.012831858,15.27212389,4.324336283,2122.9,646.5,208.4,1335.3,2750.46,灌淤土,Irrigating warped soils,clay loam,10.9,32.5,142,8.1,225,120,90,6789
W-NWC,WNWC0293,2007,陕西省,Shanxi,8657045,9.009954751,14.93846154,3.947511312,2111.6,725.9,175,1358.7,2884.17,黑垆土,Dark loessial soils,silty clay loam,11.2,11.9,143,7.8,180,105,60,7100
W-NWC,WNWC0294,2008,陕西省,Shanxi,8657045,9.363478261,15.74173913,4.25826087,2230.1,690.1,252.3,1424.2,2907.2,黑垆土,Dark loessial soils,silty clay loam,12.9,9.3,169,7.8,180,60,45,4969.5
W-NWC,WNWC0295,2008,陕西省,Shanxi,8657045,9.490128755,15.90042918,4.353218884,2287.7,717.7,252.3,1445.9,2954.5,黄绵土,Cultivated loessial soils,silt loam,16.3,20.6,142,7.8,180,105,60,6076.5
W-NWC,WNWC0296,2007,陕西省,Shanxi,8657045,8.836444444,14.72088889,3.832888889,2108.6,684.8,173.5,1372.9,2883.65,黄绵土,Cultivated loessial soils,sandy loam,11.5,21.7,190,7.9,180,105,60,5700
W-NWC,WNWC0297,2008,陕西省,Shanxi,8657045,9.643829787,16.08851064,4.463404255,2342.8,752.8,252.3,1470.8,3009.21,黄绵土,Cultivated loessial soils,silt loam,11.4,18.2,172,7.8,180,105,60,5876.5
W-NWC,WNWC0298,2008,陕西省,Shanxi,8657045,9.894285714,16.31510204,4.766122449,2500.6,810.6,283.1,1517.3,3117.04,黑垆土,Dark loessial soils,silty clay loam,18,17.6,188,7.9,180,105,60,6982.5
W-NWC,WNWC0299,2008,陕西省,Shanxi,8657045,9.528571429,15.95497835,4.357142857,2277.6,727.6,252.3,1447.3,2961.97,黑垆土,Dark loessial soils,silty clay loam,11.3,5,147,7.8,180,105,60,5698.5
W-NWC,WNWC0300,2007,陕西省,Shanxi,8657045,9.518907563,15.48445378,4.440756303,2385.9,832.1,197.5,1478.1,3125.03,黑垆土,Dark loessial soils,clay,17.3,21.4,170,8.1,150,105,60,6842.5
W-NWC,WNWC0301,2008,陕西省,Shanxi,8657045,9.980416667,16.40708333,4.790416667,2471.8,831.8,259,1514.6,3116.58,黑垆土,Dark loessial soils,clay,12.6,8,177,7.8,225,97.5,60,5592
W-NWC,WNWC0302,2008,陕西省,Shanxi,8657045,10.04356846,16.46224066,4.851037344,2497,847,259,1516.8,3127.57,黑垆土,Dark loessial soils,clay,15.4,12.2,150,7.9,180,105,60,5138.5
W-NWC,WNWC0303,2008,陕西省,Shanxi,8657045,9.83220339,16.24661017,4.665677966,2396.9,796.9,259,1484.6,3053.89,黑垆土,Dark loessial soils,silty clay loam,15.8,11.2,160,7.9,180,105,60,6058
W-NWC,WNWC0304,2007,陕西省,Shanxi,8657045,9.261373391,15.21373391,4.203004292,2278.3,774.5,197.5,1435.6,3031.67,黄绵土,Cultivated loessial soils,silty clay loam,16.3,17.4,195,7.9,180,105,60,6332
W-NWC,WNWC0305,2007,陕西省,Shanxi,8657045,9.260869565,15.16869565,4.216956522,2250.4,776.6,197.3,1413.8,2998.38,黑垆土,Dark loessial soils,silty clay loam,12.7,20.8,217,7.9,180,105,60,6290
W-NWC,WNWC0306,2008,陕西省,Shanxi,8657045,9.252,15.69688889,4.074222222,2158.2,668.2,244.4,1414.4,2880.07,黑垆土,Dark loessial soils,silty clay loam,16.7,24,142,7.9,180,105,60,5532
W-NWC,WNWC0307,2008,陕西省,Shanxi,8657045,10.01916667,16.425,4.8325,2481.1,841.1,259,1507.5,3111.35,v土,Cumulic cinnamon soils,loam,10.4,10.5,110,8.1,150,120,90,6841.5
W-NWC,WNWC0308,2008,陕西省,Shanxi,8657045,9.873305085,16.28177966,4.691949153,2406.6,806.6,259,1491.1,3069.34,新积土,Alluvial?soils,sandy loam,8.8,10.2,260,8,150,120,90,6685.5
W-NWC,WNWC0309,2008,陕西省,Shanxi,8657045,9.880425532,16.29702128,4.678297872,2398.4,808.4,253.2,1485.3,3061.76,新积土,Alluvial?soils,silt loam,13.2,13.7,220,8.1,180,120,105,5169.5
W-NWC,WNWC0310,2008,陕西省,Shanxi,8657045,9.836170213,16.25234043,4.646382979,2388,798,254.5,1484,3056.23,v土,Cumulic cinnamon soils,loam,17.4,9.5,160,7.5,150,120,90,6786
W-NWC,WNWC0311,2008,陕西省,Shanxi,8657045,9.836170213,16.25234043,4.646382979,2388,798,254.5,1484,3056.23,新积土,Alluvial?soils,loam,11.2,9.2,160,7.9,150,120,90,5929
W-NWC,WNWC0312,2009,陕西省,Shanxi,8657045,8.729787234,14.84978723,3.763829787,2110.9,714.1,204.7,1198.9,2653.64,新积土,Alluvial?soils,loam,12.3,20.7,180,8.3,150,120,105,6830
W-NWC,WNWC0313,2009,陕西省,Shanxi,8657045,8.941666667,15.04958333,3.99375,2205.4,758.6,223.8,1218.7,2716.53,新积土,Alluvial?soils,loam,29,16.7,200,8.3,150,120,105,9191
W-NWC,WNWC0314,2009,陕西省,Shanxi,8657045,8.846218487,14.95504202,3.903361345,2164.8,738,223.6,1208.4,2685.12,新积土,Alluvial?soils,loam,32.4,25.9,240,8.1,150,120,105,7770
W-NWC,WNWC0315,2009,陕西省,Shanxi,8657045,8.912809917,14.9607438,4.02231405,2216.3,749.5,210.8,1215.9,2708.1,v土,Cumulic cinnamon soils,loam,20,11.2,250,8.1,150,120,105,5859
W-NWC,WNWC0316,2009,陕西省,Shanxi,8657055,8.154273504,14.49358974,3.635897436,1984.3,671.5,245.3,1228.7,2688.42,潮土,Fluvo-aquic soils,clay,9.1,11.1,171,8.4,240,120,75,6750
W-NWC,WNWC0317,2008,陕西省,Shanxi,8657054,9.263478261,14.42695652,5.393043478,2207.6,682.8,332.8,1384.4,2837.65,黄绵土,Cultivated loessial soils,sandy loam,15,10,123,8.1,180,102,135,3900
W-NWC,WNWC0318,2008,陕西省,Shanxi,8657054,9.263478261,14.42695652,5.393043478,2207.6,682.8,332.8,1384.4,2837.65,黄绵土,Cultivated loessial soils,sandy loam,17.8,13.5,181,8.2,150,75,30,5550
W-NWC,WNWC0319,2008,陕西省,Shanxi,8657054,9.455172414,14.62672414,5.560344828,2270.6,725.8,332.8,1409,2898.01,v土,Cumulic cinnamon soils,sandy loam,12,7,137,8.2,120,135,67.5,4950
W-NWC,WNWC0320,2008,陕西省,Shanxi,8657054,9.496566524,14.67253219,5.6,2289.7,734.9,332.8,1417.5,2912.93,v土,Cumulic cinnamon soils,sandy loam,14,26.1,201,8.2,180,90,33,5850
W-NWC,WNWC0321,2008,陕西省,Shanxi,8657054,9.455172414,14.62672414,5.560344828,2270.6,725.8,332.8,1409,2898.01,v土,Cumulic cinnamon soils,sandy loam,16.9,10.6,204,7.9,150,112.5,30,8175
W-NWC,WNWC0322,2008,陕西省,Shanxi,8657054,9.144736842,14.28947368,5.290789474,2162,657.2,332.8,1365.1,2798.03,v土,Cumulic cinnamon soils,sandy loam,15,6.6,155,8.1,120,135,67.5,4200
W-NWC,WNWC0323,2008,陕西省,Shanxi,8657054,8.802714932,13.94705882,4.977375566,2022.4,587.6,326.7,1313,2676.3,灌淤土,Irrigating warped soils,sandy loam,6,4.4,117,8.3,120,135,135,2805
W-NWC,WNWC0324,2009,陕西省,Shanxi,8657054,8.031304348,13.03826087,4.29,1935.8,641.8,219,1198.2,2590.39,v土,Cumulic cinnamon soils,sandy loam,12.5,6.9,106,8.1,315,210,180,7675
W-NWC,WNWC0325,2009,陕西省,Shanxi,8657054,8.031304348,13.03826087,4.29,1935.8,641.8,219,1198.2,2590.39,v土,Cumulic cinnamon soils,sandy loam,11.8,15.8,149,8.2,270,90,82.5,6035
W-NWC,WNWC0326,2009,陕西省,Shanxi,8657054,8.031304348,13.03826087,4.29,1935.8,641.8,219,1198.2,2590.39,v土,Cumulic cinnamon soils,sandy loam,12.2,8.7,106,8.3,180,102,135,5735
W-NWC,WNWC0327,2009,陕西省,Shanxi,8657054,8.067965368,13.08225108,4.323376623,1952.3,648.3,219,1207.5,2606.7,v土,Cumulic cinnamon soils,sandy loam,14.3,11.8,85,8,150,112.5,150,6825
W-NWC,WNWC0328,2009,陕西省,Shanxi,8657054,8.067965368,13.08225108,4.323376623,1952.3,648.3,219,1207.5,2606.7,v土,Cumulic cinnamon soils,sandy loam,14.3,8.2,81,8,180,102,135,6460
W-NWC,WNWC0329,2009,陕西省,Shanxi,8657054,8.067965368,13.08225108,4.323376623,1952.3,648.3,219,1207.5,2606.7,v土,Cumulic cinnamon soils,sandy loam,15.7,7.8,129,8,180,135,82.5,7415
W-NWC,WNWC0330,2008,陕西省,Shanxi,8657054,9.262008734,14.4279476,5.376855895,2198,683.2,330.8,1379.7,2834.61,灌淤土,Irrigating warped soils,sandy loam,14,18.3,187,8.4,180,90,33,5700
W-NWC,WNWC0331,2008,陕西省,Shanxi,8657054,9.262008734,14.4279476,5.376855895,2198,683.2,330.8,1379.7,2834.61,灌淤土,Irrigating warped soils,sandy loam,13,14.1,132,8.3,150,75,75,3975
W-NWC,WNWC0332,2009,陕西省,Shanxi,8657054,8.1,13.11681034,4.358189655,1967.8,653.8,219,1209,2613.23,灌淤土,Irrigating warped soils,sandy loam,11.8,7.9,122,8.4,270,135,82.5,6850
W-NWC,WNWC0333,2009,陕西省,Shanxi,8657054,8.1,13.11681034,4.358189655,1967.8,653.8,219,1209,2613.23,灌淤土,Irrigating warped soils,sandy loam,8.9,36.7,172,8.4,180,34.5,67.5,8665
W-NWC,WNWC0334,2008,陕西省,Shanxi,8657054,9.663135593,14.83813559,5.769491525,2357.5,772.7,342.4,1433,2960.1,v土,Cumulic cinnamon soils,sandy loam,24,74.2,151,7.9,90,18,82.5,8250
W-NWC,WNWC0335,2009,陕西省,Shanxi,8657043,7.94612069,14.44525862,3.045689655,1929.9,640.8,159,1097.2,2450.29,v土,Cumulic cinnamon soils,loam,10.9,8.5,120,8.1,210,150,120,8050.5
W-NWC,WNWC0336,2006,陕西省,Shanxi,8653949,9.187346939,15.46571429,4.093469388,2300.9,776.8,146.3,1623.3,3234.38,v土,Cumulic cinnamon soils,silty clay loam,12.9,23.6,144,8.2,150,105,45,5250
W-NWC,WNWC0337,2006,陕西省,Shanxi,8653949,9.187346939,15.46571429,4.093469388,2300.9,776.8,146.3,1623.3,3234.38,黄绵土,Cultivated loessial soils,silty clay loam,15.1,17.8,128,8.2,150,105,45,3705
W-NWC,WNWC0338,2007,陕西省,Shanxi,8653949,8.093700787,14.10629921,3.287795276,2294.8,693.3,159.3,1678.6,3356.91,v土,Cumulic cinnamon soils,silty clay loam,11.2,5.9,210,8.2,150,105,45,3975
W-NWC,WNWC0339,2007,陕西省,Shanxi,8653949,8.169019608,14.18901961,3.331372549,2322.1,710.6,159.3,1692.1,3390.06,v土,Cumulic cinnamon soils,silty clay loam,18.7,14.8,180,8.3,150,105,45,6000
W-NWC,WNWC0340,2007,陕西省,Shanxi,8653949,7.84939759,13.86907631,3.030923695,2193.5,642,149.9,1646.8,3281.72,黄绵土,Cultivated loessial soils,silty clay loam,14.8,20,120,8.1,127.5,90,45,3450
W-NWC,WNWC0341,2007,陕西省,Shanxi,8653949,7.917004049,14.01902834,2.992307692,2194.5,663,137,1676.4,3327.51,黄绵土,Cultivated loessial soils,silty clay loam,15.1,17.8,128,8.1,150,105,45,4890
W-NWC,WNWC0342,2007,陕西省,Shanxi,8653949,7.766938776,13.84734694,2.893877551,2141.9,630.4,137,1645.2,3259.1,v土,Cumulic cinnamon soils,silty clay loam,12.8,23.6,144,8.2,150,105,45,4890
W-NWC,WNWC0343,2008,陕西省,Shanxi,8653949,8.695275591,15.03228346,3.808267717,2351.5,716,272.4,1738.2,3407.7,v土,Cumulic cinnamon soils,silty clay loam,16.8,15.9,190,8.2,150,105,45,6120
W-NWC,WNWC0344,2008,陕西省,Shanxi,8653949,8.601581028,14.9173913,3.746640316,2319.1,693.6,272.4,1720.8,3368.57,黄绵土,Cultivated loessial soils,silty clay loam,11.5,9.9,200,8.2,120,90,45,3420
W-NWC,WNWC0345,2008,陕西省,Shanxi,8653949,8.262396694,14.61694215,3.371487603,2142.4,626.5,220.3,1657.4,3216.71,黄绵土,Cultivated loessial soils,silty clay loam,13.7,9.5,180,8.1,127.5,105,45,4305
W-NWC,WNWC0346,2009,陕西省,Shanxi,8653949,8.277992278,14.48262548,3.471042471,2287.3,783.8,188.9,1745.8,3458.83,黄绵土,Cultivated loessial soils,silty clay loam,9.4,13.6,140,8.3,150,105,45,4725
W-NWC,WNWC0347,2009,陕西省,Shanxi,8653949,8.65112782,14.9,3.792481203,2444.5,871,188.9,1812.8,3600.12,黄绵土,Cultivated loessial soils,silty clay loam,13.6,5.2,330,8.2,150,105,45,3615
W-NWC,WNWC0348,2006,陕西省,Shanxi,8653949,9.535019455,15.68287938,4.576653696,2500.5,856.4,213.3,1653.1,3336.72,黄绵土,Cultivated loessial soils,silty clay loam,13.1,13.7,100,8.2,127.5,90,45,3450
W-NWC,WNWC0349,2008,陕西省,Shanxi,8653949,8.62983871,15.01693548,3.678629032,2283.1,707.2,220.3,1727,3367.06,黄绵土,Cultivated loessial soils,silty clay loam,9.5,18.8,120,8.2,150,105,45,3870
W-NWC,WNWC0350,2009,陕西省,Shanxi,8653949,8.49351145,14.72022901,3.650381679,2368.6,835.1,188.9,1774,3526.28,黄绵土,Cultivated loessial soils,silty clay loam,11.3,5.6,170,8.2,150,105,45,3810
W-NWC,WNWC0351,2006,陕西省,Shanxi,8653949,9.56692607,15.72217899,4.590661479,2508.7,864.6,213.3,1657.9,3347.45,v土,Cumulic cinnamon soils,silty clay loam,12.6,13.2,70,8.2,127.5,90,45,3945
W-NWC,WNWC0352,2006,陕西省,Shanxi,8653949,8.920746888,15.18713693,3.856016598,2199.9,715.8,146.3,1585.1,3143.71,黄绵土,Cultivated loessial soils,silty clay loam,12.6,21.5,95,8.3,127.5,90,45,3885
W-NWC,WNWC0353,2007,陕西省,Shanxi,8653949,8.014859438,14.1248996,3.103614458,2234.7,683.2,144,1687.2,3359.66,黄绵土,Cultivated loessial soils,silty clay loam,11.9,10.9,150,8.2,127.5,90,45,4200
W-NWC,WNWC0354,2008,陕西省,Shanxi,8653949,9.258113208,15.54754717,4.387169811,2596.3,850.8,292.6,1825.4,3617.75,黄绵土,Cultivated loessial soils,silty clay loam,12.4,7.3,150,8.3,105,90,45,3060
W-NWC,WNWC0355,2005,陕西省,Shanxi,8653950,7.548333333,13.79541667,2.14625,2008.5,603.2,147.2,1814.7,3445.6,黄绵土,Cultivated loessial soils,loam,16.7,15.2,220,8.1,120,90,45,6030
W-NWC,WNWC0356,2006,陕西省,Shanxi,8653950,8.874074074,15.1037037,3.450205761,2219.5,740.9,137.7,1737.2,3371.19,黄绵土,Cultivated loessial soils,loam,17.4,20.4,120,8,150,105,60,4335
W-NWC,WNWC0357,2006,陕西省,Shanxi,8653950,8.874074074,15.1037037,3.450205761,2219.5,740.9,137.7,1737.2,3371.19,v土,Cumulic cinnamon soils,loam,16,23.1,260,8.1,120,90,30,4425
W-NWC,WNWC0358,2008,陕西省,Shanxi,8653950,8.416666667,14.3531746,3.608730159,2271.9,665.4,310.3,1817,3456.17,黄绵土,Cultivated loessial soils,loam,10.8,9.8,270,8.1,105,75,45,1995
W-NWC,WNWC0359,2008,陕西省,Shanxi,8653950,8.416666667,14.3531746,3.608730159,2271.9,665.4,310.3,1817,3456.17,黄绵土,Cultivated loessial soils,loam,10.8,9.8,270,8.1,120,90,60,1935
W-NWC,WNWC0360,2008,陕西省,Shanxi,8653950,8.416666667,14.3531746,3.608730159,2271.9,665.4,310.3,1817,3456.17,黄绵土,Cultivated loessial soils,loam,10.8,9.8,270,8.1,135,105,75,1935
W-NWC,WNWC0361,2005,陕西省,Shanxi,8653950,7.456962025,13.69029536,2.090295359,1964.2,588.9,147.2,1784.8,3386.77,黄绵土,Cultivated loessial soils,loam,16.1,14.8,215,8.1,120,90,45,6105
W-NWC,WNWC0362,2007,陕西省,Shanxi,8653950,7.809486166,13.42648221,3.007905138,2235.3,649.7,204.7,1637.7,3294.07,黄绵土,Cultivated loessial soils,loam,13,9.8,220,8,120,90,45,5460
W-NWC,WNWC0363,2007,陕西省,Shanxi,8653950,7.809486166,13.42648221,3.007905138,2235.3,649.7,204.7,1637.7,3294.07,黄绵土,Cultivated loessial soils,loam,12.2,8.9,230,8,120,90,45,5439
W-NWC,WNWC0364,2008,陕西省,Shanxi,8653955,9.468200837,15.52635983,4.546861925,2375.3,779.6,219.9,1578,3116.98,v土,Cumulic cinnamon soils,loam,27.8,52.3,279,7.5,180,150,105,5364
W-NWC,WNWC0365,2009,陕西省,Shanxi,8653955,8.828340081,14.54534413,4.257489879,2273.8,813,219,1471.6,3015.77,黄绵土,Cultivated loessial soils,silty clay loam,21.2,12.9,153,8,180,150,105,5190
W-NWC,WNWC0366,2009,陕西省,Shanxi,8653955,9.056521739,14.76047431,4.49486166,2384.5,863.7,224.4,1499,3086.26,v土,Cumulic cinnamon soils,loam,16.7,9.7,181,7.8,180,150,105,5107.5
W-NWC,WNWC0367,2008,陕西省,Shanxi,8653955,9.617959184,15.66530612,4.72,2468.8,813.1,221.5,1600.5,3168.9,v土,Cumulic cinnamon soils,silty clay loam,30.6,17.3,323,7.8,120,105,75,5217
W-NWC,WNWC0368,2008,陕西省,Shanxi,8653955,9.270338983,15.29872881,4.4,2300.2,734.5,219.9,1543.6,3039.89,v土,Cumulic cinnamon soils,silty clay loam,24.6,18,276,8,120,105,75,5142
W-NWC,WNWC0369,2008,陕西省,Shanxi,8653955,9.502118644,15.55084746,4.572881356,2354.9,789.2,220,1585.2,3124.83,v土,Cumulic cinnamon soils,silty clay loam,18.5,13.8,172,7.8,180,150,105,7170
W-NWC,WNWC0370,2009,陕西省,Shanxi,8653955,8.8784,14.5616,4.3524,2312.8,822,224.4,1464.7,3014.89,黄绵土,Cultivated loessial soils,silty clay loam,34.7,56.5,217,7.9,150,120,90,6123
W-NWC,WNWC0371,2009,陕西省,Shanxi,8653955,9.099604743,14.80237154,4.534782609,2395.4,874.6,224.4,1499.8,3093.26,v土,Cumulic cinnamon soils,silty clay loam,27.3,25.7,189,7.8,180,150,120,4701
W-NWC,WNWC0372,2008,陕西省,Shanxi,8653955,9.30720339,15.35211864,4.412711864,2308.9,743.2,219.9,1556.4,3063.03,v土,Cumulic cinnamon soils,silty clay loam,34.5,20.1,349,7.7,150,120,90,4827
W-NWC,WNWC0373,2008,陕西省,Shanxi,8653955,9.67295082,15.72254098,4.754098361,2472.6,826.9,221.5,1607.9,3190.82,黄绵土,Cultivated loessial soils,loam,18,11.7,188,7.9,180,150,105,6795
W-NWC,WNWC0374,2009,陕西省,Shanxi,8653955,8.662601626,14.34105691,4.162601626,2224.2,773.4,223.3,1430.6,2930.67,黄绵土,Cultivated loessial soils,silty clay loam,14.1,14.1,150,7.9,180,150,105,5185.5
W-NWC,WNWC0375,2008,陕西省,Shanxi,8653955,9.332067511,15.3742616,4.446413502,2324.1,748.4,219.9,1556.4,3067.7,黄绵土,Cultivated loessial soils,silty clay loam,20.8,17.4,198,7.6,180,150,105,3681
W-NWC,WNWC0376,2009,陕西省,Shanxi,8653955,8.810843373,14.48835341,4.297188755,2287.1,806.3,224.4,1453.5,2989.57,黄绵土,Cultivated loessial soils,silty clay loam,17.6,5.2,173,8,150,120,90,4911
W-NWC,WNWC0377,2009,陕西省,Shanxi,8653955,8.946215139,14.63227092,4.407171315,2338.7,837.9,224.4,1476.6,3041.33,黄绵土,Cultivated loessial soils,silty clay loam,28.8,12.3,186,7.9,180,150,120,5137.5
W-NWC,WNWC0378,2007,陕西省,Shanxi,8653948,8.732921811,14.08806584,4.5781893,2290.5,710.2,163.6,1403.4,2948.46,黄绵土,Cultivated loessial soils,loam,11.3,7.5,143,8.3,180,150,75,7618.5
W-NWC,WNWC0379,2007,陕西省,Shanxi,8653948,8.732921811,14.08806584,4.5781893,2290.5,710.2,163.6,1403.4,2948.46,新积土,Alluvial?soils,loam,14.2,8.9,219,8.3,150,120,60,7989
W-NWC,WNWC0380,2008,陕西省,Shanxi,8653948,10.08069498,15.68494208,5.866795367,2701.4,910.9,291.4,1545.9,3220.1,新积土,Alluvial?soils,loam,12.6,11.1,196,8.2,210,60,112.5,7987.5
W-NWC,WNWC0381,2009,陕西省,Shanxi,8653948,9.21124031,14.81007752,4.921317829,2463.5,892.8,195.8,1411.5,2988.53,黄绵土,Cultivated loessial soils,loam,15.7,8.1,187,8.1,180,60,75,5842.5
W-NWC,WNWC0382,2009,陕西省,Shanxi,8653948,9.286872587,14.9,4.981467181,2492.3,911.6,195.8,1422.1,3021.34,v土,Cumulic cinnamon soils,loam,14.3,10.4,149,8.4,210,60,112.5,7686
W-NWC,WNWC0383,2007,陕西省,Shanxi,8653948,9.06184739,14.43092369,4.867871486,2424.8,784.5,172.2,1447.2,3060.66,v土,Cumulic cinnamon soils,loam,15.1,7.9,160,8.2,180,150,75,8518.5
W-NWC,WNWC0384,2008,陕西省,Shanxi,8653948,9.240506329,14.89915612,4.987341772,2280.5,710,223.9,1442.2,2935.47,v土,Cumulic cinnamon soils,loam,15.1,11,175,8.6,180,150,105,9004.5
W-NWC,WNWC0385,2008,陕西省,Shanxi,8653948,10.11081081,15.72548263,5.881853282,2709.2,918.7,284.3,1551,3230.44,黄绵土,Cultivated loessial soils,loam,13.2,7.2,189,8.3,210,60,112.5,7512
W-NWC,WNWC0386,2007,陕西省,Shanxi,8653941,7.814814815,14.07074074,3.098888889,2382.6,711.5,269.7,1827.8,3689.92,黄绵土,Cultivated loessial soils,silty clay loam,5.1,11.2,119,7.2,165,120,75,7020
W-NWC,WNWC0387,2007,陕西省,Shanxi,8653941,7.685714286,13.89586466,3.015413534,2317,685.9,269.7,1783.2,3606.45,黄绵土,Cultivated loessial soils,silty clay loam,6.3,8.1,121,6.9,165,120,75,7020
W-NWC,WNWC0388,2007,陕西省,Shanxi,8653941,7.685714286,13.89586466,3.015413534,2317,685.9,269.7,1783.2,3606.45,黄绵土,Cultivated loessial soils,silty clay loam,4,11.1,179,7.9,135,90,60,4245
W-NWC,WNWC0389,2007,陕西省,Shanxi,8653941,7.685714286,13.89586466,3.015413534,2317,685.9,269.7,1783.2,3606.45,黄绵土,Cultivated loessial soils,silty clay loam,11.1,10.3,186,7,165,120,75,5265
W-NWC,WNWC0390,2008,陕西省,Shanxi,8653941,7.992885375,14.36561265,2.845059289,2191.7,653.6,274.4,1832,3549.31,红壤,Red earths,silty clay loam,12.7,13.3,165,7.3,180,120,90,3600
W-NWC,WNWC0391,2008,陕西省,Shanxi,8653941,7.992885375,14.36561265,2.845059289,2191.7,653.6,274.4,1832,3549.31,红壤,Red earths,silty clay loam,15.4,13.7,148,7.4,150,90,75,3450
W-NWC,WNWC0392,2008,陕西省,Shanxi,8653941,7.992885375,14.36561265,2.845059289,2191.7,653.6,274.4,1832,3549.31,红壤,Red earths,silty clay loam,8.1,11.4,130,7.3,180,120,90,5265
W-NWC,WNWC0393,2008,陕西省,Shanxi,8653941,7.850396825,14.23134921,2.746031746,2147.8,619.7,274.4,1815.4,3499.4,黄绵土,Cultivated loessial soils,silty clay loam,9.4,16.7,176,7.1,180,120,90,5481
W-NWC,WNWC0394,2009,陕西省,Shanxi,8653941,6.718218623,12.93238866,1.971659919,1849.3,534.2,200.9,1487.1,3000.06,黄绵土,Cultivated loessial soils,silt loam,10.1,8.2,63,7.2,180,120,90,2059.5
W-NWC,WNWC0395,2009,陕西省,Shanxi,8657016,9.634496124,15.06085271,5.74379845,2522,862.9,289.7,1266.3,2882.11,v土,Cumulic cinnamon soils,loam,12.3,2.9,107,8,180,120,90,6190.5
W-NWC,WNWC0396,2009,陕西省,Shanxi,8657016,9.452755906,14.87047244,5.568503937,2437.3,818.2,289.4,1238.5,2824.56,v土,Cumulic cinnamon soils,silt loam,16,14.6,111,7.9,180,120,90,9099
W-NWC,WNWC0397,2009,陕西省,Shanxi,8657016,9.469960474,14.89209486,5.573517787,2432.2,823.1,286.3,1235.3,2819.41,v土,Cumulic cinnamon soils,loam,9.7,2.6,101,7.9,180,120,90,4173
W-NWC,WNWC0398,2009,陕西省,Shanxi,8657016,9.475806452,15.00927419,5.485483871,2386.3,827.2,257.8,1244.1,2818.04,v土,Cumulic cinnamon soils,loam,21.5,15.9,158,7.9,180,120,90,7278
W-NWC,WNWC0399,2009,陕西省,Shanxi,8657016,9.498431373,14.92392157,5.60627451,2458.4,829.3,289.4,1247.6,2841.68,v土,Cumulic cinnamon soils,loam,18.7,13.8,137,7.9,210,150,90,7284
W-NWC,WNWC0400,2009,陕西省,Shanxi,8657016,9.065853659,14.46869919,5.198373984,2266.5,727.4,281.6,1199.6,2712.5,黄绵土,Cultivated loessial soils,clay loam,5.9,14.7,104,7.9,210,150,90,7981.5
W-NWC,WNWC0401,2009,陕西省,Shanxi,8657016,9.114583333,14.58583333,5.175833333,2223.8,744.7,257.7,1182.1,2687.2,v土,Cumulic cinnamon soils,loam,14.5,33.4,174,8,210,150,90,9660
W-NWC,WNWC0402,2008,陕西省,Shanxi,8657021,7.945901639,15.1307377,2.577459016,2058.6,585,170.8,1344.2,2888.94,新积土,Alluvial?soils,sandy loam,14.3,12.6,210,7.6,120,75,60,4450.5
W-NWC,WNWC0403,2008,陕西省,Shanxi,8657021,7.945901639,15.1307377,2.577459016,2058.6,585,170.8,1344.2,2888.94,潮土,Fluvo-aquic soils,sandy loam,17.7,25,276,8,120,75,60,5050.5
W-NWC,WNWC0404,2009,陕西省,Shanxi,8657021,7.095967742,14.07217742,1.984677419,1875.1,512.1,231.5,1345.3,2902.71,潮土,Fluvo-aquic soils,sandy loam,20.6,15.6,261,7.7,150,90,60,5329.5
W-NWC,WNWC0405,2009,陕西省,Shanxi,8657021,7.726254826,14.7030888,2.580694981,2116.4,643.4,239.4,1425,3112.39,潮土,Fluvo-aquic soils,sandy loam,11,23.7,189,7.8,150,90,60,5050.5
W-NWC,WNWC0406,2008,陕西省,Shanxi,8657003,7.486454183,14.34820717,2.473306773,2019.7,535.9,177,1225,2777.77,黄褐土,Yellow-cinnamon soils,silty clay loam,13.1,16.5,176,7.4,180,150,60,5088
W-NWC,WNWC0407,2008,陕西省,Shanxi,8657003,7.556573705,14.43904382,2.512350598,2037.3,553.5,174.3,1225.2,2788.43,黄绵土,Cultivated loessial soils,silty clay loam,13.8,8.8,162,8.3,180,150,60,5178
W-NWC,WNWC0408,2008,陕西省,Shanxi,8657003,7.5988,14.5304,2.5112,2040.3,566.5,156.7,1233.8,2800.99,黄绵土,Cultivated loessial soils,silty clay loam,14.5,13.1,123,8.2,180,150,60,5346
W-NWC,WNWC0409,2008,陕西省,Shanxi,8657003,7.646,14.5836,2.5396,2052.1,578.3,156.7,1236.7,2810.86,黄绵土,Cultivated loessial soils,silty clay loam,13.6,12.3,148,7.5,180,150,60,4704
W-NWC,WNWC0410,2005,陕西省,Shanxi,8657016,8.945689655,14.45517241,4.793965517,2148.8,673.6,186.7,1095.8,2541.63,潮土,Fluvo-aquic soils,silty clay loam,12.8,34.4,157,8.1,180,150,90,8742
W-NWC,WNWC0411,2005,陕西省,Shanxi,8657016,9.102978723,14.58978723,4.971914894,2212.6,707.4,186.8,1095.8,2563.95,潮土,Fluvo-aquic soils,silty clay loam,12.8,34.4,157,7.9,180,150,90,8850
W-NWC,WNWC0412,2006,陕西省,Shanxi,8657016,10.17948718,15.86837607,6.052564103,2391,795.1,150.3,1126.5,2559.55,潮土,Fluvo-aquic soils,sandy loam,12.4,21,168,8.1,180,150,90,7335
W-NWC,WNWC0413,2007,陕西省,Shanxi,8657016,8.624669604,14.06828194,4.528634361,2086.7,627.1,118.6,1178.9,2617.32,潮土,Fluvo-aquic soils,silty clay loam,12.1,26.5,173,8.1,180,150,90,10065
W-NWC,WNWC0414,2007,陕西省,Shanxi,8657016,8.920779221,14.42380952,4.758874459,2189.6,690,118.6,1220,2712.82,潮土,Fluvo-aquic soils,silty clay loam,13.4,35.6,197,8.2,180,150,90,9099
W-NWC,WNWC0415,2007,陕西省,Shanxi,8657016,9.007359307,14.51731602,4.819480519,2209.6,710,116.8,1229.3,2737.92,潮土,Fluvo-aquic soils,sandy loam,12.6,36.5,188,8.2,180,150,90,7410
W-NWC,WNWC0416,2007,陕西省,Shanxi,8657016,8.920779221,14.42380952,4.758874459,2189.6,690,118.6,1220,2712.82,v土,Cumulic cinnamon soils,silty clay loam,13.4,36.8,186,8.1,180,150,90,9099
W-NWC,WNWC0417,2008,陕西省,Shanxi,8657016,9.489270386,15.13733906,5.478969957,2262.7,660.4,178.6,1038.2,2433.76,v土,Cumulic cinnamon soils,sandy loam,14.6,28.9,185,8.3,180,150,90,8520
W-NWC,WNWC0418,2008,陕西省,Shanxi,8657016,9.698319328,15.39285714,5.640336134,2359.9,707.6,178.6,1077.9,2520.94,v土,Cumulic cinnamon soils,sandy loam,14.2,32.4,194,8.2,180,150,90,8190
W-NWC,WNWC0419,2008,陕西省,Shanxi,8657016,9.844166667,15.56375,5.780416667,2414.3,742,200.4,1094.9,2565.83,潮土,Fluvo-aquic soils,sandy loam,12.6,27.5,218,8.2,180,150,90,8025
W-NWC,WNWC0420,2008,陕西省,Shanxi,8657016,9.781147541,15.41967213,5.779098361,2438.3,726,219.9,1089.3,2559.07,黄绵土,Cultivated loessial soils,sandy loam,13.4,28.6,189,8.3,180,150,90,8520
W-NWC,WNWC0421,2008,陕西省,Shanxi,8657016,9.889430894,15.53211382,5.870325203,2484.5,752.2,219.9,1101.1,2590.41,黄绵土,Cultivated loessial soils,sandy loam,12.9,35.6,197,8.2,180,150,90,7275
W-NWC,WNWC0422,2008,陕西省,Shanxi,8657016,9.340174672,14.95021834,5.362008734,2190.6,628.3,178.5,1012.8,2378.09,潮土,Fluvo-aquic soils,silty clay loam,13.4,35.6,197,8.2,180,150,90,9099
W-NWC,WNWC0423,2008,陕西省,Shanxi,8657016,9.30047619,15.01,5.178095238,2004.8,631.6,161.6,947.6,2257.94,潮土,Fluvo-aquic soils,silty clay loam,13.1,26.8,198,8.1,180,150,90,7620
W-NWC,WNWC0424,2008,陕西省,Shanxi,8657016,9.79017094,15.50213675,5.716239316,2342.6,730.3,196,1068.7,2515.26,潮土,Fluvo-aquic soils,silty clay loam,10.6,22.6,196,8.1,180,150,90,4155
W-NWC,WNWC0425,2005,陕西省,Shanxi,8657016,8.953246753,14.41904762,4.831601732,2141.6,676.4,186.8,1079,2518.9,潮土,Fluvo-aquic soils,silty clay loam,15.4,28.4,187,8,180,150,90,8580
W-NWC,WNWC0426,2006,陕西省,Shanxi,8657016,10.17948718,15.86837607,6.052564103,2391,795.1,150.3,1126.5,2559.55,潮土,Fluvo-aquic soils,silty clay loam,14.6,32.6,156,8.1,180,150,90,8850
W-NWC,WNWC0427,2007,陕西省,Shanxi,8657016,8.939655172,14.4487069,4.772844828,2202.9,693.3,118.6,1228.5,2727.98,潮土,Fluvo-aquic soils,sandy loam,11.1,27.5,194,8.2,180,150,90,8635.5
W-NWC,WNWC0428,2007,陕西省,Shanxi,8657016,8.601327434,14.03716814,4.513274336,2072.8,623.2,118.6,1169.9,2601.63,潮土,Fluvo-aquic soils,sandy loam,12.4,12,167,8.2,180,150,90,6150
W-NWC,WNWC0429,2005,陕西省,Shanxi,8657016,9.135564854,14.58828452,5.040585774,2256.8,711.6,191.4,1105.9,2592.96,潮土,Fluvo-aquic soils,sandy loam,12.7,25.6,287,8.2,180,150,90,8640
W-NWC,WNWC0430,2007,陕西省,Shanxi,8657016,8.4875,13.92410714,4.400892857,2030.1,600.5,118.6,1160.7,2572.11,潮土,Fluvo-aquic soils,sandy loam,14.7,46.1,139,8.1,180,150,90,9660
W-NWC,WNWC0431,2005,陕西省,Shanxi,8657016,8.953246753,14.41904762,4.831601732,2141.6,676.4,186.8,1079,2518.9,潮土,Fluvo-aquic soils,sandy loam,11.4,21,218,8.1,180,150,90,6705
W-NWC,WNWC0432,2006,陕西省,Shanxi,8657016,10.17948718,15.86837607,6.052564103,2391,795.1,150.3,1126.5,2559.55,潮土,Fluvo-aquic soils,sandy loam,12.8,36.5,178,8.1,180,150,90,7308
W-NWC,WNWC0433,2007,陕西省,Shanxi,8657025,7.360408163,13.20408163,2.710204082,2041.3,569.1,144.8,1340.6,2954.46,v土,Cumulic cinnamon soils,clay,13.2,26.8,118,7.9,180,75,45,6525
W-NWC,WNWC0434,2007,陕西省,Shanxi,8657025,7.360408163,13.20408163,2.710204082,2041.3,569.1,144.8,1340.6,2954.46,v土,Cumulic cinnamon soils,clay,23.1,27.9,95,7.9,210,90,60,7125
W-NWC,WNWC0435,2008,陕西省,Shanxi,8657025,8.123770492,14.01680328,3.495081967,2084,574.7,188.9,1437.3,3020.46,黄绵土,Cultivated loessial soils,clay,18.9,26.7,140,8,210,75,60,6900
W-NWC,WNWC0436,2008,陕西省,Shanxi,8657025,8.074390244,13.93089431,3.504878049,2088.1,558.8,229.1,1435.1,3018.55,黄绵土,Cultivated loessial soils,clay,21.1,30.1,142,8,180,60,45,5385
W-NWC,WNWC0437,2008,陕西省,Shanxi,8657025,8.123770492,14.01680328,3.495081967,2084,574.7,188.9,1437.3,3020.46,v土,Cumulic cinnamon soils,clay,20.3,20.3,95,8,210,75,60,6900
W-NWC,WNWC0438,2008,陕西省,Shanxi,8657025,8.123770492,14.01680328,3.495081967,2084,574.7,188.9,1437.3,3020.46,v土,Cumulic cinnamon soils,clay,19.2,30.5,160,8,210,75,60,7545
W-NWC,WNWC0439,2009,陕西省,Shanxi,8657025,6.932916667,12.85583333,2.268333333,1783.1,486.7,194.8,1313.9,2799.27,黄绵土,Cultivated loessial soils,clay,16.8,33.5,145,8,195,90,45,8841
W-NWC,WNWC0440,2009,陕西省,Shanxi,8657025,6.935294118,12.8394958,2.282773109,1769.8,493.4,221,1289,2770.87,v土,Cumulic cinnamon soils,clay,16.1,33.8,129,8,225,90,75,8170.5
W-NWC,WNWC0441,2009,陕西省,Shanxi,8657025,7.065432099,12.96213992,2.42962963,1836.1,509.7,225.9,1317.2,2829.64,v土,Cumulic cinnamon soils,clay,17.1,23.9,158,7.8,195,90,45,6892.5
W-NWC,WNWC0442,2009,陕西省,Shanxi,8657025,6.935294118,12.8394958,2.282773109,1769.8,493.4,221,1289,2770.87,v土,Cumulic cinnamon soils,clay,15.5,28.9,131,8,195,90,45,5476.5
W-NWC,WNWC0443,2009,陕西省,Shanxi,8657025,6.992083333,12.90916667,2.332083333,1797.3,500.9,221,1305.1,2800.27,v土,Cumulic cinnamon soils,clay,17.3,30.4,143,7.9,195,90,45,6765
W-NWC,WNWC0444,2009,陕西省,Shanxi,8657025,6.935294118,12.8394958,2.282773109,1769.8,493.4,221,1289,2770.87,v土,Cumulic cinnamon soils,clay,18,37.6,142,7.9,195,90,45,6336
W-NWC,WNWC0445,2009,陕西省,Shanxi,8657025,7.190322581,13.00524194,2.630645161,1902.4,526,240.6,1317.2,2853.79,v土,Cumulic cinnamon soils,clay,14.3,31.3,135,8,180,60,45,6600
W-NWC,WNWC0446,2009,陕西省,Shanxi,8657025,6.935294118,12.8394958,2.282773109,1769.8,493.4,221,1289,2770.87,v土,Cumulic cinnamon soils,clay,17.1,33.8,167,7.8,195,90,45,7500
W-NWC,WNWC0447,2009,陕西省,Shanxi,8657025,6.935294118,12.8394958,2.282773109,1769.8,493.4,221,1289,2770.87,v土,Cumulic cinnamon soils,clay,19.5,38.3,184,7.9,195,90,45,6900
W-NWC,WNWC0448,2007,陕西省,Shanxi,8657025,7.360408163,13.20408163,2.710204082,2041.3,569.1,144.8,1340.6,2954.46,v土,Cumulic cinnamon soils,clay,26.8,21.9,95,8,210,90,60,7200
W-NWC,WNWC0449,2008,陕西省,Shanxi,8657025,8.074390244,13.93089431,3.504878049,2088.1,558.8,229.1,1435.1,3018.55,黄绵土,Cultivated loessial soils,clay,16,36.9,116,7.9,210,75,60,5739
W-NWC,WNWC0450,2008,陕西省,Shanxi,8657025,7.885062241,13.74232365,3.289211618,2002.1,522.8,174.7,1412.1,2950.56,黄绵土,Cultivated loessial soils,clay,14.1,28.7,116,7.8,210,75,60,6057
W-NWC,WNWC0451,2008,陕西省,Shanxi,8657025,7.970901639,13.81967213,3.391393443,2046.7,537.4,219.4,1426,2989.08,黄绵土,Cultivated loessial soils,clay,16.1,29.3,147,7.9,210,75,60,5715
W-NWC,WNWC0452,2007,陕西省,Shanxi,8657025,7.360408163,13.20408163,2.710204082,2041.3,569.1,144.8,1340.6,2954.46,v土,Cumulic cinnamon soils,clay,24.6,23.5,109,8,210,90,60,7275
W-NWC,WNWC0453,2008,陕西省,Shanxi,8657025,8.148387097,14.01290323,3.563709677,2122.6,573.3,229.1,1454.9,3054.5,黄绵土,Cultivated loessial soils,clay,18.1,28.8,134,8,180,60,45,5500.5
W-NWC,WNWC0454,2008,陕西省,Shanxi,8657025,8.191935484,14.05120968,3.603225806,2133.4,584.1,229.1,1446.3,3051.4,黄绵土,Cultivated loessial soils,clay,18,29.8,130,8,180,60,45,6600
W-NWC,WNWC0455,2006,陕西省,Shanxi,8657026,8.991139241,15.57341772,4.052742616,2165.9,684.7,160.6,1259.4,2764.29,v土,Cumulic cinnamon soils,loam,19.7,52,195,7.8,165,120,90,6937.5
W-NWC,WNWC0456,2007,陕西省,Shanxi,8657026,7.842040816,13.7922449,3.268571429,2092,562,150.5,1205.3,2745.99,v土,Cumulic cinnamon soils,loam,15.2,23,102,7.8,165,120,90,7420.5
W-NWC,WNWC0457,2006,陕西省,Shanxi,8657026,9.4,16.02304527,4.390123457,2319.2,778,164.2,1277.9,2843.66,v土,Cumulic cinnamon soils,loam,14.6,34.4,101,7.6,180,150,120,6969
W-NWC,WNWC0458,2006,陕西省,Shanxi,8657026,8.991139241,15.57341772,4.052742616,2165.9,684.7,160.6,1259.4,2764.29,v土,Cumulic cinnamon soils,loam,16,18.8,101,7.6,180,150,120,6994.5
W-NWC,WNWC0459,2007,陕西省,Shanxi,8657026,7.842040816,13.7922449,3.268571429,2092,562,150.5,1205.3,2745.99,v土,Cumulic cinnamon soils,loam,20.1,26,108,8,165,120,90,7802
W-NWC,WNWC0460,2007,陕西省,Shanxi,8657026,7.842040816,13.7922449,3.268571429,2092,562,150.5,1205.3,2745.99,v土,Cumulic cinnamon soils,loam,15.4,27.9,157,7.9,165,120,90,7404
W-NWC,WNWC0461,2008,陕西省,Shanxi,8657026,8.693004115,15.08065844,3.74526749,2202.6,631.3,191.8,1248.8,2744.26,v土,Cumulic cinnamon soils,loam,15.1,26.5,96,7.8,180,135,60,7591.5
W-NWC,WNWC0462,2008,陕西省,Shanxi,8657026,8.566115702,14.92644628,3.644214876,2163.2,601.9,191.7,1232,2705.94,v土,Cumulic cinnamon soils,loam,17.8,28.6,107,7.8,180,135,75,7294.5
W-NWC,WNWC0463,2008,陕西省,Shanxi,8657026,8.641975309,15.02345679,3.699588477,2190.2,618.9,191.7,1243.9,2732.43,v土,Cumulic cinnamon soils,loam,18.8,34.9,134,7.8,180,135,75,8172
W-NWC,WNWC0464,2006,陕西省,Shanxi,8657026,8.95,15.5279661,4.008050847,2147.2,676,160.6,1250.9,2748.36,v土,Cumulic cinnamon soils,loam,14,16.2,84,7.6,150,90,75,6942
W-NWC,WNWC0465,2007,陕西省,Shanxi,8657026,7.842040816,13.7922449,3.268571429,2092,562,150.5,1205.3,2745.99,v土,Cumulic cinnamon soils,loam,15.6,23.6,71,8,150,90,75,6942
W-NWC,WNWC0466,2006,陕西省,Shanxi,8657026,9.244262295,15.78401639,4.342213115,2290.6,739.4,160.6,1282.5,2830.11,v土,Cumulic cinnamon soils,loam,9,41.5,131,7.8,150,90,75,7659
W-NWC,WNWC0467,2007,陕西省,Shanxi,8657026,7.842040816,13.7922449,3.268571429,2092,562,150.5,1205.3,2745.99,v土,Cumulic cinnamon soils,loam,20.6,30,77,7.5,150,90,75,7332
W-NWC,WNWC0468,2007,陕西省,Shanxi,8657026,7.842040816,13.7922449,3.268571429,2092,562,150.5,1205.3,2745.99,v土,Cumulic cinnamon soils,loam,23.4,26.7,77,7.6,150,90,75,7474.5
W-NWC,WNWC0469,2008,陕西省,Shanxi,8657026,8.73127572,15.13621399,3.777777778,2211.9,640.6,180,1248.8,2746.86,v土,Cumulic cinnamon soils,loam,18.7,26.8,98,7.9,180,135,60,7270.5
W-NWC,WNWC0470,2008,陕西省,Shanxi,8657026,8.641975309,15.02345679,3.699588477,2190.2,618.9,191.7,1243.9,2732.43,v土,Cumulic cinnamon soils,loam,16.4,26.4,87,7.8,180,135,60,7572
W-NWC,WNWC0471,2008,陕西省,Shanxi,8657026,8.76122449,15.14653061,3.825714286,2236.7,645.4,208,1253.7,2763.02,v土,Cumulic cinnamon soils,loam,19.1,35.6,127,7.9,180,135,60,7300.5
W-NWC,WNWC0472,2006,陕西省,Shanxi,8657026,9.244262295,15.78401639,4.342213115,2290.6,739.4,160.6,1282.5,2830.11,黄绵土,Cultivated loessial soils,loam,17.9,25,102,7.6,180,150,120,7546.5
W-NWC,WNWC0473,2006,陕西省,Shanxi,8657026,9.244262295,15.78401639,4.342213115,2290.6,739.4,160.6,1282.5,2830.11,黄绵土,Cultivated loessial soils,loam,16,41.4,102,7.8,180,150,120,7791
W-NWC,WNWC0474,2006,陕西省,Shanxi,8657026,10.88759124,17.41642336,5.933941606,3018.2,1167,229.2,1403.7,3247.99,黄绵土,Cultivated loessial soils,loam,18.6,25.8,102,7.6,180,135,120,7300.5
W-NWC,WNWC0475,2007,陕西省,Shanxi,8657026,7.842040816,13.7922449,3.268571429,2092,562,150.5,1205.3,2745.99,黄绵土,Cultivated loessial soils,loam,16.7,40,98,7.6,180,135,120,7806
W-NWC,WNWC0476,2007,陕西省,Shanxi,8657026,7.842040816,13.7922449,3.268571429,2092,562,150.5,1205.3,2745.99,黄绵土,Cultivated loessial soils,loam,15.3,30.2,98,7.6,180,135,120,8373
W-NWC,WNWC0477,2007,陕西省,Shanxi,8657026,7.842040816,13.7922449,3.268571429,2092,562,150.5,1205.3,2745.99,黄绵土,Cultivated loessial soils,loam,16.2,28.1,98,7.6,180,135,120,9142.5
W-NWC,WNWC0478,2008,陕西省,Shanxi,8657026,8.623553719,15.00785124,3.680165289,2177.1,615.8,191.7,1239,2721.12,黄绵土,Cultivated loessial soils,loam,18.6,26.5,123,7.6,180,135,90,6603
W-NWC,WNWC0479,2008,陕西省,Shanxi,8657026,8.566115702,14.92644628,3.644214876,2163.2,601.9,191.7,1232,2705.94,黄绵土,Cultivated loessial soils,loam,19.1,30.4,117,7.6,180,135,90,7707
W-NWC,WNWC0480,2008,陕西省,Shanxi,8657026,8.610788382,15.0120332,3.650207469,2165.4,614.1,163.7,1239,2716.27,黄绵土,Cultivated loessial soils,loam,16.3,32.6,123,7.6,180,135,90,7827
W-NWC,WNWC0481,2006,陕西省,Shanxi,8657026,9.2025,15.81666667,4.207083333,2243.6,732.4,160.6,1275.3,2817.14,v土,Cumulic cinnamon soils,loam,14.1,20.9,201,7.7,180,150,120,7299
W-NWC,WNWC0482,2007,陕西省,Shanxi,8657026,7.842040816,13.7922449,3.268571429,2092,562,150.5,1205.3,2745.99,v土,Cumulic cinnamon soils,loam,15.4,21.4,130,7.9,165,120,90,7554
W-NWC,WNWC0483,2007,陕西省,Shanxi,8657026,7.842040816,13.7922449,3.268571429,2092,562,150.5,1205.3,2745.99,v土,Cumulic cinnamon soils,loam,12.4,28,130,8,165,120,90,7444.5
W-NWC,WNWC0484,2008,陕西省,Shanxi,8657026,8.802040816,15.19265306,3.865714286,2246.7,655.4,212.7,1253.7,2767.01,v土,Cumulic cinnamon soils,loam,17.6,31.5,102,7.7,180,135,75,7008
W-NWC,WNWC0485,2008,陕西省,Shanxi,8657026,8.76122449,15.14653061,3.825714286,2236.7,645.4,208,1253.7,2763.02,v土,Cumulic cinnamon soils,loam,18.6,34.6,129,7.7,180,135,75,7426.5
W-NWC,WNWC0486,2009,陕西省,Shanxi,8657027,8.349797571,14.89473684,3.882186235,2133.5,671.9,282.1,1274,2861.49,黄绵土,Cultivated loessial soils,loam,10.3,12.9,166,8.2,157.5,82.5,60,8352
W-NWC,WNWC0487,2009,陕西省,Shanxi,8657027,8.563492063,15.06309524,4.123015873,2229.1,717.5,298.4,1291.9,2919.54,黄绵土,Cultivated loessial soils,loam,12.5,18.2,144,8.1,157.5,82.5,60,8427
W-NWC,WNWC0488,2009,陕西省,Shanxi,8657027,8.088842975,14.63677686,3.627272727,2028.6,617,277.7,1246.7,2783.13,v土,Cumulic cinnamon soils,silty clay loam,14.2,12.7,161,7.3,157.5,82.5,60,8504.5
W-NWC,WNWC0489,2009,陕西省,Shanxi,8657027,8.351428571,14.93755102,3.842040816,2117.2,675.6,276.9,1280.2,2865.82,v土,Cumulic cinnamon soils,silty clay loam,14.3,16,125,6.8,157.5,82.5,60,7934
W-NWC,WNWC0490,2009,陕西省,Shanxi,8657027,8.681568627,15.15921569,4.258823529,2284.9,743.3,304.2,1304.4,2956.85,v土,Cumulic cinnamon soils,silty clay loam,15.2,17.1,140,7.5,157.5,82.5,60,8660.5
W-NWC,WNWC0491,2009,陕西省,Shanxi,8657027,8.127346939,14.57020408,3.739591837,2062.3,620.7,301,1241.1,2783.3,v土,Cumulic cinnamon soils,silty clay loam,12.7,14.9,69,7,157.5,82.5,60,8407.5
W-NWC,WNWC0492,2009,陕西省,Shanxi,8657027,7.849152542,14.45762712,3.341949153,1923.5,571.9,226.8,1234.3,2721.29,潮土,Fluvo-aquic soils,sandy loam,14.7,17.9,171,8.1,157.5,82.5,60,8407.5
W-NWC,WNWC0493,2009,陕西省,Shanxi,8657027,8.325,14.8125,3.901209677,2135.7,664.1,293.1,1263.2,2846.3,v土,Cumulic cinnamon soils,silty clay loam,14.2,10.5,133,8.2,157.5,82.5,60,8305
W-NWC,WNWC0494,2009,陕西省,Shanxi,8657027,7.935443038,14.46793249,3.463291139,1951.8,590.2,276.9,1227.4,2730.83,v土,Cumulic cinnamon soils,silt loam,14.2,18.3,120,8.3,157.5,82.5,60,8366.5
W-NWC,WNWC0495,2009,陕西省,Shanxi,8657027,8.01875,14.57416667,3.547083333,1995.6,604,276.9,1241.1,2762,v土,Cumulic cinnamon soils,silty clay loam,12.2,14.3,105,7.7,157.5,82.5,60,8627.5
W-NWC,WNWC0496,2008,陕西省,Shanxi,8657024,8.341393443,14.72008197,3.36147541,2130,586.2,202.7,1261.1,2758.56,v土,Cumulic cinnamon soils,silty clay loam,11.5,18.7,326,8,210,135,90,6487.5
W-NWC,WNWC0497,2008,陕西省,Shanxi,8657024,8.434693878,14.82163265,3.429387755,2161.2,607.4,202.7,1264.2,2775.75,v土,Cumulic cinnamon soils,silty clay loam,12.5,28.3,202,8.1,210,135,90,7209
W-NWC,WNWC0498,2008,陕西省,Shanxi,8657024,8.438306452,14.80201613,3.472580645,2187.4,603.6,245.7,1285.2,2809.87,潮土,Fluvo-aquic soils,sandy loam,15.4,21.8,279,8,210,135,90,7338
W-NWC,WNWC0499,2008,陕西省,Shanxi,8657024,8.318106996,14.70123457,3.330041152,2116,582.2,202.7,1254.2,2744.82,v土,Cumulic cinnamon soils,silty clay loam,11.5,18.7,218,8.2,210,135,90,7596
W-NWC,WNWC0500,2009,陕西省,Shanxi,8657024,7.62992126,13.83543307,2.732677165,2044.6,596.6,260.5,1443.7,3082.76,v土,Cumulic cinnamon soils,loam,14.8,10.5,159,7.9,255,135,90,7257
W-NWC,WNWC0501,2009,陕西省,Shanxi,8657024,7.111618257,13.38879668,2.170124481,1820.5,502.5,224.8,1395.6,2933,v土,Cumulic cinnamon soils,loam,15.7,19.3,243,8.1,180,135,75,5901
W-NWC,WNWC0502,2008,陕西省,Shanxi,8657024,7.914830508,14.2470339,2.994915254,1962.6,498.8,183.4,1207.3,2620.34,v土,Cumulic cinnamon soils,silty clay loam,14.8,28.3,167,8.1,210,135,90,8292
W-NWC,WNWC0503,2008,陕西省,Shanxi,8657024,8.434693878,14.82163265,3.429387755,2161.2,607.4,202.7,1264.2,2775.75,v土,Cumulic cinnamon soils,silty clay loam,13.7,19,325,8,210,135,90,6951
W-NWC,WNWC0504,2008,陕西省,Shanxi,8657024,8.434693878,14.82163265,3.429387755,2161.2,607.4,202.7,1264.2,2775.75,v土,Cumulic cinnamon soils,clay,15.8,27,189,7.9,210,135,90,7315.5
W-NWC,WNWC0505,2009,陕西省,Shanxi,8657024,7.353225806,13.57741935,2.448387097,1930.2,542.2,240.2,1419.3,2998.9,v土,Cumulic cinnamon soils,loam,18.2,19.3,181,8,255,135,90,7023
W-NWC,WNWC0506,2008,陕西省,Shanxi,8657024,8.374590164,14.75696721,3.384016393,2138.1,594.3,202.7,1256.4,2755.8,潮土,Fluvo-aquic soils,sandy loam,12.3,22.7,105,8,210,135,90,8475
W-NWC,WNWC0507,2009,陕西省,Shanxi,8657024,7.4248,13.6188,2.5556,1962.8,554.8,260.5,1421.3,3025.77,潮土,Fluvo-aquic soils,sandy loam,18.6,30.1,173,7.8,150,135,120,8176.5
W-NWC,WNWC0508,2007,陕西省,Shanxi,8657213,10.2628821,15.50131004,6.519213974,2377.4,731.9,240.4,870.1,2338.34,水稻土,Paddy soils,silty clay loam,26.1,21.4,50,6.5,135,60,60,5577
W-NWC,WNWC0509,2007,陕西省,Shanxi,8657128,9.340552995,15.19400922,5.206451613,2046.9,540.3,146,938.1,2302.32,水稻土,Paddy soils,loam,14.2,26.3,125,6.8,180,90,90,6043.5
W-NWC,WNWC0510,2007,陕西省,Shanxi,8657128,9.213953488,15.04604651,5.095813953,2001,514.4,146,922.6,2262.75,水稻土,Paddy soils,loam,16.2,33.6,131,6.7,180,90,75,5910
W-NWC,WNWC0511,2006,陕西省,Shanxi,8657128,9.984976526,15.69812207,5.968544601,2130.6,602.7,163.7,896.6,2231.14,水稻土,Paddy soils,loam,12.3,18.2,96,6.7,150,75,75,6765
W-NWC,WNWC0512,2007,陕西省,Shanxi,8657128,9.278971963,15.13084112,5.13364486,2005.7,529.1,146,923.8,2271.2,水稻土,Paddy soils,loam,15.6,32.3,129,6.8,180,90,90,6312
W-NWC,WNWC0513,2009,陕西省,Shanxi,8657126,9.141203704,14.69074074,5.293055556,1977.3,482.1,220.1,794.1,2040.4,水稻土,Paddy soils,loam,20.1,13.1,102,7.1,142.5,52.5,67.5,3771
W-NWC,WNWC0514,2009,陕西省,Shanxi,8657126,9.261818182,14.80818182,5.43,2040.4,505.2,226.5,808.2,2075.41,水稻土,Paddy soils,loam,11.3,9.4,112,7.4,142.5,52.5,67.5,4252.5
W-NWC,WNWC0515,2006,陕西省,Shanxi,8657126,9.788679245,15.99811321,5.462264151,2079.2,551.9,146.7,849,2089.83,水稻土,Paddy soils,loam,19.2,11,111,6.7,142.5,60,60,4938
W-NWC,WNWC0516,2007,陕西省,Shanxi,8657126,9.589400922,15.85069124,5.166359447,2091.4,559.9,163.4,920.9,2223.72,水稻土,Paddy soils,clay loam,18.2,27.3,110,7.3,142.5,52.5,67.5,4182
W-NWC,WNWC0517,2008,陕西省,Shanxi,8657126,9.857603687,15.57880184,6.029032258,2144.5,576.7,250.6,743.5,1967.53,水稻土,Paddy soils,clay loam,18.2,27.3,110,7.3,142.5,52.5,67.5,5285.5
W-NWC,WNWC0518,2006,陕西省,Shanxi,8657126,9.7507109,15.96161137,5.425592417,2061.4,544.1,146.7,842.4,2077.34,水稻土,Paddy soils,loam,21,9,96,8.3,142.5,60,60,4474.5
W-NWC,WNWC0519,2009,陕西省,Shanxi,8657126,9.228699552,14.71479821,5.48161435,2060.8,495.6,231.5,791.7,2042.23,水稻土,Paddy soils,loam,15,10.1,124,7.4,142.5,52.5,67.5,4893
W-NWC,WNWC0520,2006,陕西省,Shanxi,8657126,10.41050228,16.71826484,5.983105023,2283.9,686.6,180,899.4,2246.36,水稻土,Paddy soils,silty clay loam,22.6,14.1,114,6.6,142.5,60,60,4849.5
W-NWC,WNWC0521,2007,陕西省,Shanxi,8657126,9.855555556,16.16666667,5.356018519,2139.3,617.8,158.7,930.6,2262.02,水稻土,Paddy soils,silty clay loam,22.6,14.1,114,6.6,142.5,52.5,67.5,4999.5
W-NWC,WNWC0522,2009,陕西省,Shanxi,8657126,9.063255814,14.61581395,5.224651163,1951.4,466.2,220.1,785.6,2019.45,水稻土,Paddy soils,loam,19.2,14.5,134,6.7,142.5,52.5,67.5,3721.5
W-NWC,WNWC0523,2009,陕西省,Shanxi,8657126,8.881990521,14.38151659,5.088151659,1876.9,431.7,220.1,752.9,1948.49,水稻土,Paddy soils,loam,20,11.4,99,7.3,142.5,52.5,67.5,4819.5
W-NWC,WNWC0524,2006,陕西省,Shanxi,8657126,9.953521127,16.2,5.577934272,2124.1,586.8,146.7,863.8,2129.07,水稻土,Paddy soils,silty clay loam,11.2,6.7,127,6.8,142.5,60,60,5332.5
W-NWC,WNWC0525,2007,陕西省,Shanxi,8657126,9.609722222,15.88564815,5.166203704,2086.2,564.7,163.4,917.5,2221.02,水稻土,Paddy soils,silty clay loam,11.2,6.7,127,6.8,142.5,52.5,67.5,4906.5
W-NWC,WNWC0526,2009,陕西省,Shanxi,8657126,8.733816425,14.25217391,4.917391304,1810.7,405.5,209.9,741.2,1911.19,水稻土,Paddy soils,loam,17,6.6,117,7.6,142.5,52.5,67.5,4723.5
W-NWC,WNWC0527,2009,陕西省,Shanxi,8657126,9.088732394,14.63802817,5.24084507,1938.7,473.5,230.9,779,2012.49,水稻土,Paddy soils,silt loam,11.3,6.9,125,6.8,142.5,52.5,67.5,4906.5
W-NWC,WNWC0528,2007,陕西省,Shanxi,8657119,9.814155251,14.90045662,6.011872146,2171.9,595.9,150.2,801,2099.73,水稻土,Paddy soils,loam,23.9,12,120,7,150,75,60,7780.5
W-NWC,WNWC0529,2008,陕西省,Shanxi,8657119,9.493981481,14.25277778,5.960185185,2053.5,496.3,225.9,628.8,1793.09,水稻土,Paddy soils,clay loam,29.9,25.9,118,7,150,60,60,4360.5
W-NWC,WNWC0530,2009,陕西省,Shanxi,8657119,9.933777778,14.43866667,6.512444444,2235.7,599.2,250.3,612,1907.36,水稻土,Paddy soils,silty clay loam,30.5,35.8,136,6.8,150,60,60,5301
W-NWC,WNWC0531,2008,陕西省,Shanxi,8657119,9.529302326,14.2772093,6.002325581,2051.6,504.4,219.5,619.4,1790.46,水稻土,Paddy soils,silty clay loam,23.5,13.1,99,7,150,60,60,4731
W-NWC,WNWC0532,2007,陕西省,Shanxi,8657119,9.748165138,14.82706422,5.962844037,2147.7,581.7,150.2,791.2,2076.65,水稻土,Paddy soils,silty clay loam,11.4,40.8,99,7,150,75,60,7149
W-NWC,WNWC0533,2008,陕西省,Shanxi,8657119,9.598148148,14.35324074,6.070833333,2076,518.8,222.8,621.2,1804.3,水稻土,Paddy soils,sandy loam,20.1,10.7,113,7,150,60,60,6150
W-NWC,WNWC0534,2008,陕西省,Shanxi,8657119,9.542056075,14.29906542,6.012616822,2044.8,507.6,222.8,620.7,1792.19,水稻土,Paddy soils,silty clay loam,24,12,176,7,150,60,60,5212.5
W-NWC,WNWC0535,2008,陕西省,Shanxi,8657119,9.825909091,14.61954545,6.263636364,2164.5,567.3,222.8,647.8,1876.54,水稻土,Paddy soils,silty clay loam,24.2,18,98,7,150,60,60,4575
W-NWC,WNWC0536,2009,陕西省,Shanxi,8657119,9.856502242,14.37130045,6.422869955,2198.6,582.1,247.8,612,1895.67,水稻土,Paddy soils,sandy loam,28.8,12.1,103,6.8,150,60,60,5394
W-NWC,WNWC0537,2007,陕西省,Shanxi,8657119,9.656422018,14.74036697,5.872018349,2127.7,561.7,148.6,797.2,2077.15,水稻土,Paddy soils,clay loam,32.6,35.7,111,6.9,150,75,60,6279
W-NWC,WNWC0538,2008,陕西省,Shanxi,8657119,9.421153846,14.21971154,5.848557692,1962.4,485.2,215.9,609.1,1754.74,水稻土,Paddy soils,clay loam,23.5,19.7,178,6.9,150,60,60,5287.5
W-NWC,WNWC0539,2008,陕西省,Shanxi,8657119,9.734080717,14.46008969,6.235426009,2173.5,546.3,252.1,640.7,1857.71,水稻土,Paddy soils,silty clay loam,19,16.1,66,7,150,60,60,5700
W-NWC,WNWC0540,2009,陕西省,Shanxi,8657119,10.82392157,15.37019608,7.422745098,2760.7,824.2,334.1,733,2209.53,水稻土,Paddy soils,silty clay loam,25.6,14.6,109,6.9,150,60,60,4725
W-NWC,WNWC0541,2008,陕西省,Shanxi,8657119,9.797737557,14.57918552,6.249773756,2168.1,560.9,222.8,642.6,1867.49,水稻土,Paddy soils,silty clay loam,32.2,23.2,116,7,150,60,60,5584.5
W-NWC,WNWC0542,2009,陕西省,Shanxi,8657119,9.95619469,14.46946903,6.527433628,2250.7,604.2,250.3,618.8,1919.86,水稻土,Paddy soils,sandy loam,25.3,9.8,145,6.9,150,60,60,5223
W-NWC,WNWC0543,2007,陕西省,Shanxi,8657119,9.922972973,15.02972973,6.116666667,2225.5,619.5,159.6,813.4,2136.22,水稻土,Paddy soils,loam,32.4,26.7,123,7,150,75,60,7545
W-NWC,WNWC0544,2008,陕西省,Shanxi,8657057,8.248091603,15.39198473,3.046183206,2289.6,680,412.7,1436.9,3210.46,潮土,Fluvo-aquic soils,silty clay loam,14.7,31.7,106,7,105,75,30,2595
W-NWC,WNWC0545,2007,陕西省,Shanxi,8657057,6.685714286,13.79285714,1.325210084,1823.1,499.7,278.1,1301.2,2908.19,新积土,Alluvial?soils,sandy loam,21.6,9.3,127,7.7,90,60,30,2651.5
W-NWC,WNWC0546,2007,陕西省,Shanxi,8657057,6.917886179,14.02682927,1.578861789,1933.7,530.6,278.1,1337.1,2996.67,新积土,Alluvial?soils,sandy loam,35.6,33.6,173,6.8,75,60,30,2658
W-NWC,WNWC0547,2008,陕西省,Shanxi,8657057,8.073333333,15.21568627,2.850980392,2187.3,647.7,407,1410.4,3137.49,新积土,Alluvial?soils,silty clay loam,16.8,28.2,110,7,105,75,30,2730
W-NWC,WNWC0548,2008,陕西省,Shanxi,8657057,6.908333333,14.04342105,1.759210526,1703.7,426.5,342.4,1236.8,2709.24,水稻土,Paddy soils,clay,17.9,13.6,202,7.5,180,120,75,5074.5
W-NWC,WNWC0549,2007,陕西省,Shanxi,8657057,5.348325359,12.4937799,0.008133971,1349.7,301.5,196.8,1166.6,2517.57,水稻土,Paddy soils,clay,15.6,22.5,60,6.3,240,49.5,150,8050.5
W-NWC,WNWC0550,2007,陕西省,Shanxi,8657057,5.55631068,12.6223301,0.22038835,1376.5,338.4,196.8,1150,2515.56,水稻土,Paddy soils,clay,15.1,23.2,120,6.8,120,90,120,5299.5
W-NWC,WNWC0551,2007,陕西省,Shanxi,8657057,5.454954955,12.64459459,0.139189189,1442.9,280.4,209.6,1244.5,2652.46,潮土,Fluvo-aquic soils,sandy loam,16.4,16.6,94,7,240,49.5,150,4590
W-NWC,WNWC0552,2008,陕西省,Shanxi,8657057,5.960591133,13.01773399,0.910344828,1338.6,303.4,297.9,1076.7,2333.89,黄棕壤,Yellow-brown earths,clay loam,16.8,27.1,93,7.8,165,90,60,5550
W-NWC,WNWC0553,2008,陕西省,Shanxi,8657057,6.369014085,13.46901408,1.251643192,1485.2,351.5,316.6,1146,2494.47,水稻土,Paddy soils,clay,9.5,18.6,202,7,165,135,90,3150
W-NWC,WNWC0554,2009,陕西省,Shanxi,8657057,6.677824268,13.45774059,1.79832636,1714.1,476.1,376.3,1232.2,2789.6,水稻土,Paddy soils,clay,15.7,13.2,40,7.5,165,135,90,3990
W-NWC,WNWC0555,2006,陕西省,Shanxi,8653947,8.108812261,14.22873563,3.379693487,2214.5,665.4,201.3,1741.8,3489.91,黄绵土,Cultivated loessial soils,clay,10,18,150,7.8,127.5,90,90,6000
W-NWC,WNWC0556,2008,陕西省,Shanxi,8653947,6.514847162,12.77117904,1.931877729,1677,451.3,180.7,1434.2,2919.36,黄绵土,Cultivated loessial soils,loam,13.2,18,150,7.1,157.5,60,60,3900
W-NWC,WNWC0557,2006,陕西省,Shanxi,8653947,7.747540984,14.0057377,2.877868852,1988.5,609.4,137.3,1668.3,3320.58,黄绵土,Cultivated loessial soils,clay,10,6.2,80,7.2,150,90,60,7380
W-NWC,WNWC0558,2008,陕西省,Shanxi,8653947,6.860629921,13.01653543,2.392125984,1927.7,466.2,261,1511.4,3104.23,黄绵土,Cultivated loessial soils,loam,12.2,15.1,136,7.2,180,60,90,7080
W-NWC,WNWC0559,2008,陕西省,Shanxi,8653947,6.927822581,13.13629032,2.394758065,1903.2,498.1,215.1,1514.2,3106.76,黄绵土,Cultivated loessial soils,silty clay loam,10.8,17.4,92,7.2,210,75,105,3300
