crop,Tave_high,Tmax_high,Tmin_high,GDD>0_high,GDD>10_high,PRE_high,SSD_high,RAD_high,Tave_low,Tmax_low,Tmin_low,GDD>0_low,GDD>10_low,PRE_low,SSD_low,RAD_low
ER-SC,25.7 ,29.8 ,22.6 ,2160.0 ,1320.0 ,512.3 ,503.8 ,1431.8 ,25.2 ,29.3 ,22.1 ,1936.7 ,1166.7 ,496.2 ,450.0 ,1292.1 
ER-SC,26.4 ,30.8 ,23.3 ,2298.8 ,1428.8 ,645.2 ,465.9 ,1331.9 ,26.4 ,30.8 ,23.3 ,2298.8 ,1428.8 ,645.2 ,465.9 ,1331.9 
ER-SC,27.1 ,32.0 ,23.5 ,2433.2 ,1536.5 ,,632.6 ,1686.5 ,25.8 ,29.9 ,22.4 ,2090.7 ,1280.7 ,,391.8 ,1229.3 
ER-SC,25.6 ,30.0 ,22.2 ,2149.1 ,1309.1 ,513.1 ,509.3 ,1444.0 ,25.2 ,29.6 ,22.0 ,2118.9 ,1278.9 ,530.4 ,480.4 ,1396.5 
ER-SC,25.1 ,29.8 ,21.7 ,2054.8 ,1234.8 ,742.0 ,353.7 ,1174.1 ,25.7 ,30.1 ,22.6 ,2028.4 ,1238.4 ,527.1 ,358.0 ,1158.5 
ER-SC,26.0 ,29.8 ,23.2 ,2133.1 ,1313.1 ,582.6 ,456.9 ,1343.3 ,26.0 ,29.8 ,23.2 ,2133.1 ,1313.1 ,582.6 ,456.9 ,1343.3 
ER-SC,26.0 ,30.0 ,22.8 ,1742.3 ,1072.3 ,580.6 ,354.7 ,1068.2 ,26.0 ,30.0 ,22.8 ,1742.3 ,1072.3 ,580.6 ,354.7 ,1068.2 
ER-SC,25.1 ,30.0 ,21.4 ,1907.4 ,1147.4 ,774.7 ,387.8 ,1185.7 ,25.1 ,30.0 ,21.4 ,1907.4 ,1147.4 ,774.7 ,387.8 ,1185.7 
ER-SC,24.6 ,30.0 ,21.0 ,2681.4 ,1591.4 ,995.6 ,463.9 ,1539.0 ,23.8 ,29.0 ,20.3 ,2614.3 ,1514.3 ,1011.5 ,415.6 ,1459.6 
ER-SC,24.6 ,30.0 ,21.0 ,2681.4 ,1591.4 ,995.6 ,463.9 ,1539.0 ,23.8 ,29.0 ,20.3 ,2614.3 ,1514.3 ,1011.5 ,415.6 ,1459.6 
ER-SC,27.1 ,32.4 ,23.5 ,3007.1 ,1897.1 ,380.9 ,614.7 ,1802.8 ,27.8 ,33.1 ,24.2 ,2803.2 ,1793.2 ,379.1 ,594.4 ,1702.3 
ER-SC,26.9 ,32.0 ,23.2 ,2632.3 ,1652.3 ,622.4 ,680.6 ,1608.0 ,26.9 ,32.0 ,23.2 ,2632.3 ,1652.3 ,622.4 ,680.6 ,1608.0 
ER-SC,25.4 ,30.0 ,22.1 ,2492.1 ,1512.1 ,659.1 ,655.0 ,1786.7 ,25.4 ,30.0 ,22.1 ,2492.1 ,1512.1 ,659.1 ,655.0 ,1786.7 
ER-SC,27.3 ,31.5 ,24.2 ,2345.1 ,1485.1 ,545.9 ,494.2 ,1431.5 ,27.3 ,31.5 ,24.2 ,2345.1 ,1485.1 ,545.9 ,494.2 ,1431.5 
ER-SC,25.9 ,31.0 ,22.5 ,2159.2 ,1325.9 ,742.5 ,397.3 ,1255.8 ,26.1 ,31.2 ,22.7 ,2158.9 ,1332.2 ,662.6 ,419.0 ,1286.6 
ER-SC,25.7 ,30.5 ,22.4 ,2591.0 ,1581.0 ,735.2 ,447.6 ,1463.1 ,25.7 ,30.6 ,22.5 ,2535.0 ,1550.0 ,716.3 ,432.6 ,1420.7 
ER-SC,26.1 ,30.9 ,22.4 ,2580.8 ,1590.8 ,730.9 ,418.8 ,1395.0 ,26.3 ,31.1 ,22.6 ,2482.5 ,1537.5 ,722.0 ,406.1 ,1343.0 
ER-SC,28.3 ,32.1 ,25.5 ,2261.8 ,1461.8 ,1063.5 ,521.9 ,1434.5 ,28.3 ,32.1 ,25.5 ,2261.8 ,1461.8 ,1063.5 ,521.9 ,1434.5 
ER-SC,25.5 ,30.0 ,22.3 ,2705.7 ,1645.7 ,434.3 ,558.6 ,1673.2 ,25.5 ,30.0 ,22.3 ,2705.7 ,1645.7 ,434.3 ,558.6 ,1673.2 
ER-SC,25.5 ,30.1 ,22.5 ,2706.5 ,1646.9 ,453.9 ,634.5 ,1798.9 ,25.5 ,30.1 ,22.5 ,2706.5 ,1646.9 ,453.9 ,634.5 ,1798.9 
ER-SC,27.3 ,32.2 ,23.6 ,2432.0 ,1542.0 ,240.0 ,639.2 ,1692.8 ,26.5 ,31.5 ,22.8 ,2262.3 ,1408.3 ,312.9 ,480.8 ,1405.7 
ER-SC,25.8 ,30.6 ,22.2 ,2011.9 ,1231.9 ,260.5 ,507.5 ,1397.7 ,24.4 ,29.2 ,20.7 ,2174.0 ,1281.4 ,502.9 ,466.0 ,1404.6 
ER-SC,25.5 ,30.0 ,21.9 ,2004.7 ,1218.0 ,288.3 ,375.8 ,1184.3 ,24.4 ,28.9 ,20.8 ,2107.4 ,1239.9 ,267.3 ,381.8 ,1242.5 
ER-SC,25.5 ,30.5 ,21.8 ,1966.2 ,1196.2 ,242.0 ,475.4 ,1334.0 ,26.0 ,30.8 ,22.3 ,1947.8 ,1197.8 ,290.2 ,454.8 ,1287.5 
ER-SC,25.1 ,29.8 ,21.7 ,2054.8 ,1234.8 ,742.0 ,353.7 ,1174.1 ,25.7 ,30.1 ,22.6 ,2028.4 ,1238.4 ,527.1 ,358.0 ,1158.5 
ER-SC,24.8 ,29.4 ,21.4 ,2130.3 ,1270.3 ,669.3 ,487.9 ,1417.3 ,24.8 ,29.4 ,21.4 ,2130.3 ,1270.3 ,669.3 ,487.9 ,1417.3 
ER-SC,23.5 ,28.4 ,19.3 ,1951.7 ,1121.7 ,387.3 ,436.8 ,1311.5 ,23.7 ,28.5 ,19.6 ,1961.3 ,1133.8 ,387.3 ,429.2 ,1298.2 
ER-SC,27.0 ,32.0 ,23.8 ,2740.0 ,1725.0 ,612.6 ,520.6 ,1410.6 ,25.0 ,29.6 ,22.3 ,2577.8 ,1547.8 ,649.1 ,444.1 ,1716.1 
ER-SC,26.3 ,30.3 ,23.5 ,2336.7 ,1446.7 ,865.1 ,352.7 ,1219.7 ,26.3 ,30.3 ,23.5 ,2336.7 ,1446.7 ,865.1 ,352.7 ,1219.7 
ER-SC,25.2 ,29.9 ,22.2 ,2269.6 ,1369.6 ,,339.1 ,1206.3 ,25.6 ,30.4 ,22.5 ,2294.1 ,1399.1 ,,332.0 ,1191.6 
ER-SC,25.2 ,29.6 ,22.1 ,2554.1 ,1539.1 ,939.3 ,348.6 ,1302.8 ,26.3 ,30.8 ,23.4 ,2835.4 ,1758.8 ,1047.9 ,449.8 ,1507.0 
ER-SC,25.8 ,30.1 ,23.0 ,2299.3 ,1409.3 ,709.2 ,394.3 ,1219.4 ,25.9 ,30.4 ,22.9 ,2421.1 ,1486.1 ,764.7 ,406.8 ,1255.7 
ER-SC,25.1 ,29.7 ,22.2 ,2721.0 ,1636.0 ,1020.5 ,451.2 ,1517.1 ,25.3 ,30.2 ,22.1 ,2684.1 ,1624.1 ,1072.2 ,457.7 ,1512.9 
ER-SC,25.5 ,30.0 ,22.7 ,2681.4 ,1631.4 ,937.3 ,321.4 ,1415.6 ,25.6 ,30.1 ,22.8 ,2532.7 ,1542.7 ,915.0 ,297.9 ,1347.1 
ER-SC,25.4 ,29.6 ,22.5 ,2462.1 ,1492.1 ,1359.6 ,285.9 ,1161.7 ,25.4 ,29.6 ,22.5 ,2462.1 ,1492.1 ,1359.6 ,285.9 ,1161.7 
ER-SC,27.0 ,30.5 ,24.5 ,2729.2 ,1719.2 ,1252.0 ,426.6 ,1425.5 ,27.0 ,30.5 ,24.5 ,2729.2 ,1719.2 ,1252.0 ,426.6 ,1425.5 
ER-SC,25.2 ,29.3 ,22.7 ,2519.7 ,1519.7 ,,397.4 ,1365.1 ,25.3 ,29.3 ,22.7 ,2532.4 ,1532.4 ,,264.2 ,1144.9 
ER-SC,24.8 ,29.8 ,20.5 ,1958.2 ,1168.2 ,267.8 ,497.9 ,1387.3 ,24.5 ,29.7 ,20.7 ,1914.0 ,1134.0 ,304.7 ,444.8 ,1293.8 
ER-SC,25.3 ,30.0 ,21.7 ,1933.6 ,1169.3 ,382.2 ,372.6 ,1164.8 ,26.1 ,30.5 ,22.8 ,2287.8 ,1409.8 ,384.4 ,505.6 ,1465.0 
ER-SC,25.9 ,30.5 ,22.3 ,2172.0 ,1332.0 ,307.0 ,501.6 ,1429.9 ,26.0 ,30.7 ,22.5 ,2183.2 ,1343.2 ,386.0 ,475.8 ,1389.3 
ER-SC,25.9 ,30.7 ,22.3 ,2047.3 ,1257.3 ,436.4 ,398.0 ,1226.1 ,26.7 ,30.9 ,23.7 ,2005.2 ,1255.2 ,319.4 ,436.5 ,1260.8 
ER-SC,24.7 ,29.6 ,20.9 ,1975.7 ,1175.7 ,461.5 ,430.5 ,1281.4 ,24.7 ,29.6 ,20.9 ,1975.7 ,1175.7 ,461.5 ,430.5 ,1281.4 
ER-SC,25.9 ,30.5 ,22.4 ,2169.6 ,1332.4 ,375.5 ,514.7 ,1448.1 ,26.1 ,30.6 ,22.6 ,2071.0 ,1277.6 ,380.8 ,488.6 ,1375.0 
ER-SC,26.0 ,30.7 ,22.5 ,2106.4 ,1296.4 ,511.5 ,429.8 ,1290.3 ,25.5 ,30.3 ,21.9 ,2069.1 ,1257.1 ,566.4 ,444.0 ,1315.7 
ER-SC,25.8 ,30.7 ,22.2 ,1832.5 ,1122.5 ,353.3 ,345.9 ,1081.0 ,25.6 ,30.2 ,22.1 ,1943.8 ,1183.8 ,565.6 ,421.8 ,1242.4 
ER-SC,26.1 ,30.6 ,22.6 ,2243.3 ,1383.3 ,590.6 ,471.7 ,1395.0 ,26.1 ,30.6 ,22.6 ,2243.3 ,1383.3 ,590.6 ,471.7 ,1395.0 
ER-SC,24.5 ,29.8 ,20.9 ,2125.1 ,1255.1 ,698.0 ,411.5 ,1302.9 ,24.3 ,29.3 ,20.9 ,2106.2 ,1236.2 ,686.4 ,370.5 ,1229.3 
ER-SC,26.0 ,30.6 ,22.6 ,2239.6 ,1379.6 ,447.8 ,483.8 ,1416.0 ,26.0 ,30.6 ,22.6 ,2239.6 ,1379.6 ,447.8 ,483.8 ,1416.0 
ER-SC,26.0 ,30.7 ,22.7 ,2236.3 ,1376.3 ,488.9 ,434.9 ,1335.8 ,26.0 ,30.7 ,22.7 ,2236.3 ,1376.3 ,488.9 ,434.9 ,1335.8 
ER-SC,24.6 ,30.3 ,20.7 ,2116.8 ,1256.8 ,477.7 ,429.0 ,1325.9 ,24.6 ,30.3 ,20.7 ,2116.8 ,1256.8 ,477.7 ,429.0 ,1325.9 
ER-SC,25.9 ,31.2 ,22.0 ,1968.4 ,1208.4 ,498.2 ,420.8 ,1236.7 ,25.2 ,30.3 ,21.3 ,2194.9 ,1324.9 ,729.4 ,554.8 ,1534.5 
ER-SC,25.9 ,30.5 ,22.5 ,2208.2 ,1356.2 ,652.7 ,465.5 ,1379.0 ,25.8 ,30.6 ,22.2 ,2026.2 ,1239.5 ,627.8 ,420.5 ,1258.5 
ER-SC,25.0 ,30.8 ,20.8 ,2415.6 ,1448.1 ,498.5 ,522.0 ,1552.7 ,24.0 ,29.8 ,19.9 ,2690.4 ,1570.4 ,550.1 ,567.6 ,1728.0 
ER-SC,24.8 ,29.7 ,21.7 ,2632.3 ,1572.3 ,767.0 ,440.2 ,1476.9 ,24.8 ,29.7 ,21.7 ,2632.3 ,1572.3 ,767.0 ,440.2 ,1476.9 
ER-SC,23.8 ,28.7 ,20.5 ,2379.2 ,1379.2 ,,501.9 ,1544.6 ,25.5 ,30.3 ,22.3 ,2113.4 ,1283.4 ,,319.7 ,1125.2 
ER-SC,27.0 ,31.5 ,23.9 ,3019.3 ,1899.3 ,1373.0 ,500.5 ,1625.8 ,27.0 ,31.5 ,23.9 ,3019.3 ,1899.3 ,1373.0 ,500.5 ,1625.8 
ER-SC,26.6 ,31.3 ,23.3 ,2596.6 ,1621.6 ,673.9 ,474.9 ,1482.7 ,27.1 ,31.8 ,23.8 ,2656.3 ,1676.3 ,638.5 ,492.1 ,1514.7 
ER-SC,26.2 ,30.6 ,23.1 ,2439.9 ,1509.9 ,597.7 ,466.5 ,1392.3 ,27.3 ,32.3 ,23.9 ,2515.2 ,1595.2 ,531.8 ,496.7 ,1365.4 
ER-SC,27.5 ,31.2 ,25.0 ,2416.2 ,1536.2 ,926.7 ,445.3 ,1362.9 ,25.9 ,30.5 ,22.8 ,2621.0 ,1607.7 ,1196.6 ,425.8 ,1427.5 
ER-SC,26.9 ,31.3 ,24.0 ,2853.6 ,1793.6 ,1043.1 ,505.7 ,1587.8 ,27.1 ,31.5 ,24.2 ,2802.1 ,1768.7 ,1019.4 ,507.0 ,1572.4 
ER-SC,25.7 ,30.5 ,22.0 ,2052.5 ,1252.5 ,349.5 ,439.8 ,1297.4 ,26.1 ,30.8 ,22.7 ,1993.7 ,1230.4 ,354.3 ,432.5 ,1260.8 
ER-SC,25.9 ,30.8 ,22.1 ,2409.8 ,1479.8 ,373.8 ,516.5 ,1510.1 ,26.1 ,31.0 ,22.5 ,2126.4 ,1313.0 ,572.7 ,464.7 ,1352.3 
ER-SC,25.1 ,29.4 ,21.8 ,1893.0 ,1138.0 ,389.0 ,343.8 ,1110.7 ,25.2 ,30.0 ,21.7 ,2287.1 ,1381.1 ,516.4 ,483.1 ,1444.1 
ER-SC,25.1 ,30.0 ,21.3 ,2179.8 ,1309.8 ,514.0 ,494.9 ,1440.4 ,25.0 ,29.9 ,21.3 ,2146.2 ,1286.2 ,541.8 ,476.6 ,1402.9 
ER-SC,25.1 ,30.0 ,21.5 ,1909.8 ,1149.8 ,428.6 ,439.4 ,1271.6 ,24.9 ,29.7 ,21.3 ,1942.4 ,1162.4 ,448.4 ,439.4 ,1285.5 
ER-SC,25.9 ,30.7 ,22.4 ,2075.3 ,1275.3 ,507.0 ,439.9 ,1301.3 ,26.2 ,30.7 ,22.9 ,2250.9 ,1390.9 ,637.0 ,439.0 ,1342.9 
ER-SC,25.9 ,31.2 ,21.8 ,2049.7 ,1257.7 ,416.9 ,484.9 ,1368.5 ,25.0 ,29.6 ,21.5 ,2032.0 ,1219.1 ,395.6 ,482.4 ,1375.9 
ER-SC,26.0 ,30.3 ,22.7 ,2079.1 ,1279.1 ,475.8 ,531.7 ,1450.4 ,24.7 ,29.6 ,21.1 ,2172.5 ,1295.8 ,462.1 ,566.8 ,1557.0 
ER-SC,25.4 ,30.6 ,21.6 ,2105.3 ,1275.3 ,520.2 ,403.9 ,1263.5 ,25.5 ,30.8 ,21.7 ,2075.5 ,1263.0 ,428.0 ,413.0 ,1266.0 
ER-SC,25.8 ,31.3 ,21.5 ,2209.6 ,1354.6 ,468.6 ,528.7 ,1483.4 ,25.6 ,31.3 ,21.3 ,2069.5 ,1262.3 ,507.2 ,475.6 ,1363.4 
ER-SC,26.2 ,30.8 ,22.6 ,2280.1 ,1410.1 ,548.8 ,520.3 ,1477.7 ,25.6 ,30.5 ,21.9 ,2049.1 ,1249.1 ,464.4 ,465.7 ,1342.3 
ER-SC,28.2 ,31.8 ,25.7 ,2596.0 ,1676.0 ,676.4 ,503.6 ,1488.3 ,28.2 ,31.8 ,25.7 ,2596.0 ,1676.0 ,676.4 ,503.6 ,1488.3 
ER-SC,23.1 ,27.3 ,20.0 ,2236.2 ,1266.2 ,658.9 ,373.2 ,1310.1 ,23.6 ,28.1 ,20.2 ,2232.8 ,1284.1 ,589.9 ,403.5 ,1346.4 
ER-SC,24.3 ,28.3 ,21.3 ,1916.6 ,1126.6 ,762.9 ,278.1 ,1028.7 ,24.3 ,28.3 ,21.3 ,1916.6 ,1126.6 ,762.9 ,278.1 ,1028.7 
ER-SC,25.5 ,29.7 ,22.5 ,2169.1 ,1319.1 ,688.7 ,358.2 ,1203.0 ,26.3 ,30.9 ,23.0 ,2262.1 ,1402.1 ,740.3 ,400.1 ,1278.9 
ER-SC,24.0 ,27.7 ,21.2 ,2255.5 ,1315.5 ,660.0 ,456.5 ,1423.7 ,24.2 ,27.9 ,21.4 ,1959.0 ,1149.0 ,737.7 ,369.1 ,1190.5 
ER-SC,25.9 ,30.0 ,22.9 ,2230.9 ,1370.9 ,1133.8 ,342.7 ,1185.1 ,25.9 ,30.0 ,22.9 ,2230.9 ,1370.9 ,1133.8 ,342.7 ,1185.1 
ER-SC,25.3 ,30.1 ,22.0 ,2305.8 ,1395.8 ,836.5 ,325.9 ,1191.7 ,25.1 ,29.6 ,21.8 ,2210.0 ,1330.0 ,620.4 ,310.5 ,1142.9 
ER-SC,24.4 ,29.4 ,20.7 ,1979.6 ,1169.6 ,837.8 ,439.0 ,1304.1 ,25.5 ,29.5 ,22.5 ,2063.1 ,1253.1 ,1081.8 ,339.4 ,1144.3 
ER-SC,25.0 ,29.7 ,21.5 ,2050.2 ,1230.2 ,733.7 ,356.0 ,1177.5 ,25.1 ,29.7 ,21.8 ,2188.0 ,1318.0 ,1009.1 ,311.0 ,1139.6 
LR-SC,25.9 ,32.0 ,21.9 ,2741.2 ,1681.2 ,324.8 ,686.3 ,1724.7 ,26.0 ,32.0 ,22.1 ,2758.8 ,1698.8 ,324.8 ,678.1 ,1718.1 
LR-SC,24.1 ,29.1 ,20.6 ,2843.4 ,1663.4 ,353.0 ,648.7 ,1605.5 ,24.6 ,29.7 ,21.1 ,2719.9 ,1614.9 ,343.1 ,618.3 ,1548.2 
LR-SC,26.2 ,31.8 ,22.2 ,2409.9 ,1489.9 ,178.6 ,631.6 ,1454.8 ,26.2 ,31.8 ,22.2 ,2409.9 ,1489.9 ,178.6 ,631.6 ,1454.8 
LR-SC,25.5 ,30.0 ,22.2 ,2360.3 ,1435.3 ,244.5 ,516.0 ,1374.9 ,26.4 ,30.9 ,23.1 ,2188.6 ,1358.6 ,200.7 ,439.8 ,1241.5 
LR-SC,25.4 ,29.4 ,22.0 ,2347.1 ,1423.8 ,,535.6 ,1448.5 ,25.2 ,30.5 ,21.4 ,2144.6 ,1294.6 ,,484.5 ,1291.9 
LR-SC,25.1 ,29.9 ,21.6 ,2449.0 ,1474.0 ,183.9 ,540.2 ,1438.9 ,25.9 ,30.6 ,22.4 ,2266.3 ,1391.3 ,224.0 ,401.4 ,1184.5 
LR-SC,26.0 ,31.1 ,22.2 ,2323.1 ,1428.1 ,206.8 ,573.1 ,1483.8 ,24.9 ,30.1 ,21.3 ,2314.5 ,1384.5 ,237.5 ,501.3 ,1363.9 
LR-SC,26.6 ,30.5 ,23.5 ,2701.3 ,1686.3 ,279.1 ,569.9 ,1554.7 ,24.7 ,29.3 ,21.2 ,2498.9 ,1488.9 ,266.9 ,410.0 ,1268.7 
LR-SC,24.9 ,29.7 ,21.5 ,2368.7 ,1418.7 ,363.6 ,447.3 ,1295.0 ,25.5 ,30.7 ,21.8 ,2181.0 ,1324.3 ,208.9 ,466.0 ,1267.4 
LR-SC,27.2 ,32.4 ,23.4 ,2379.6 ,1504.6 ,256.4 ,576.4 ,1477.1 ,27.3 ,32.5 ,23.4 ,2371.0 ,1501.0 ,256.2 ,578.6 ,1481.4 
LR-SC,26.2 ,31.5 ,22.4 ,2515.6 ,1555.6 ,275.7 ,608.6 ,1526.7 ,26.4 ,31.8 ,22.4 ,2547.9 ,1582.9 ,202.5 ,615.9 ,1548.3 
LR-SC,27.4 ,32.0 ,24.1 ,2872.5 ,1827.5 ,324.8 ,730.3 ,1824.7 ,27.3 ,31.9 ,24.0 ,2751.1 ,1746.1 ,308.3 ,695.5 ,1738.5 
LR-SC,26.3 ,30.4 ,23.0 ,2265.3 ,1405.3 ,355.1 ,556.4 ,1410.9 ,26.7 ,30.8 ,23.4 ,2617.3 ,1637.3 ,382.3 ,640.1 ,1628.6 
LR-SC,25.9 ,31.6 ,22.0 ,2403.4 ,1476.7 ,321.1 ,545.8 ,1448.9 ,26.0 ,31.7 ,22.1 ,2416.3 ,1486.3 ,302.2 ,548.0 ,1456.2 
LR-SC,25.3 ,30.5 ,21.8 ,2375.8 ,1435.8 ,417.8 ,513.4 ,1315.2 ,25.5 ,30.6 ,22.1 ,2625.9 ,1595.9 ,421.8 ,568.8 ,1465.0 
LR-SC,24.7 ,30.4 ,21.0 ,2691.1 ,1601.1 ,366.8 ,659.4 ,1623.0 ,24.4 ,30.2 ,20.6 ,2612.0 ,1542.0 ,315.4 ,650.1 ,1585.0 
LR-SC,24.5 ,29.9 ,21.0 ,2689.7 ,1589.7 ,449.0 ,587.4 ,1611.3 ,24.4 ,29.7 ,20.9 ,2582.4 ,1522.4 ,406.3 ,564.6 ,1542.8 
LR-SC,24.7 ,29.8 ,21.2 ,2484.8 ,1478.2 ,245.2 ,581.7 ,1458.2 ,24.7 ,29.9 ,21.2 ,2641.0 ,1572.6 ,293.6 ,621.1 ,1555.4 
LR-SC,27.6 ,32.1 ,24.1 ,2369.3 ,1509.3 ,305.8 ,544.9 ,1376.5 ,27.5 ,32.1 ,24.0 ,2560.6 ,1630.6 ,324.7 ,599.9 ,1511.4 
LR-SC,23.5 ,28.7 ,19.9 ,2140.4 ,1230.4 ,321.1 ,426.7 ,1194.3 ,23.4 ,28.6 ,19.8 ,2156.5 ,1236.5 ,321.1 ,436.0 ,1211.3 
LR-SC,24.9 ,29.6 ,21.2 ,2413.4 ,1443.4 ,290.0 ,496.4 ,1523.9 ,25.1 ,29.8 ,21.4 ,2482.7 ,1492.7 ,304.1 ,507.1 ,1569.0 
LR-SC,23.7 ,28.8 ,20.1 ,2483.3 ,1433.3 ,199.4 ,557.9 ,1429.6 ,23.8 ,28.9 ,20.2 ,2410.1 ,1395.1 ,199.4 ,536.7 ,1380.8 
LR-SC,24.9 ,30.4 ,20.9 ,2538.4 ,1518.4 ,343.3 ,484.7 ,1354.7 ,24.5 ,30.1 ,20.5 ,2499.6 ,1479.6 ,329.3 ,480.5 ,1330.6 
LR-SC,26.0 ,30.6 ,22.7 ,2576.7 ,1586.7 ,345.7 ,561.2 ,1507.8 ,26.0 ,31.2 ,22.5 ,2732.0 ,1682.0 ,454.2 ,589.3 ,1591.2 
LR-SC,26.3 ,31.5 ,22.6 ,2394.9 ,1484.9 ,351.1 ,568.4 ,1491.6 ,25.0 ,30.2 ,21.4 ,2415.0 ,1450.0 ,307.4 ,448.9 ,1312.5 
LR-SC,24.4 ,29.5 ,20.9 ,2173.1 ,1283.1 ,189.7 ,521.1 ,1383.4 ,25.3 ,30.2 ,21.9 ,2206.0 ,1332.6 ,223.0 ,524.1 ,1383.4 
LR-SC,25.4 ,29.9 ,22.0 ,2417.4 ,1464.1 ,356.6 ,514.0 ,1402.1 ,26.7 ,31.3 ,23.3 ,2372.8 ,1482.8 ,361.1 ,531.6 ,1417.8 
LR-SC,26.2 ,30.9 ,22.9 ,2436.3 ,1506.3 ,390.8 ,514.2 ,1416.7 ,26.1 ,30.8 ,22.8 ,2396.9 ,1476.9 ,382.5 ,512.7 ,1404.8 
LR-SC,25.0 ,28.8 ,22.1 ,2419.6 ,1449.6 ,365.9 ,409.5 ,1241.9 ,25.4 ,29.7 ,22.5 ,2363.6 ,1433.6 ,392.4 ,377.2 ,1182.8 
LR-SC,25.9 ,30.5 ,22.7 ,2300.6 ,1414.8 ,234.5 ,479.7 ,1320.7 ,25.1 ,29.9 ,21.7 ,2225.4 ,1338.7 ,243.6 ,446.9 ,1249.4 
LR-SC,26.8 ,31.2 ,23.6 ,2220.3 ,1390.3 ,275.9 ,546.5 ,1390.8 ,26.1 ,31.8 ,22.1 ,2648.1 ,1631.5 ,312.1 ,696.7 ,1739.2 
LR-SC,26.9 ,31.9 ,23.4 ,2405.1 ,1510.1 ,174.4 ,465.9 ,1307.4 ,25.4 ,30.2 ,22.0 ,2519.3 ,1529.3 ,266.3 ,560.6 ,1462.4 
LR-SC,26.8 ,31.8 ,23.1 ,2694.0 ,1689.0 ,385.5 ,615.9 ,1607.5 ,26.1 ,31.5 ,22.4 ,2474.9 ,1527.4 ,294.0 ,529.7 ,1418.7 
LR-SC,26.1 ,31.0 ,22.7 ,2532.8 ,1562.8 ,269.7 ,506.6 ,1408.0 ,26.5 ,31.6 ,22.9 ,2452.7 ,1526.0 ,342.5 ,513.0 ,1392.3 
LR-SC,26.3 ,30.6 ,23.2 ,2262.8 ,1402.8 ,250.1 ,575.3 ,1430.1 ,26.0 ,30.5 ,22.8 ,2364.1 ,1454.1 ,250.7 ,543.1 ,1401.8 
LR-SC,25.8 ,30.8 ,22.3 ,2377.6 ,1457.6 ,255.0 ,570.4 ,1446.6 ,26.3 ,31.5 ,22.9 ,2237.8 ,1387.8 ,262.2 ,523.4 ,1354.6 
LR-SC,25.1 ,29.7 ,22.0 ,2613.6 ,1573.6 ,1077.1 ,531.7 ,1424.0 ,25.3 ,29.9 ,22.2 ,2498.8 ,1508.8 ,1077.4 ,497.1 ,1345.8 
LR-SC,27.0 ,33.3 ,22.9 ,2779.8 ,1749.8 ,401.6 ,614.0 ,1641.6 ,26.9 ,33.0 ,22.8 ,2937.1 ,1847.1 ,400.1 ,601.6 ,1626.6 
LR-SC,25.2 ,30.6 ,21.6 ,2869.8 ,1729.8 ,439.3 ,702.1 ,1718.6 ,25.2 ,30.6 ,21.6 ,2817.3 ,1697.3 ,381.3 ,695.8 ,1694.3 
LR-SC,26.1 ,31.0 ,22.9 ,2479.2 ,1529.2 ,666.7 ,473.9 ,1363.5 ,26.0 ,31.3 ,22.6 ,2638.7 ,1625.3 ,846.9 ,539.5 ,1524.6 
LR-SC,25.5 ,30.1 ,22.5 ,2508.3 ,1523.3 ,793.4 ,472.8 ,1314.7 ,25.5 ,30.1 ,22.5 ,2522.3 ,1532.3 ,795.6 ,475.3 ,1322.2 
LR-SC,25.7 ,30.4 ,22.5 ,2569.9 ,1569.9 ,534.4 ,442.9 ,1300.0 ,24.9 ,29.7 ,21.6 ,2265.6 ,1354.3 ,496.5 ,445.1 ,1207.6 
LR-SC,25.3 ,30.3 ,22.1 ,2382.5 ,1442.5 ,417.3 ,546.4 ,1396.7 ,26.0 ,31.2 ,22.5 ,2413.6 ,1483.6 ,271.0 ,551.9 ,1427.1 
LR-SC,24.4 ,29.2 ,21.2 ,2513.6 ,1481.1 ,606.8 ,549.8 ,1429.3 ,25.3 ,30.8 ,21.6 ,2375.2 ,1435.2 ,630.9 ,511.2 ,1339.8 
LR-SC,26.2 ,30.6 ,23.2 ,2589.6 ,1599.6 ,176.1 ,587.1 ,1569.0 ,26.0 ,31.3 ,22.4 ,2340.1 ,1438.5 ,226.7 ,514.3 ,1368.2 
LR-SC,26.6 ,31.6 ,23.2 ,2661.7 ,1661.7 ,288.6 ,608.3 ,1590.6 ,26.7 ,31.6 ,23.3 ,2451.4 ,1534.7 ,208.6 ,533.7 ,1421.8 
LR-SC,25.5 ,30.5 ,21.7 ,2164.7 ,1314.7 ,297.6 ,491.4 ,1318.4 ,25.7 ,30.6 ,22.2 ,2409.2 ,1473.2 ,232.7 ,524.3 ,1420.5 
LR-SC,26.2 ,30.9 ,22.8 ,2281.1 ,1411.1 ,250.1 ,477.1 ,1307.3 ,25.6 ,30.7 ,22.2 ,2200.7 ,1340.7 ,255.3 ,478.4 ,1301.9 
LR-SC,25.9 ,30.5 ,22.6 ,2307.7 ,1417.7 ,247.8 ,509.2 ,1356.5 ,25.8 ,30.8 ,22.1 ,2250.7 ,1379.5 ,257.9 ,453.0 ,1255.8 
LR-SC,26.0 ,31.7 ,22.0 ,2419.6 ,1489.6 ,251.5 ,634.9 ,1561.2 ,26.6 ,31.0 ,23.3 ,2550.9 ,1590.9 ,354.5 ,591.0 ,1526.5 
LR-SC,26.9 ,31.4 ,23.7 ,2581.3 ,1621.3 ,212.1 ,543.7 ,1420.0 ,26.8 ,31.6 ,23.3 ,2448.7 ,1533.7 ,224.1 ,542.1 ,1404.6 
LR-SC,26.1 ,31.5 ,22.5 ,2381.0 ,1467.7 ,293.3 ,494.4 ,1349.4 ,27.3 ,32.6 ,23.6 ,2501.8 ,1585.1 ,342.2 ,577.3 ,1488.6 
LR-SC,26.7 ,31.7 ,23.1 ,2378.7 ,1488.7 ,211.2 ,555.1 ,1423.1 ,26.5 ,31.8 ,22.8 ,2355.9 ,1467.3 ,269.3 ,513.6 ,1348.1 
LR-SC,25.7 ,30.6 ,22.3 ,2625.0 ,1605.0 ,430.3 ,550.6 ,1437.8 ,26.9 ,32.0 ,23.2 ,2561.9 ,1606.9 ,339.9 ,568.8 ,1454.6 
LR-SC,27.6 ,32.1 ,24.3 ,2367.3 ,1510.7 ,224.9 ,534.2 ,1369.8 ,26.1 ,31.0 ,22.8 ,2252.7 ,1390.2 ,237.0 ,471.5 ,1246.3 
LR-SC,25.3 ,29.6 ,22.5 ,2603.3 ,1573.3 ,314.1 ,439.2 ,1261.3 ,26.3 ,30.7 ,23.4 ,2390.9 ,1480.9 ,469.6 ,402.0 ,1173.3 
LR-SC,26.2 ,31.4 ,22.7 ,2464.9 ,1524.9 ,167.7 ,522.4 ,1420.6 ,26.1 ,31.9 ,22.2 ,2295.9 ,1410.9 ,134.9 ,505.5 ,1334.0 
LR-SC,25.1 ,30.4 ,21.1 ,2178.0 ,1310.5 ,180.8 ,482.2 ,1286.1 ,24.9 ,30.1 ,21.1 ,2224.7 ,1331.4 ,214.6 ,514.1 ,1344.0 
LR-SC,25.3 ,30.4 ,21.6 ,2425.2 ,1465.2 ,227.8 ,586.5 ,1516.2 ,25.8 ,30.7 ,22.3 ,2497.2 ,1529.9 ,219.2 ,593.3 ,1534.6 
LR-SC,26.1 ,30.2 ,23.2 ,2508.0 ,1548.0 ,241.9 ,498.6 ,1376.8 ,26.0 ,30.0 ,23.1 ,2521.2 ,1551.2 ,251.7 ,493.4 ,1369.9 
LR-SC,26.8 ,31.8 ,23.3 ,2451.5 ,1536.5 ,192.4 ,543.1 ,1442.5 ,25.9 ,31.1 ,22.3 ,2266.2 ,1390.2 ,111.0 ,482.4 ,1298.9 
LR-SC,26.3 ,30.7 ,23.0 ,2783.5 ,1723.5 ,175.9 ,686.0 ,1741.4 ,27.2 ,31.3 ,24.2 ,2451.5 ,1551.5 ,137.2 ,595.2 ,1510.5 
LR-SC,26.3 ,31.5 ,22.6 ,2364.8 ,1464.8 ,205.0 ,493.0 ,1314.5 ,27.4 ,32.7 ,23.6 ,2464.9 ,1562.4 ,200.6 ,554.9 ,1438.7 
LR-SC,26.1 ,31.4 ,22.3 ,2520.3 ,1551.5 ,238.7 ,611.2 ,1505.7 ,26.7 ,32.0 ,22.9 ,2571.4 ,1606.4 ,244.7 ,559.2 ,1454.3 
LR-SC,27.2 ,31.9 ,23.8 ,2340.1 ,1480.1 ,171.9 ,480.0 ,1279.6 ,26.8 ,31.9 ,23.3 ,2388.0 ,1498.0 ,191.8 ,489.0 ,1312.2 
LR-SC,25.1 ,29.8 ,21.7 ,2386.4 ,1436.4 ,441.9 ,486.8 ,1301.8 ,24.7 ,29.2 ,21.3 ,2614.5 ,1562.9 ,512.9 ,526.2 ,1423.5 
LR-SC,24.6 ,30.4 ,20.9 ,2265.3 ,1345.3 ,298.3 ,553.9 ,1388.8 ,24.6 ,30.4 ,20.9 ,2265.3 ,1345.3 ,298.3 ,553.9 ,1388.8 
LR-SC,26.1 ,30.9 ,22.9 ,2743.4 ,1693.4 ,417.6 ,633.5 ,1609.0 ,25.5 ,30.3 ,22.2 ,2571.7 ,1561.7 ,381.8 ,581.8 ,1471.1 
LR-SC,26.2 ,30.4 ,23.3 ,2514.1 ,1554.1 ,413.8 ,585.1 ,1521.8 ,24.5 ,28.7 ,21.7 ,2306.6 ,1367.3 ,425.6 ,543.2 ,1413.2 
LR-SC,26.4 ,31.1 ,23.2 ,2565.4 ,1595.4 ,122.7 ,578.9 ,1531.6 ,28.2 ,32.9 ,24.8 ,2615.5 ,1685.5 ,243.6 ,577.4 ,1546.0 
LR-SC,23.9 ,28.7 ,20.6 ,2200.9 ,1280.9 ,210.0 ,556.8 ,1439.5 ,24.2 ,28.9 ,20.8 ,2318.9 ,1360.0 ,265.2 ,579.8 ,1503.7 
LR-SC,24.8 ,28.8 ,21.8 ,2085.6 ,1245.6 ,226.6 ,406.4 ,1118.3 ,24.6 ,29.0 ,21.4 ,2582.2 ,1532.2 ,244.3 ,577.8 ,1489.8 
LR-SC,24.3 ,30.1 ,20.5 ,2335.7 ,1375.7 ,289.5 ,511.8 ,1377.7 ,25.8 ,30.8 ,22.4 ,2360.5 ,1447.2 ,282.0 ,518.5 ,1383.6 
LR-SC,24.8 ,30.4 ,20.8 ,2229.6 ,1329.6 ,226.5 ,572.3 ,1402.9 ,23.3 ,27.5 ,20.2 ,2794.9 ,1594.9 ,288.4 ,728.3 ,1741.9 
LR-SC,27.0 ,31.6 ,23.6 ,2404.0 ,1514.0 ,346.6 ,525.2 ,1381.7 ,27.0 ,31.5 ,23.5 ,2373.4 ,1493.4 ,326.4 ,515.9 ,1359.3 
M-NCP,26.2 ,31.7 ,21.5 ,2460.7 ,1520.7 ,620.0 ,688.3 ,1726.5 ,26.2 ,31.7 ,21.5 ,2460.7 ,1520.7 ,620.0 ,688.3 ,1726.5 
M-NCP,25.2 ,30.3 ,21.2 ,2720.3 ,1640.3 ,289.9 ,657.1 ,1671.8 ,25.2 ,30.3 ,21.3 ,2713.7 ,1638.7 ,291.5 ,652.4 ,1669.9 
M-NCP,23.8 ,29.5 ,19.3 ,2401.7 ,1391.7 ,223.9 ,562.7 ,1461.6 ,24.1 ,29.8 ,19.5 ,2530.8 ,1480.8 ,224.1 ,580.3 ,1530.5 
M-NCP,25.0 ,30.3 ,20.4 ,2648.4 ,1588.4 ,227.2 ,631.6 ,1639.9 ,24.8 ,30.2 ,20.3 ,2724.6 ,1626.6 ,227.2 ,655.4 ,1688.1 
M-NCP,24.7 ,30.7 ,19.4 ,2666.7 ,1586.7 ,406.0 ,607.1 ,1648.6 ,24.7 ,30.7 ,19.4 ,2666.7 ,1586.7 ,406.0 ,607.1 ,1648.6 
M-NCP,25.1 ,30.6 ,20.3 ,2684.8 ,1614.8 ,228.1 ,552.4 ,1555.6 ,25.3 ,30.8 ,20.5 ,2565.4 ,1550.4 ,217.2 ,534.5 ,1497.3 
M-NCP,24.9 ,30.5 ,20.1 ,2485.3 ,1485.3 ,358.3 ,592.4 ,1581.3 ,24.9 ,30.5 ,20.1 ,2485.3 ,1485.3 ,358.3 ,592.4 ,1581.3 
M-NCP,25.3 ,31.4 ,20.2 ,2529.5 ,1529.5 ,327.5 ,718.0 ,1812.5 ,24.6 ,30.5 ,19.7 ,2558.2 ,1518.2 ,345.5 ,708.7 ,1797.8 
M-NCP,26.0 ,31.4 ,21.5 ,2834.2 ,1744.2 ,295.7 ,685.4 ,1793.4 ,26.0 ,31.4 ,21.5 ,2706.8 ,1666.8 ,282.4 ,650.5 ,1692.4 
M-NCP,26.1 ,30.9 ,22.2 ,2606.2 ,1606.2 ,245.7 ,563.4 ,1557.7 ,26.1 ,30.9 ,22.2 ,2606.2 ,1606.2 ,245.7 ,563.4 ,1557.7 
M-NCP,25.2 ,30.0 ,21.2 ,2717.9 ,1637.9 ,460.2 ,588.8 ,1578.0 ,24.3 ,29.6 ,20.2 ,2599.1 ,1529.1 ,405.7 ,800.4 ,1875.7 
M-NCP,24.3 ,30.1 ,19.5 ,2555.8 ,1505.8 ,334.7 ,590.0 ,1582.1 ,24.3 ,30.0 ,19.5 ,2530.4 ,1490.4 ,334.9 ,580.6 ,1560.6 
M-NCP,24.1 ,29.7 ,19.6 ,2510.1 ,1470.1 ,463.6 ,687.4 ,1697.8 ,23.9 ,29.4 ,19.4 ,2552.6 ,1482.6 ,469.8 ,705.6 ,1730.6 
M-NCP,24.9 ,30.0 ,20.7 ,2761.3 ,1651.3 ,358.9 ,663.9 ,1731.8 ,24.9 ,30.0 ,20.7 ,2761.3 ,1651.3 ,358.9 ,663.9 ,1731.8 
M-NCP,25.1 ,30.1 ,20.6 ,2686.0 ,1616.0 ,368.4 ,798.9 ,1892.3 ,25.2 ,30.2 ,20.7 ,2678.8 ,1613.8 ,355.5 ,798.9 ,1889.9 
M-NCP,25.4 ,30.9 ,20.8 ,2701.7 ,1636.7 ,361.4 ,576.0 ,1583.6 ,25.4 ,30.9 ,20.8 ,2714.1 ,1644.1 ,361.4 ,576.3 ,1588.0 
M-NCP,24.5 ,29.4 ,20.5 ,2739.4 ,1619.4 ,426.2 ,582.8 ,1596.2 ,24.9 ,29.9 ,20.7 ,2714.2 ,1624.2 ,365.3 ,599.0 ,1616.5 
M-NCP,24.9 ,30.0 ,20.4 ,2747.6 ,1645.1 ,324.2 ,588.1 ,1596.8 ,25.2 ,30.4 ,20.6 ,2674.9 ,1614.9 ,281.6 ,577.0 ,1559.6 
M-NCP,25.0 ,30.0 ,21.0 ,2727.6 ,1637.6 ,262.8 ,757.5 ,1850.4 ,24.8 ,29.6 ,20.9 ,2675.6 ,1595.6 ,279.9 ,731.1 ,1793.9 
M-NCP,25.2 ,30.6 ,20.4 ,2645.2 ,1595.2 ,289.1 ,641.5 ,1684.4 ,24.4 ,29.7 ,19.8 ,2829.9 ,1669.9 ,339.1 ,666.3 ,1773.4 
M-NCP,25.3 ,30.7 ,21.0 ,2633.3 ,1593.3 ,241.0 ,475.1 ,1469.4 ,25.3 ,30.7 ,21.0 ,2633.3 ,1593.3 ,241.0 ,475.1 ,1469.4 
M-NCP,25.1 ,30.0 ,21.1 ,2483.1 ,1493.1 ,455.0 ,330.8 ,1221.4 ,25.0 ,30.0 ,21.1 ,2535.6 ,1522.2 ,483.8 ,331.5 ,1242.2 
M-NCP,24.2 ,29.0 ,20.6 ,2545.6 ,1495.6 ,331.5 ,512.1 ,1510.6 ,24.4 ,29.2 ,20.8 ,2637.9 ,1557.9 ,331.5 ,527.0 ,1568.7 
M-NCP,22.9 ,29.1 ,18.5 ,2707.9 ,1527.9 ,447.9 ,675.0 ,1823.4 ,23.0 ,29.1 ,18.5 ,2595.5 ,1465.5 ,444.4 ,649.5 ,1751.3 
M-NCP,25.1 ,29.7 ,21.6 ,2531.6 ,1521.6 ,587.0 ,472.6 ,1430.9 ,24.9 ,29.6 ,21.5 ,2517.0 ,1507.0 ,569.1 ,468.7 ,1409.2 
M-NCP,24.8 ,29.5 ,21.4 ,2477.4 ,1477.4 ,631.1 ,409.5 ,1309.6 ,24.9 ,29.6 ,21.4 ,2511.1 ,1501.1 ,631.1 ,414.7 ,1331.4 
M-NCP,25.2 ,29.8 ,21.9 ,2595.4 ,1565.4 ,507.0 ,490.9 ,1462.6 ,25.2 ,29.8 ,21.9 ,2584.6 ,1559.6 ,507.0 ,486.3 ,1453.1 
M-NCP,25.4 ,30.1 ,21.1 ,2713.6 ,1643.6 ,492.7 ,557.4 ,1592.7 ,25.4 ,30.1 ,21.1 ,2713.6 ,1643.6 ,492.7 ,557.4 ,1592.7 
M-NCP,25.6 ,29.9 ,22.0 ,2537.9 ,1545.9 ,560.6 ,562.1 ,1561.3 ,25.8 ,30.2 ,22.2 ,2530.8 ,1550.8 ,625.1 ,613.1 ,1640.1 
M-NCP,25.1 ,30.3 ,21.4 ,2582.5 ,1552.5 ,328.4 ,546.5 ,1536.4 ,25.2 ,30.3 ,21.5 ,2542.6 ,1532.6 ,328.4 ,526.3 ,1501.3 
M-NCP,25.9 ,30.5 ,22.1 ,2665.3 ,1635.3 ,324.4 ,533.3 ,1544.8 ,25.6 ,30.2 ,21.8 ,2913.8 ,1773.8 ,337.4 ,579.2 ,1679.6 
M-NCP,24.5 ,30.0 ,20.5 ,2570.4 ,1520.4 ,333.4 ,469.7 ,1416.7 ,24.5 ,30.0 ,20.5 ,2570.4 ,1520.4 ,333.4 ,469.7 ,1416.7 
M-NCP,24.4 ,29.5 ,20.4 ,2571.8 ,1519.3 ,514.8 ,546.8 ,1555.8 ,24.4 ,29.5 ,20.4 ,2598.9 ,1533.9 ,514.8 ,551.7 ,1569.1 
M-NCP,23.8 ,28.4 ,20.2 ,2827.4 ,1637.4 ,508.0 ,634.8 ,1776.9 ,23.8 ,28.4 ,20.2 ,2827.4 ,1637.4 ,508.0 ,634.8 ,1776.9 
M-NCP,24.5 ,29.8 ,20.0 ,2991.7 ,1771.7 ,515.3 ,736.1 ,1967.1 ,24.5 ,29.8 ,20.0 ,3003.1 ,1778.1 ,515.6 ,738.0 ,1972.2 
M-NCP,24.7 ,29.7 ,20.7 ,2644.1 ,1574.1 ,434.3 ,795.6 ,1887.6 ,24.7 ,29.7 ,20.7 ,2644.1 ,1574.1 ,434.3 ,795.6 ,1887.6 
M-NCP,23.2 ,28.3 ,19.1 ,2505.0 ,1425.0 ,406.9 ,498.4 ,1403.6 ,23.2 ,28.3 ,19.1 ,2505.0 ,1425.0 ,406.9 ,498.4 ,1403.6 
M-NCP,24.5 ,29.4 ,20.5 ,2766.4 ,1636.4 ,437.7 ,608.3 ,1652.9 ,24.5 ,29.4 ,20.5 ,2766.4 ,1636.4 ,437.7 ,608.3 ,1652.9 
M-NCP,24.1 ,29.0 ,20.3 ,2727.7 ,1597.7 ,594.4 ,708.4 ,1786.0 ,24.1 ,29.0 ,20.3 ,2727.7 ,1597.7 ,594.4 ,708.4 ,1786.0 
M-NCP,24.5 ,29.5 ,20.3 ,2600.6 ,1540.6 ,398.7 ,719.0 ,1780.0 ,24.6 ,29.7 ,20.4 ,2587.4 ,1537.4 ,398.7 ,720.9 ,1777.5 
M-NCP,24.3 ,29.2 ,20.0 ,2773.9 ,1633.9 ,239.9 ,674.9 ,1779.6 ,24.2 ,29.2 ,19.7 ,2958.3 ,1738.3 ,290.1 ,766.0 ,2009.3 
M-NCP,24.7 ,29.5 ,20.8 ,2720.2 ,1620.2 ,584.5 ,625.6 ,1644.2 ,25.0 ,29.7 ,21.0 ,2569.9 ,1539.9 ,581.9 ,597.9 ,1556.8 
M-NCP,23.2 ,28.5 ,19.3 ,2454.6 ,1394.6 ,368.3 ,580.2 ,1516.6 ,23.5 ,28.9 ,19.5 ,2523.9 ,1448.9 ,362.0 ,595.3 ,1564.6 
M-NCP,25.0 ,30.3 ,20.7 ,2704.3 ,1624.3 ,534.8 ,680.8 ,1757.2 ,25.0 ,30.2 ,20.7 ,2651.8 ,1591.8 ,537.1 ,656.2 ,1703.1 
M-NCP,25.3 ,30.0 ,21.3 ,2628.7 ,1588.7 ,419.1 ,589.2 ,1577.9 ,24.9 ,29.6 ,21.0 ,2758.4 ,1648.4 ,431.0 ,611.6 ,1647.8 
M-NCP,24.0 ,28.9 ,20.1 ,2592.7 ,1512.7 ,399.7 ,620.2 ,1613.1 ,24.0 ,29.0 ,20.1 ,2619.5 ,1529.5 ,399.7 ,625.3 ,1628.6 
M-NCP,23.9 ,28.8 ,20.1 ,2674.7 ,1554.7 ,432.1 ,605.0 ,1637.2 ,23.6 ,28.5 ,19.8 ,2692.8 ,1552.8 ,426.4 ,616.5 ,1656.8 
M-NCP,24.8 ,29.8 ,20.5 ,2644.1 ,1576.1 ,457.4 ,630.3 ,1651.4 ,24.6 ,29.6 ,20.4 ,2682.9 ,1592.9 ,474.0 ,630.4 ,1667.5 
M-NCP,24.9 ,29.6 ,21.0 ,2712.0 ,1622.0 ,364.2 ,808.2 ,1926.1 ,24.8 ,29.6 ,20.9 ,2743.6 ,1638.6 ,363.0 ,825.2 ,1955.0 
M-NCP,23.9 ,29.5 ,19.2 ,2633.2 ,1533.2 ,352.4 ,613.0 ,1641.6 ,23.9 ,29.5 ,19.2 ,2633.2 ,1533.2 ,352.4 ,613.0 ,1641.6 
M-NCP,24.8 ,30.0 ,20.7 ,2695.6 ,1608.6 ,271.3 ,611.8 ,1633.2 ,24.8 ,30.0 ,20.7 ,2761.2 ,1646.2 ,274.5 ,621.0 ,1667.1 
M-NCP,25.2 ,30.6 ,20.8 ,2595.0 ,1565.0 ,384.0 ,541.6 ,1551.0 ,25.2 ,30.6 ,20.8 ,2595.0 ,1565.0 ,384.0 ,541.6 ,1551.0 
M-NCP,25.4 ,30.0 ,21.7 ,2636.5 ,1596.5 ,512.4 ,456.9 ,1442.4 ,25.4 ,30.0 ,21.7 ,2636.5 ,1596.5 ,512.4 ,456.9 ,1442.4 
M-NCP,23.4 ,29.0 ,19.7 ,2553.7 ,1463.7 ,215.9 ,574.1 ,1625.7 ,23.6 ,29.2 ,19.9 ,2599.2 ,1499.2 ,201.2 ,584.7 ,1654.7 
M-NCP,25.3 ,30.5 ,21.1 ,2567.3 ,1550.6 ,244.5 ,639.4 ,1713.3 ,25.4 ,30.8 ,21.1 ,2544.0 ,1544.0 ,219.5 ,652.4 ,1734.1 
M-NCP,24.8 ,29.9 ,21.0 ,2626.5 ,1566.5 ,380.8 ,556.1 ,1587.3 ,24.8 ,30.0 ,21.0 ,2604.6 ,1554.6 ,380.8 ,563.5 ,1596.3 
M-NCP,24.6 ,29.8 ,20.9 ,2412.5 ,1432.5 ,441.6 ,432.1 ,1348.9 ,24.7 ,29.9 ,21.0 ,2395.8 ,1425.8 ,441.6 ,421.7 ,1330.6 
M-NCP,25.6 ,30.2 ,22.1 ,2556.1 ,1556.1 ,354.9 ,470.9 ,1405.1 ,25.8 ,30.6 ,22.0 ,2654.9 ,1624.9 ,348.8 ,457.1 ,1417.3 
M-NCP,25.2 ,29.8 ,21.3 ,2718.8 ,1638.8 ,275.9 ,581.3 ,1583.7 ,25.2 ,29.8 ,21.3 ,2718.8 ,1638.8 ,275.9 ,581.3 ,1583.7 
M-NCP,25.5 ,30.4 ,21.8 ,2689.7 ,1634.7 ,374.9 ,581.8 ,1618.5 ,25.1 ,30.0 ,21.5 ,2866.5 ,1726.5 ,378.7 ,609.7 ,1713.6 
M-NCP,24.2 ,29.3 ,20.2 ,2733.4 ,1603.4 ,571.7 ,594.8 ,1669.1 ,24.2 ,29.3 ,20.2 ,2733.4 ,1603.4 ,571.7 ,594.8 ,1669.1 
M-NCP,24.8 ,30.2 ,20.3 ,2812.0 ,1679.5 ,422.8 ,691.2 ,1850.9 ,24.6 ,29.6 ,20.3 ,2935.9 ,1740.9 ,428.0 ,592.5 ,1675.0 
M-NCP,24.8 ,30.5 ,20.1 ,2365.1 ,1410.1 ,301.7 ,657.9 ,1629.7 ,24.3 ,30.0 ,19.7 ,2351.5 ,1381.5 ,296.6 ,659.2 ,1612.6 
M-NCP,24.1 ,29.5 ,19.5 ,2484.2 ,1454.2 ,313.8 ,704.0 ,1726.1 ,24.0 ,29.4 ,19.5 ,2526.9 ,1475.2 ,313.9 ,709.2 ,1742.8 
M-NCP,24.0 ,30.0 ,18.5 ,2424.0 ,1414.0 ,318.6 ,619.7 ,1594.6 ,24.1 ,30.1 ,18.5 ,2549.9 ,1489.9 ,328.2 ,645.4 ,1676.2 
M-NCP,24.8 ,30.0 ,20.4 ,2827.8 ,1687.8 ,363.0 ,901.6 ,2082.0 ,24.9 ,30.0 ,20.4 ,2721.4 ,1624.8 ,341.4 ,877.7 ,2026.2 
M-NCP,24.8 ,30.3 ,19.9 ,2626.8 ,1566.8 ,456.4 ,841.3 ,1971.0 ,24.9 ,30.4 ,20.0 ,2604.0 ,1556.5 ,456.4 ,838.9 ,1964.7 
M-NCP,24.7 ,30.0 ,20.1 ,3008.0 ,1788.0 ,443.0 ,907.9 ,2244.2 ,24.6 ,30.0 ,20.1 ,3056.4 ,1813.9 ,443.1 ,922.8 ,2272.7 
M-NCP,24.9 ,30.7 ,20.0 ,2930.5 ,1753.8 ,657.0 ,854.1 ,2079.7 ,24.9 ,30.7 ,20.0 ,2937.9 ,1757.9 ,657.0 ,856.6 ,2084.6 
M-NCP,25.0 ,30.1 ,20.9 ,2580.1 ,1550.1 ,637.0 ,671.1 ,1713.7 ,25.1 ,30.3 ,20.9 ,2690.3 ,1620.3 ,637.3 ,717.0 ,1816.0 
M-NCP,24.8 ,29.9 ,20.6 ,2753.5 ,1643.5 ,602.8 ,744.7 ,1857.9 ,24.8 ,29.9 ,20.6 ,2753.5 ,1643.5 ,602.8 ,744.7 ,1857.9 
M-NCP,23.7 ,29.2 ,19.4 ,2507.4 ,1447.4 ,423.3 ,683.2 ,1704.5 ,23.7 ,29.3 ,19.3 ,2461.9 ,1421.9 ,417.6 ,679.4 ,1683.6 
M-NCP,25.0 ,30.7 ,20.2 ,2724.8 ,1633.1 ,497.2 ,696.7 ,1787.2 ,24.9 ,30.7 ,20.1 ,2811.8 ,1681.8 ,502.7 ,711.8 ,1829.5 
M-NCP,24.6 ,29.9 ,20.2 ,2801.0 ,1661.0 ,377.3 ,776.0 ,1888.7 ,24.9 ,30.1 ,20.6 ,2738.4 ,1638.4 ,378.0 ,733.4 ,1828.9 
M-NCP,25.3 ,30.7 ,20.8 ,2655.2 ,1605.2 ,454.7 ,684.7 ,1742.8 ,25.3 ,30.7 ,20.8 ,2681.0 ,1621.0 ,454.7 ,694.9 ,1766.4 
M-NCP,24.5 ,29.8 ,20.3 ,2718.9 ,1608.9 ,431.4 ,648.2 ,1701.8 ,24.2 ,29.5 ,20.0 ,2761.4 ,1621.4 ,431.4 ,660.2 ,1727.4 
M-NCP,24.4 ,30.4 ,18.7 ,2752.2 ,1622.2 ,385.1 ,781.5 ,1937.0 ,24.4 ,30.4 ,18.7 ,2752.2 ,1622.2 ,385.1 ,781.5 ,1937.0 
M-NCP,25.0 ,30.4 ,20.3 ,2632.4 ,1577.4 ,391.5 ,706.6 ,1759.4 ,25.0 ,30.4 ,20.3 ,2620.5 ,1570.5 ,380.9 ,704.3 ,1754.5 
M-NCP,25.7 ,31.1 ,21.7 ,2670.9 ,1630.9 ,342.5 ,534.2 ,1572.1 ,25.8 ,31.2 ,21.8 ,2630.9 ,1610.9 ,340.7 ,526.0 ,1548.5 
M-NCP,25.4 ,30.6 ,21.0 ,2715.8 ,1645.8 ,355.7 ,677.5 ,1756.4 ,25.4 ,30.7 ,21.0 ,2744.5 ,1664.5 ,355.7 ,695.0 ,1792.1 
M-NCP,24.4 ,29.0 ,20.6 ,2636.2 ,1556.2 ,447.3 ,749.9 ,1834.5 ,24.4 ,29.0 ,20.6 ,2636.2 ,1556.2 ,447.3 ,749.9 ,1834.5 
M-NCP,24.8 ,29.9 ,20.5 ,2530.2 ,1510.2 ,328.9 ,704.2 ,1757.1 ,24.4 ,29.6 ,19.9 ,2703.6 ,1593.6 ,326.0 ,766.7 ,1877.7 
M-NCP,24.6 ,30.1 ,20.2 ,2634.2 ,1564.2 ,466.2 ,752.1 ,1896.0 ,24.7 ,30.1 ,20.2 ,2543.2 ,1513.2 ,465.1 ,731.2 ,1833.0 
M-NCP,25.4 ,29.8 ,22.0 ,2604.6 ,1579.6 ,359.6 ,497.8 ,1473.4 ,25.4 ,29.9 ,21.9 ,2695.8 ,1635.8 ,359.6 ,527.1 ,1545.4 
M-NCP,25.3 ,30.4 ,21.0 ,2679.9 ,1619.9 ,367.6 ,748.8 ,1831.1 ,25.4 ,30.5 ,21.1 ,2664.4 ,1614.4 ,367.6 ,738.9 ,1813.3 
M-NCP,25.2 ,30.5 ,20.6 ,2857.1 ,1722.1 ,411.7 ,743.6 ,1857.9 ,25.4 ,30.7 ,20.8 ,2866.1 ,1736.1 ,409.9 ,735.1 ,1859.5 
M-NCP,26.5 ,31.3 ,22.4 ,2837.3 ,1767.3 ,354.0 ,716.3 ,1809.7 ,26.5 ,31.3 ,22.4 ,2837.3 ,1767.3 ,354.0 ,716.3 ,1809.7 
M-NCP,25.4 ,30.3 ,21.5 ,2669.3 ,1619.3 ,292.2 ,595.0 ,1575.2 ,25.7 ,30.7 ,21.8 ,2850.1 ,1743.5 ,295.6 ,657.9 ,1736.7 
M-NCP,25.4 ,30.7 ,20.7 ,2664.2 ,1614.2 ,347.1 ,636.1 ,1577.1 ,25.5 ,30.8 ,20.9 ,2652.3 ,1612.3 ,347.1 ,629.9 ,1567.4 
M-NCP,25.4 ,30.1 ,21.1 ,2856.0 ,1728.5 ,405.2 ,646.3 ,1710.0 ,25.0 ,29.9 ,20.7 ,3000.4 ,1800.4 ,405.2 ,705.3 ,1824.2 
W-NCP,9.0 ,14.5 ,4.5 ,2388.2 ,863.5 ,70.3 ,1436.8 ,2940.8 ,9.0 ,14.6 ,4.5 ,2427.3 ,874.3 ,75.1 ,1457.4 ,2973.7 
W-NCP,8.4 ,14.6 ,3.3 ,2266.3 ,785.7 ,84.4 ,1468.0 ,2971.1 ,8.5 ,14.7 ,3.4 ,2306.6 ,808.5 ,84.4 ,1490.8 ,3014.4 
W-NCP,8.3 ,14.6 ,3.4 ,2198.4 ,750.2 ,64.4 ,1527.2 ,3003.3 ,8.3 ,14.6 ,3.4 ,2212.9 ,748.2 ,66.5 ,1539.4 ,3017.2 
W-NCP,7.7 ,14.6 ,1.4 ,2141.5 ,692.3 ,96.9 ,1490.8 ,3033.7 ,7.7 ,14.6 ,1.4 ,2141.5 ,692.3 ,96.9 ,1490.8 ,3033.7 
W-NCP,9.5 ,14.8 ,5.5 ,2254.1 ,740.9 ,168.9 ,1362.0 ,2856.4 ,9.8 ,15.0 ,5.7 ,2337.9 ,794.7 ,168.9 ,1375.7 ,2906.9 
W-NCP,9.1 ,15.9 ,3.6 ,2208.5 ,755.6 ,166.9 ,1359.8 ,2916.4 ,9.0 ,15.8 ,3.6 ,2238.2 ,742.8 ,178.2 ,1367.7 ,2932.2 
W-NCP,9.6 ,15.2 ,5.1 ,2339.1 ,791.0 ,132.3 ,1285.6 ,2808.7 ,9.3 ,14.9 ,4.8 ,2182.2 ,724.1 ,131.7 ,1248.2 ,2716.8 
W-NCP,9.6 ,15.2 ,5.1 ,2168.8 ,732.7 ,152.1 ,1151.1 ,2587.5 ,9.5 ,15.2 ,5.0 ,2178.9 ,732.3 ,155.3 ,1151.1 ,2596.0 
W-NCP,9.5 ,14.6 ,4.8 ,2506.6 ,907.6 ,179.0 ,1515.6 ,3070.4 ,9.5 ,14.6 ,4.8 ,2506.6 ,907.6 ,179.0 ,1515.6 ,3070.4 
W-NCP,10.9 ,16.2 ,6.7 ,2938.7 ,1183.2 ,145.9 ,1594.9 ,3279.3 ,10.8 ,16.1 ,6.6 ,2927.4 ,1154.2 ,150.5 ,1603.1 ,3279.4 
W-NCP,7.9 ,14.5 ,2.3 ,2170.8 ,802.8 ,110.2 ,1692.7 ,3174.5 ,8.3 ,14.5 ,2.8 ,2205.4 ,811.6 ,113.3 ,1585.8 ,3055.8 
W-NCP,9.6 ,15.6 ,4.8 ,2506.3 ,949.3 ,104.9 ,1596.9 ,3143.2 ,8.9 ,15.0 ,4.0 ,2310.9 ,858.4 ,125.0 ,1539.2 ,3048.0 
W-NCP,9.5 ,15.7 ,4.5 ,2398.6 ,861.8 ,152.0 ,1656.3 ,3251.5 ,9.5 ,15.7 ,4.5 ,2398.6 ,861.8 ,152.0 ,1656.3 ,3251.5 
W-NCP,9.2 ,15.5 ,4.3 ,2373.2 ,889.6 ,117.0 ,1611.6 ,3131.7 ,9.2 ,15.3 ,4.5 ,2360.5 ,891.3 ,113.5 ,1527.1 ,3036.7 
W-NCP,8.8 ,14.6 ,4.2 ,2320.1 ,866.6 ,132.4 ,1496.4 ,2958.1 ,8.6 ,14.4 ,4.0 ,2243.3 ,819.8 ,132.4 ,1473.9 ,2904.9 
W-NCP,8.2 ,14.1 ,3.1 ,2096.2 ,747.0 ,109.5 ,1616.9 ,3048.1 ,8.3 ,14.2 ,3.2 ,2123.8 ,764.6 ,109.5 ,1626.7 ,3070.9 
W-NCP,9.5 ,15.6 ,4.3 ,2471.0 ,959.9 ,132.7 ,1444.9 ,2975.6 ,9.6 ,15.6 ,4.5 ,2500.1 ,969.9 ,140.1 ,1455.2 ,2992.1 
W-NCP,7.7 ,13.9 ,2.5 ,2220.0 ,810.8 ,149.3 ,1737.6 ,3246.7 ,8.0 ,14.2 ,3.0 ,2315.0 ,843.0 ,161.0 ,1743.7 ,3282.2 
W-NCP,9.3 ,15.7 ,3.6 ,2410.7 ,907.6 ,122.8 ,1407.2 ,2983.5 ,8.8 ,15.6 ,2.8 ,2339.8 ,861.9 ,127.3 ,1488.5 ,3069.5 
W-NCP,9.4 ,15.5 ,4.5 ,2007.1 ,598.7 ,164.8 ,1099.8 ,2445.5 ,9.3 ,15.4 ,4.4 ,1955.0 ,580.0 ,171.1 ,1077.1 ,2399.2 
W-NCP,9.3 ,15.6 ,4.2 ,2378.2 ,872.5 ,180.9 ,1217.4 ,2776.3 ,8.6 ,14.8 ,3.5 ,2115.9 ,714.2 ,179.9 ,1160.3 ,2609.7 
W-NCP,10.0 ,17.4 ,4.3 ,2440.1 ,867.7 ,112.9 ,1419.9 ,2996.9 ,9.9 ,17.3 ,4.2 ,2363.7 ,846.3 ,103.6 ,1374.2 ,2924.3 
W-NCP,10.1 ,15.5 ,6.0 ,2410.7 ,795.1 ,193.7 ,1128.8 ,3072.2 ,10.2 ,15.7 ,6.0 ,2422.1 ,806.8 ,211.4 ,1149.9 ,2941.2 
W-NCP,10.4 ,16.1 ,5.6 ,2392.8 ,821.6 ,198.1 ,1267.9 ,2748.6 ,10.5 ,16.2 ,5.8 ,2445.6 ,851.0 ,199.6 ,1269.9 ,2772.2 
W-NCP,10.5 ,16.5 ,5.5 ,2521.3 ,876.8 ,243.4 ,1106.6 ,2603.5 ,10.5 ,16.5 ,5.5 ,2521.3 ,876.8 ,243.4 ,1106.6 ,2603.5 
W-NCP,9.9 ,16.0 ,5.0 ,2163.0 ,679.9 ,311.7 ,1118.2 ,2523.7 ,9.7 ,15.9 ,4.8 ,2110.4 ,652.3 ,311.7 ,1106.2 ,2494.6 
W-NCP,10.8 ,16.0 ,6.1 ,2726.2 ,1045.2 ,153.4 ,1308.8 ,2832.7 ,10.8 ,16.0 ,6.1 ,2726.2 ,1045.2 ,153.4 ,1308.8 ,2832.7 
W-NCP,9.0 ,14.5 ,4.7 ,2491.5 ,941.7 ,135.4 ,1634.5 ,3117.9 ,9.0 ,14.5 ,4.7 ,2479.1 ,932.6 ,139.1 ,1636.4 ,3115.5 
W-NCP,8.0 ,13.9 ,2.8 ,2206.1 ,747.0 ,195.1 ,1557.9 ,3059.7 ,8.1 ,13.9 ,3.0 ,2203.5 ,752.2 ,171.4 ,1539.4 ,3037.1 
W-NCP,8.3 ,14.1 ,3.5 ,2208.4 ,732.4 ,193.9 ,1631.5 ,3163.7 ,8.0 ,14.0 ,2.9 ,2119.4 ,700.1 ,183.8 ,1620.6 ,3126.2 
W-NCP,8.2 ,14.3 ,3.5 ,2127.9 ,708.4 ,153.1 ,1590.9 ,3091.7 ,8.2 ,14.1 ,3.4 ,2139.7 ,722.0 ,154.7 ,1664.2 ,3193.1 
W-NCP,8.7 ,14.2 ,4.0 ,2299.1 ,800.3 ,229.8 ,1515.5 ,3044.7 ,8.7 ,14.2 ,4.0 ,2299.1 ,800.3 ,229.8 ,1515.5 ,3044.7 
W-NCP,8.4 ,13.9 ,3.8 ,2276.3 ,804.3 ,170.3 ,1336.3 ,2848.9 ,8.3 ,13.8 ,3.7 ,2224.0 ,772.0 ,160.4 ,1343.9 ,2838.4 
W-NCP,8.4 ,14.4 ,3.4 ,2260.4 ,764.3 ,183.4 ,1553.7 ,3101.3 ,8.4 ,14.4 ,3.5 ,2284.0 ,772.9 ,200.0 ,1553.1 ,3107.4 
W-NCP,9.0 ,14.5 ,4.5 ,2279.9 ,808.1 ,165.4 ,1656.6 ,3200.9 ,8.6 ,14.1 ,4.1 ,2111.4 ,726.2 ,143.6 ,1589.0 ,3061.7 
W-NCP,6.6 ,12.7 ,1.4 ,1914.7 ,596.7 ,159.0 ,1611.1 ,3026.7 ,6.9 ,13.0 ,1.9 ,2015.8 ,624.9 ,134.5 ,1740.9 ,3244.0 
W-NCP,7.4 ,14.1 ,1.5 ,2019.2 ,632.0 ,137.6 ,1403.0 ,2889.4 ,7.4 ,14.1 ,1.5 ,2019.2 ,632.0 ,137.6 ,1403.0 ,2889.4 
W-NCP,7.6 ,14.0 ,1.9 ,1998.5 ,625.1 ,121.0 ,1475.8 ,2952.7 ,7.6 ,14.0 ,1.9 ,2004.3 ,625.9 ,125.5 ,1471.3 ,2947.9 
W-NCP,8.0 ,14.4 ,2.2 ,2129.3 ,718.5 ,146.5 ,1699.7 ,3285.8 ,8.0 ,14.4 ,2.2 ,2129.3 ,718.5 ,146.5 ,1699.7 ,3285.8 
W-NCP,9.3 ,15.4 ,4.0 ,2283.4 ,717.6 ,157.7 ,1267.5 ,2778.0 ,9.3 ,15.4 ,4.0 ,2283.4 ,717.6 ,157.7 ,1267.5 ,2778.0 
W-NCP,9.8 ,15.6 ,5.1 ,2419.6 ,769.8 ,273.1 ,1477.7 ,3057.2 ,9.7 ,15.4 ,5.0 ,2363.8 ,734.0 ,272.1 ,1450.2 ,2997.0 
W-NCP,9.1 ,15.1 ,4.2 ,2008.9 ,552.5 ,171.8 ,1105.8 ,2456.4 ,9.3 ,15.3 ,4.4 ,2078.6 ,602.2 ,171.8 ,1127.1 ,2514.8 
W-NCP,9.3 ,15.0 ,5.0 ,2382.0 ,769.6 ,188.4 ,1375.0 ,2953.3 ,10.0 ,15.7 ,5.6 ,2553.1 ,930.7 ,178.8 ,1400.4 ,3056.0 
W-NCP,8.8 ,14.8 ,4.0 ,2106.3 ,639.0 ,247.1 ,1157.7 ,2637.8 ,8.8 ,14.7 ,4.2 ,2090.8 ,634.4 ,220.6 ,1260.2 ,2762.8 
W-NCP,9.4 ,15.0 ,4.7 ,2316.9 ,747.8 ,170.6 ,1100.7 ,2557.4 ,8.9 ,14.5 ,3.9 ,2075.4 ,653.1 ,182.6 ,1375.7 ,2841.3 
W-NCP,9.5 ,15.4 ,4.9 ,2209.2 ,687.5 ,250.8 ,1105.0 ,2576.0 ,9.4 ,15.3 ,4.8 ,2173.2 ,661.5 ,250.8 ,1092.0 ,2542.4 
W-NCP,8.1 ,14.0 ,3.2 ,2126.3 ,698.0 ,175.9 ,1606.5 ,3103.2 ,8.1 ,14.0 ,3.2 ,2126.3 ,698.0 ,175.9 ,1606.5 ,3103.2 
W-NCP,9.8 ,15.2 ,5.5 ,2397.2 ,801.0 ,239.3 ,1456.6 ,3063.8 ,9.5 ,15.4 ,5.0 ,2391.1 ,784.7 ,228.1 ,1427.9 ,3056.8 
W-NCP,9.4 ,14.9 ,4.7 ,2401.8 ,793.6 ,210.5 ,1366.8 ,2929.7 ,9.0 ,14.6 ,4.4 ,2256.3 ,723.4 ,199.6 ,1447.1 ,2971.6 
W-NCP,8.0 ,14.3 ,3.0 ,2047.1 ,636.2 ,162.5 ,1239.3 ,2691.4 ,8.0 ,14.3 ,3.0 ,2047.1 ,636.2 ,162.5 ,1239.3 ,2691.4 
W-NCP,8.7 ,14.3 ,4.1 ,2236.4 ,665.4 ,338.6 ,1401.5 ,2959.2 ,8.7 ,14.2 ,4.0 ,2176.9 ,650.9 ,327.5 ,1380.1 ,2913.8 
W-NCP,8.6 ,14.4 ,3.8 ,2442.1 ,803.0 ,252.4 ,1579.9 ,3258.9 ,8.6 ,14.4 ,3.8 ,2442.1 ,803.0 ,252.4 ,1579.9 ,3258.9 
W-NCP,9.5 ,15.1 ,4.8 ,2439.0 ,795.9 ,252.2 ,1248.3 ,2817.8 ,9.4 ,15.0 ,4.7 ,2404.7 ,776.6 ,252.2 ,1245.7 ,2802.5 
W-NCP,9.7 ,14.6 ,5.7 ,2574.4 ,901.2 ,299.8 ,1518.1 ,3121.6 ,9.2 ,14.5 ,4.7 ,2370.9 ,813.0 ,300.3 ,1392.1 ,2909.5 
W-NCP,7.6 ,13.5 ,2.6 ,2162.6 ,722.2 ,184.4 ,1583.9 ,3054.7 ,8.4 ,13.7 ,4.2 ,2352.7 ,806.9 ,182.9 ,1596.8 ,3048.3 
W-NCP,8.5 ,15.2 ,2.6 ,2356.2 ,895.3 ,137.9 ,1752.6 ,3296.1 ,8.5 ,15.0 ,2.9 ,2332.5 ,887.5 ,150.6 ,1716.2 ,3237.6 
W-NCP,9.3 ,15.8 ,3.8 ,2480.8 ,949.8 ,120.9 ,1750.0 ,3320.3 ,9.2 ,15.7 ,3.8 ,2447.8 ,931.8 ,118.2 ,1742.4 ,3298.6 
W-NCP,8.9 ,15.2 ,3.5 ,2441.8 ,955.7 ,156.4 ,1741.3 ,3260.1 ,8.9 ,15.2 ,3.5 ,2441.8 ,955.7 ,156.4 ,1741.3 ,3260.1 
W-NCP,8.0 ,14.8 ,1.9 ,2248.2 ,873.4 ,143.6 ,1569.2 ,3086.7 ,7.8 ,14.6 ,1.7 ,2178.8 ,834.0 ,137.7 ,1559.7 ,3050.9 
W-NCP,9.3 ,15.7 ,3.8 ,2505.8 ,961.8 ,131.3 ,1730.0 ,3286.5 ,9.3 ,15.8 ,3.8 ,2533.4 ,976.0 ,131.3 ,1740.2 ,3307.0 
W-NCP,8.1 ,15.1 ,1.6 ,2267.5 ,821.4 ,110.5 ,1789.8 ,3347.0 ,7.6 ,14.6 ,1.1 ,2065.2 ,724.1 ,105.6 ,1714.2 ,3175.0 
W-NCP,7.8 ,14.8 ,1.8 ,2212.2 ,831.3 ,146.4 ,1716.7 ,3249.3 ,7.7 ,14.7 ,1.7 ,2152.4 ,801.5 ,146.4 ,1683.0 ,3180.5 
W-NCP,8.9 ,15.2 ,3.5 ,2426.7 ,950.6 ,156.1 ,1733.2 ,3246.0 ,8.8 ,15.1 ,3.3 ,2368.3 ,922.2 ,156.1 ,1733.2 ,3226.7 
W-NCP,7.8 ,14.7 ,1.8 ,2260.4 ,838.3 ,155.4 ,1967.1 ,3523.4 ,7.7 ,14.6 ,1.6 ,2213.5 ,821.4 ,148.3 ,1958.2 ,3498.3 
W-NCP,8.4 ,15.0 ,2.7 ,2220.5 ,800.3 ,127.1 ,1840.2 ,3385.5 ,8.1 ,15.0 ,2.2 ,2147.2 ,781.7 ,135.5 ,1759.6 ,3264.9 
W-NCP,9.2 ,15.5 ,3.9 ,2298.9 ,781.9 ,139.8 ,1701.2 ,3252.3 ,9.0 ,15.3 ,3.7 ,2210.2 ,733.2 ,138.6 ,1667.1 ,3175.2 
W-NCP,9.3 ,16.7 ,3.5 ,2440.9 ,861.1 ,144.8 ,1707.2 ,3330.4 ,9.4 ,16.7 ,3.6 ,2517.4 ,877.6 ,162.9 ,1730.2 ,3377.1 
W-NCP,9.0 ,15.3 ,3.9 ,2275.8 ,835.8 ,119.4 ,1616.5 ,3106.1 ,9.0 ,15.3 ,3.8 ,2309.8 ,846.8 ,139.0 ,1656.8 ,3159.7 
W-NCP,9.5 ,15.6 ,4.6 ,2352.4 ,878.5 ,141.0 ,1539.4 ,3029.2 ,9.0 ,15.1 ,4.1 ,2187.2 ,763.3 ,124.5 ,1500.3 ,2898.3 
W-NCP,9.2 ,15.6 ,3.9 ,2416.6 ,889.5 ,154.1 ,1625.4 ,3163.9 ,9.1 ,15.5 ,3.9 ,2392.0 ,883.9 ,152.5 ,1617.3 ,3147.3 
W-NCP,9.2 ,15.5 ,4.3 ,2376.0 ,896.0 ,111.8 ,1631.1 ,3181.4 ,8.8 ,15.2 ,3.8 ,2283.7 ,826.9 ,113.1 ,1658.7 ,3173.7 
W-NCP,8.9 ,15.3 ,3.7 ,2281.8 ,847.1 ,136.5 ,1758.4 ,3273.7 ,8.9 ,15.3 ,3.7 ,2281.8 ,847.1 ,136.5 ,1758.4 ,3273.7 
W-NCP,9.2 ,15.6 ,3.8 ,2410.9 ,903.7 ,104.6 ,1711.2 ,3269.7 ,9.3 ,15.3 ,4.2 ,2398.7 ,904.2 ,106.9 ,1560.8 ,3087.4 
W-NCP,7.0 ,13.8 ,1.4 ,2084.6 ,749.8 ,229.8 ,1827.6 ,3343.2 ,8.1 ,14.2 ,3.1 ,2290.0 ,862.1 ,247.8 ,1839.6 ,3373.8 
W-NCP,8.7 ,15.6 ,2.7 ,2268.6 ,811.4 ,142.4 ,1544.6 ,3057.5 ,8.8 ,15.6 ,3.0 ,2249.9 ,795.8 ,127.7 ,1608.7 ,3141.4 
W-NCP,9.5 ,15.9 ,4.1 ,2163.6 ,623.8 ,215.3 ,864.7 ,2153.1 ,9.8 ,16.3 ,4.4 ,2317.4 ,697.6 ,215.3 ,929.7 ,2284.7 
W-NCP,10.7 ,16.5 ,6.2 ,2571.7 ,809.0 ,252.2 ,1145.3 ,2628.6 ,10.6 ,16.4 ,6.1 ,2552.9 ,797.2 ,252.2 ,1139.0 ,2613.3 
W-NCP,9.6 ,15.1 ,5.1 ,2072.3 ,569.8 ,296.0 ,971.0 ,2286.3 ,9.6 ,15.1 ,5.1 ,2075.3 ,571.1 ,299.1 ,971.0 ,2287.5 
W-NCP,9.4 ,15.3 ,4.4 ,2425.9 ,895.8 ,157.2 ,1720.9 ,3323.8 ,8.6 ,14.8 ,3.5 ,2220.5 ,778.0 ,189.6 ,1717.9 ,3263.5 
W-NCP,9.4 ,14.7 ,4.6 ,2322.2 ,786.0 ,261.4 ,1397.1 ,2788.9 ,9.8 ,15.1 ,5.0 ,2497.2 ,891.0 ,272.2 ,1467.0 ,2949.8 
W-NCP,9.7 ,15.5 ,5.1 ,2443.3 ,842.4 ,248.7 ,1527.7 ,3064.0 ,9.7 ,15.5 ,5.1 ,2443.3 ,842.4 ,248.7 ,1527.7 ,3064.0 
W-NCP,9.5 ,14.9 ,5.1 ,2570.3 ,918.1 ,246.3 ,1699.7 ,3381.3 ,9.3 ,14.3 ,5.2 ,2416.2 ,770.0 ,328.0 ,1610.1 ,3248.1 
W-NCP,9.0 ,15.5 ,3.4 ,2308.9 ,823.4 ,114.7 ,1692.2 ,3265.0 ,9.0 ,15.5 ,3.4 ,2308.9 ,823.4 ,114.7 ,1692.2 ,3265.0 
W-NCP,8.4 ,14.1 ,3.6 ,2309.6 ,797.1 ,238.8 ,1894.9 ,3598.1 ,8.7 ,13.1 ,5.2 ,2300.3 ,751.1 ,268.3 ,1744.1 ,3373.3 
W-NCP,10.1 ,16.0 ,5.2 ,2612.6 ,920.7 ,320.4 ,1431.9 ,3071.4 ,9.8 ,15.7 ,5.0 ,2501.9 ,850.0 ,320.4 ,1394.6 ,2978.8 
W-NCP,7.7 ,14.0 ,2.3 ,2183.6 ,804.4 ,149.9 ,1788.1 ,3261.4 ,8.8 ,14.5 ,4.1 ,2469.7 ,936.5 ,194.9 ,1808.2 ,3321.6 
W-NCP,8.8 ,14.5 ,4.1 ,2469.7 ,936.5 ,194.9 ,1808.2 ,3321.6 ,8.8 ,14.5 ,4.1 ,2469.7 ,936.5 ,194.9 ,1808.2 ,3321.6 
W-NCP,8.9 ,15.4 ,3.5 ,2274.6 ,868.6 ,115.5 ,1667.9 ,3162.5 ,8.9 ,15.4 ,3.5 ,2277.9 ,870.2 ,115.5 ,1670.1 ,3165.8 
W-NCP,7.0 ,12.4 ,2.5 ,2164.7 ,837.6 ,200.2 ,1596.7 ,3137.0 ,6.9 ,12.3 ,2.4 ,2129.2 ,818.8 ,196.2 ,1578.3 ,3102.0 
W-NCP,7.2 ,12.2 ,3.1 ,2057.2 ,793.2 ,140.8 ,1540.0 ,3047.1 ,7.2 ,12.2 ,3.1 ,2057.2 ,793.2 ,140.8 ,1540.0 ,3047.1 
W-NCP,6.1 ,12.0 ,0.9 ,1815.1 ,653.4 ,127.0 ,1648.4 ,3138.4 ,6.1 ,12.0 ,0.9 ,1798.8 ,658.8 ,127.2 ,1634.5 ,3121.2 
W-NCP,6.7 ,12.4 ,1.8 ,1980.5 ,728.7 ,115.2 ,1676.2 ,3232.1 ,6.0 ,11.8 ,1.2 ,1761.7 ,609.9 ,114.5 ,1590.9 ,3040.4 
W-NCP,7.0 ,12.5 ,2.4 ,1954.5 ,727.8 ,109.2 ,1464.7 ,2951.1 ,7.3 ,12.7 ,2.9 ,2012.7 ,766.2 ,97.5 ,1461.5 ,2947.4 
W-NCP,7.3 ,12.8 ,2.9 ,2108.1 ,812.7 ,112.5 ,1512.8 ,3063.8 ,7.6 ,13.0 ,3.2 ,2178.6 ,851.0 ,126.6 ,1576.3 ,3164.3 
W-NCP,6.4 ,11.7 ,1.9 ,2107.4 ,798.6 ,150.3 ,1724.4 ,3309.3 ,6.3 ,11.7 ,1.9 ,2084.2 ,795.4 ,149.9 ,1706.8 ,3290.9 
W-NCP,7.2 ,13.0 ,2.1 ,2041.4 ,781.2 ,105.3 ,1417.1 ,2993.9 ,6.9 ,12.9 ,1.9 ,1994.4 ,734.0 ,108.7 ,1461.7 ,3022.9 
W-NCP,7.5 ,12.8 ,3.2 ,2007.4 ,732.3 ,104.2 ,1533.5 ,3052.6 ,7.6 ,13.2 ,2.9 ,2065.5 ,747.3 ,120.0 ,1602.2 ,3148.5 
W-NCP,7.7 ,12.6 ,3.8 ,2165.3 ,718.2 ,293.6 ,1582.8 ,3242.5 ,7.7 ,12.8 ,3.7 ,2238.3 ,758.0 ,280.0 ,1659.0 ,3378.9 
M-NEC,19.0 ,24.5 ,13.5 ,2642.4 ,1258.0 ,467.2 ,1222.9 ,2622.9 ,17.8 ,23.7 ,12.0 ,2917.1 ,1358.8 ,468.5 ,1362.0 ,2818.2 
M-NEC,17.3 ,23.4 ,11.8 ,2976.7 ,1331.3 ,559.7 ,1266.6 ,2962.9 ,19.0 ,24.7 ,13.9 ,2853.6 ,1353.0 ,556.3 ,1172.7 ,2649.2 
M-NEC,20.2 ,25.8 ,15.2 ,2700.8 ,1362.1 ,517.7 ,1124.4 ,2528.6 ,21.0 ,26.8 ,15.5 ,2849.2 ,1487.0 ,367.7 ,1094.4 ,2502.4 
M-NEC,19.3 ,25.5 ,14.3 ,2990.7 ,1442.0 ,464.1 ,1050.3 ,2544.3 ,19.4 ,25.3 ,14.5 ,2797.6 ,1360.0 ,423.5 ,1076.8 ,2550.9 
M-NEC,19.6 ,24.8 ,14.9 ,2522.0 ,1233.5 ,374.5 ,989.0 ,2286.3 ,19.6 ,24.8 ,14.9 ,2522.0 ,1233.5 ,374.5 ,989.0 ,2286.3 
M-NEC,19.7 ,25.8 ,13.6 ,2722.9 ,1345.2 ,243.3 ,1368.3 ,2849.9 ,19.7 ,25.8 ,13.6 ,2722.9 ,1345.2 ,243.3 ,1368.3 ,2849.9 
M-NEC,18.9 ,24.2 ,13.5 ,2817.3 ,1337.6 ,308.6 ,1242.6 ,2700.6 ,19.0 ,24.7 ,13.5 ,2962.5 ,1403.3 ,276.1 ,1319.0 ,2853.0 
M-NEC,19.0 ,25.1 ,13.6 ,3012.2 ,1443.3 ,521.9 ,1175.8 ,2732.8 ,19.2 ,25.2 ,13.9 ,2807.6 ,1350.5 ,482.3 ,1079.8 ,2511.7 
M-NEC,18.6 ,24.5 ,13.0 ,3238.9 ,1549.8 ,438.3 ,1570.5 ,3423.5 ,20.9 ,26.3 ,15.8 ,3124.2 ,1631.2 ,323.4 ,1319.5 ,2918.1 
M-NEC,19.4 ,25.4 ,14.2 ,2950.1 ,1427.3 ,515.4 ,1062.1 ,2552.2 ,20.2 ,26.8 ,14.9 ,3136.9 ,1582.8 ,794.5 ,1052.8 ,2614.0 
M-NEC,19.1 ,24.8 ,13.8 ,3286.7 ,1621.7 ,308.2 ,1366.6 ,2998.4 ,18.5 ,24.3 ,12.9 ,3275.3 ,1557.6 ,432.1 ,1457.9 ,3259.1 
M-NEC,20.5 ,27.5 ,14.7 ,2600.1 ,1330.1 ,415.6 ,826.4 ,2103.3 ,20.3 ,26.9 ,14.5 ,3017.0 ,1529.5 ,518.0 ,1023.4 ,2489.8 
M-NEC,22.9 ,28.1 ,18.2 ,3418.7 ,1928.7 ,353.9 ,1102.9 ,2647.9 ,21.4 ,26.0 ,17.4 ,3208.5 ,1709.8 ,397.5 ,1096.2 ,2639.5 
M-NEC,22.9 ,27.9 ,18.1 ,3224.9 ,1814.9 ,403.2 ,958.1 ,2362.9 ,23.5 ,28.5 ,18.8 ,2890.4 ,1660.4 ,337.9 ,824.9 ,2029.4 
M-NEC,19.6 ,26.6 ,13.1 ,3097.6 ,1523.3 ,578.5 ,1241.7 ,2860.2 ,19.4 ,25.9 ,13.3 ,3268.5 ,1607.1 ,547.0 ,1377.3 ,3117.5 
M-NEC,20.0 ,25.0 ,15.3 ,2350.4 ,1176.0 ,417.8 ,908.8 ,2082.9 ,20.0 ,25.1 ,15.3 ,2343.0 ,1173.6 ,409.7 ,907.5 ,2077.4 
M-NEC,19.9 ,25.5 ,14.2 ,2780.0 ,1383.0 ,276.2 ,1122.0 ,2459.2 ,21.1 ,26.5 ,15.9 ,2830.8 ,1490.8 ,281.8 ,1189.7 ,2553.6 
M-NEC,19.4 ,24.9 ,13.7 ,2671.8 ,1293.9 ,345.7 ,1244.9 ,2669.0 ,19.4 ,24.9 ,13.7 ,2671.8 ,1293.9 ,345.7 ,1244.9 ,2669.0 
M-NEC,18.9 ,25.6 ,14.2 ,2625.7 ,1246.8 ,587.4 ,893.7 ,2240.1 ,18.3 ,25.2 ,12.8 ,2301.3 ,1045.8 ,431.7 ,872.0 ,2122.4 
M-NEC,18.5 ,24.4 ,13.3 ,2957.9 ,1386.4 ,567.3 ,1081.5 ,2598.8 ,18.5 ,24.5 ,13.5 ,2677.8 ,1245.1 ,573.7 ,990.0 ,2372.6 
M-NEC,18.4 ,24.4 ,13.5 ,2983.4 ,1386.1 ,560.0 ,1119.6 ,2676.4 ,19.6 ,26.1 ,14.7 ,3103.6 ,1536.4 ,652.3 ,975.6 ,2497.2 
M-NEC,17.9 ,23.7 ,12.5 ,3288.8 ,1504.9 ,680.1 ,1381.4 ,3144.3 ,17.9 ,23.7 ,12.5 ,3288.8 ,1504.9 ,680.1 ,1381.4 ,3144.3 
M-NEC,20.6 ,25.9 ,15.8 ,3135.9 ,1616.6 ,629.7 ,1134.1 ,2693.0 ,19.5 ,25.6 ,14.0 ,3123.3 ,1527.2 ,747.8 ,1233.9 ,2841.6 
M-NEC,20.5 ,26.5 ,15.0 ,2379.2 ,1235.1 ,393.5 ,1020.8 ,2163.3 ,20.5 ,26.5 ,15.0 ,2379.2 ,1235.1 ,393.5 ,1020.8 ,2163.3 
M-NEC,20.2 ,25.5 ,15.5 ,2626.1 ,1338.2 ,393.4 ,1095.6 ,2369.2 ,20.0 ,26.2 ,14.7 ,2763.2 ,1392.5 ,337.0 ,1096.0 ,2481.8 
M-NEC,19.4 ,24.9 ,14.2 ,2618.4 ,1268.4 ,495.1 ,1101.5 ,2434.9 ,19.4 ,24.9 ,14.2 ,2618.4 ,1268.4 ,495.1 ,1101.5 ,2434.9 
M-NEC,20.4 ,25.4 ,15.8 ,2804.5 ,1429.5 ,423.7 ,1136.6 ,2495.9 ,20.5 ,25.5 ,16.0 ,2726.7 ,1396.7 ,436.7 ,1077.8 ,2375.2 
W-NWC,9.2 ,15.5 ,4.1 ,2300.9 ,776.8 ,146.3 ,1623.3 ,3234.4 ,9.4 ,15.6 ,4.3 ,2400.7 ,816.6 ,179.8 ,1638.2 ,3285.6 
W-NWC,8.9 ,15.1 ,3.5 ,2219.5 ,740.9 ,137.7 ,1737.2 ,3371.2 ,8.9 ,15.1 ,3.5 ,2219.5 ,740.9 ,137.7 ,1737.2 ,3371.2 
W-NWC,7.8 ,13.8 ,2.9 ,2141.9 ,630.4 ,137.0 ,1645.2 ,3259.1 ,8.3 ,14.1 ,3.6 ,2229.4 ,689.8 ,171.1 ,1543.0 ,3152.2 
W-NWC,9.2 ,14.5 ,5.3 ,2200.3 ,723.3 ,138.7 ,1177.9 ,2663.5 ,9.0 ,14.3 ,5.0 ,2198.1 ,694.4 ,170.9 ,1067.4 ,2553.0 
W-NWC,8.5 ,14.5 ,3.7 ,2126.0 ,657.0 ,135.6 ,1407.7 ,2946.9 ,8.7 ,14.6 ,3.9 ,2298.8 ,709.5 ,166.7 ,1353.3 ,2941.3 
W-NWC,8.8 ,15.0 ,4.1 ,2190.9 ,631.3 ,191.0 ,1199.6 ,2673.2 ,7.6 ,14.6 ,2.5 ,2041.6 ,563.8 ,167.1 ,1253.0 ,2813.4 
W-NWC,9.5 ,15.1 ,5.1 ,2332.5 ,757.3 ,276.4 ,1497.8 ,3015.0 ,9.3 ,15.4 ,4.3 ,2335.4 ,740.1 ,267.6 ,1583.1 ,3165.5 
W-NWC,10.0 ,15.7 ,5.5 ,2389.9 ,771.8 ,251.3 ,1241.8 ,2728.6 ,10.1 ,15.1 ,6.4 ,2360.1 ,719.0 ,224.4 ,1167.7 ,2620.9 
W-NWC,8.2 ,14.0 ,3.7 ,2107.7 ,599.2 ,194.7 ,1441.9 ,2987.0 ,8.9 ,15.1 ,3.9 ,2272.2 ,672.2 ,224.1 ,1241.1 ,2742.5 
W-NWC,7.2 ,13.1 ,2.7 ,1857.1 ,530.3 ,231.1 ,1298.8 ,2805.1 ,8.7 ,14.8 ,4.4 ,2209.7 ,705.6 ,287.4 ,1255.2 ,2831.2 
W-NWC,8.6 ,14.0 ,4.4 ,2181.6 ,764.2 ,221.7 ,1354.4 ,2853.2 ,8.6 ,14.5 ,3.9 ,2274.2 ,790.6 ,207.8 ,1528.2 ,3126.8 
W-NWC,7.3 ,13.1 ,2.9 ,1887.7 ,572.2 ,205.0 ,1336.7 ,2851.0 ,7.4 ,13.2 ,2.9 ,1880.3 ,562.3 ,195.9 ,1286.6 ,2765.6 
SR-YZB,25.9 ,30.3 ,22.8 ,3231.4 ,1981.4 ,616.2 ,748.4 ,2012.8 ,25.6 ,29.9 ,22.6 ,3159.7 ,1924.7 ,525.7 ,700.8 ,1915.1 
SR-YZB,27.2 ,31.8 ,23.4 ,2853.8 ,1803.8 ,337.4 ,566.7 ,1621.3 ,26.6 ,32.1 ,23.1 ,2763.1 ,1723.1 ,450.3 ,604.2 ,1709.8 
SR-YZB,25.8 ,29.8 ,22.6 ,2900.4 ,1775.4 ,819.6 ,497.0 ,1520.7 ,25.5 ,29.6 ,22.4 ,2961.4 ,1801.4 ,817.7 ,515.8 ,1550.5 
SR-YZB,26.0 ,29.9 ,23.0 ,3325.0 ,2045.0 ,546.7 ,750.0 ,1962.0 ,25.7 ,29.9 ,22.6 ,3216.0 ,1966.0 ,527.4 ,793.3 ,2009.1 
SR-YZB,25.4 ,29.3 ,22.5 ,3532.6 ,2142.6 ,558.8 ,876.1 ,2220.2 ,25.4 ,29.7 ,22.3 ,3178.5 ,1928.5 ,483.7 ,622.0 ,1748.3 
SR-YZB,25.9 ,31.8 ,21.7 ,3393.5 ,2083.5 ,,846.2 ,2274.1 ,26.6 ,32.1 ,22.4 ,2868.6 ,1788.6 ,,596.0 ,1740.2 
SR-YZB,27.2 ,32.6 ,22.9 ,2856.0 ,1806.0 ,450.2 ,694.9 ,1884.5 ,26.6 ,32.1 ,22.1 ,2762.4 ,1722.4 ,403.1 ,689.8 ,1870.3 
SR-YZB,25.1 ,29.7 ,21.7 ,2812.7 ,1692.7 ,619.1 ,477.6 ,1572.6 ,25.2 ,29.7 ,21.7 ,2842.2 ,1712.2 ,619.1 ,482.8 ,1587.0 
SR-YZB,27.1 ,33.1 ,22.8 ,3064.7 ,1934.7 ,333.4 ,664.0 ,1893.3 ,27.5 ,33.5 ,23.3 ,2942.5 ,1872.5 ,346.3 ,627.2 ,1789.1 
SR-YZB,27.1 ,32.0 ,23.2 ,2899.3 ,1829.3 ,341.0 ,700.0 ,1911.2 ,27.1 ,32.0 ,23.1 ,3030.7 ,1910.7 ,349.7 ,727.2 ,1987.6 
SR-YZB,28.2 ,33.8 ,24.0 ,3327.7 ,2147.7 ,313.8 ,679.1 ,1942.7 ,27.7 ,33.4 ,23.4 ,3070.4 ,1960.4 ,308.9 ,645.6 ,1848.7 
SR-YZB,27.6 ,33.1 ,23.4 ,2836.9 ,1806.9 ,278.6 ,660.9 ,1816.2 ,26.5 ,31.9 ,22.4 ,2886.6 ,1796.6 ,330.1 ,662.7 ,1862.2 
SR-YZB,27.3 ,31.7 ,24.1 ,2912.3 ,1845.6 ,388.7 ,596.5 ,1660.7 ,26.4 ,30.7 ,23.2 ,2950.3 ,1830.3 ,662.0 ,595.3 ,1679.4 
SR-YZB,24.6 ,30.1 ,21.1 ,2781.8 ,1651.8 ,610.4 ,558.4 ,1692.2 ,24.3 ,30.0 ,20.7 ,2942.2 ,1732.2 ,464.2 ,611.0 ,1771.7 
SR-YZB,25.6 ,30.0 ,22.4 ,2902.4 ,1767.4 ,929.3 ,576.1 ,1645.5 ,25.6 ,30.0 ,22.5 ,2922.7 ,1782.7 ,934.0 ,564.0 ,1634.4 
SR-YZB,28.0 ,33.5 ,24.1 ,3404.8 ,2187.3 ,611.5 ,615.4 ,1836.2 ,28.0 ,33.5 ,24.1 ,3334.6 ,2144.6 ,578.0 ,615.4 ,1809.1 
SR-YZB,27.5 ,33.5 ,23.6 ,3247.3 ,2067.3 ,536.3 ,625.0 ,1813.4 ,27.6 ,33.7 ,23.7 ,3149.5 ,2009.5 ,490.3 ,614.7 ,1770.6 
SR-YZB,24.3 ,28.8 ,21.2 ,2720.9 ,1600.9 ,726.0 ,487.6 ,1586.9 ,24.5 ,29.4 ,21.2 ,2966.7 ,1751.7 ,858.7 ,544.2 ,1744.4 
SR-YZB,25.8 ,30.8 ,22.5 ,3103.8 ,1900.4 ,857.8 ,415.2 ,1508.7 ,26.3 ,31.2 ,23.1 ,3131.8 ,1939.3 ,785.3 ,431.0 ,1535.0 
SR-YZB,24.1 ,28.5 ,21.0 ,2902.9 ,1696.2 ,758.0 ,388.8 ,1484.3 ,23.8 ,28.7 ,20.7 ,3145.6 ,1825.6 ,728.7 ,447.3 ,1630.5 
SR-YZB,27.5 ,32.1 ,24.1 ,2861.6 ,1821.6 ,596.4 ,650.1 ,1786.3 ,27.8 ,32.5 ,24.4 ,2922.3 ,1872.3 ,465.5 ,695.7 ,1785.1 
SR-YZB,27.1 ,31.1 ,24.3 ,2872.0 ,1812.0 ,466.7 ,598.4 ,1689.7 ,27.3 ,31.3 ,24.5 ,2661.3 ,1686.3 ,461.8 ,551.0 ,1559.8 
SR-YZB,26.4 ,30.6 ,23.2 ,2836.3 ,1762.3 ,503.0 ,582.9 ,1665.1 ,27.0 ,31.3 ,24.0 ,3083.8 ,1938.8 ,461.4 ,646.2 ,1813.4 
SR-YZB,26.5 ,30.8 ,23.7 ,3289.8 ,2049.8 ,432.3 ,747.5 ,2012.4 ,26.5 ,30.8 ,23.7 ,3289.8 ,2049.8 ,432.3 ,747.5 ,2012.4 
SR-YZB,27.2 ,31.6 ,24.1 ,2960.9 ,1870.9 ,572.9 ,498.2 ,1583.8 ,27.2 ,31.6 ,24.1 ,2960.9 ,1870.9 ,572.9 ,498.2 ,1583.8 
SR-YZB,28.8 ,33.5 ,25.0 ,2880.0 ,1880.0 ,510.0 ,703.6 ,1842.1 ,28.1 ,32.8 ,24.4 ,3207.0 ,2067.0 ,522.5 ,780.4 ,2041.0 
SR-YZB,26.3 ,31.4 ,22.4 ,2971.9 ,1841.9 ,578.4 ,544.9 ,1696.9 ,26.2 ,31.3 ,22.7 ,2894.6 ,1791.3 ,682.2 ,552.6 ,1681.3 
SR-YZB,25.8 ,30.5 ,22.5 ,2972.5 ,1822.5 ,359.6 ,675.2 ,1833.7 ,27.1 ,31.9 ,23.5 ,2903.4 ,1830.5 ,376.2 ,675.0 ,1854.3 
SR-YZB,25.7 ,30.0 ,22.7 ,2739.3 ,1674.3 ,,508.6 ,1423.4 ,26.0 ,31.2 ,22.8 ,2852.3 ,1749.8 ,,520.4 ,1601.9 
SR-YZB,25.8 ,30.0 ,22.6 ,3347.9 ,2047.9 ,703.3 ,802.8 ,2047.8 ,25.8 ,30.0 ,22.6 ,3347.9 ,2047.9 ,703.3 ,802.8 ,2047.8 
SR-YZB,24.4 ,28.6 ,21.2 ,3291.9 ,1942.0 ,812.8 ,570.3 ,1699.9 ,24.2 ,28.4 ,21.0 ,3504.9 ,2055.1 ,841.0 ,598.7 ,1811.6 
SR-YZB,25.5 ,29.8 ,22.2 ,3186.4 ,1936.4 ,692.1 ,629.7 ,1756.3 ,25.1 ,29.4 ,21.8 ,3232.0 ,1942.0 ,700.5 ,641.7 ,1781.0 
SR-YZB,25.8 ,29.8 ,22.8 ,3246.0 ,1988.5 ,491.8 ,623.5 ,1759.1 ,25.0 ,29.3 ,21.8 ,3192.1 ,1912.1 ,607.6 ,640.5 ,1792.7 
SR-YZB,25.8 ,29.8 ,22.8 ,3313.0 ,2029.0 ,694.0 ,713.3 ,1885.9 ,26.3 ,30.4 ,23.2 ,3400.2 ,2106.9 ,776.9 ,657.2 ,1824.4 
SR-YZB,24.6 ,28.9 ,21.5 ,3077.5 ,1827.5 ,883.3 ,593.9 ,1736.1 ,24.6 ,28.9 ,21.5 ,3077.5 ,1827.5 ,883.3 ,593.9 ,1736.1 
SR-YZB,25.0 ,29.0 ,21.8 ,2994.4 ,1794.4 ,901.3 ,547.7 ,1622.8 ,25.0 ,29.1 ,22.0 ,2992.1 ,1796.1 ,1024.5 ,536.3 ,1604.8 
SR-YZB,23.0 ,27.1 ,19.8 ,2976.6 ,1679.9 ,833.1 ,818.2 ,2009.4 ,23.0 ,27.2 ,19.9 ,3039.8 ,1719.8 ,897.9 ,832.7 ,2049.9 
SR-YZB,24.9 ,29.4 ,21.4 ,2910.1 ,1740.1 ,498.9 ,513.0 ,1653.7 ,24.9 ,29.9 ,21.3 ,2671.1 ,1596.1 ,512.8 ,433.0 ,1467.4 
SR-YZB,25.5 ,30.6 ,21.7 ,2927.2 ,1777.2 ,568.2 ,457.2 ,1566.6 ,26.0 ,31.0 ,22.6 ,2813.1 ,1733.1 ,409.3 ,434.7 ,1481.3 
SR-YZB,25.2 ,30.1 ,21.7 ,2960.4 ,1783.7 ,632.6 ,510.4 ,1668.7 ,26.6 ,31.0 ,23.3 ,3098.4 ,1931.8 ,533.1 ,552.7 ,1732.7 
SR-YZB,25.7 ,31.1 ,22.1 ,2771.3 ,1691.3 ,551.7 ,516.0 ,1618.5 ,26.0 ,31.4 ,22.4 ,2882.1 ,1772.1 ,518.0 ,528.0 ,1658.6 
SR-YZB,25.3 ,30.4 ,22.0 ,3061.9 ,1851.9 ,829.8 ,485.2 ,1628.7 ,24.9 ,29.4 ,21.7 ,2937.0 ,1757.0 ,702.6 ,499.6 ,1659.6 
SR-YZB,24.2 ,29.4 ,20.6 ,2805.1 ,1645.1 ,717.2 ,377.8 ,1449.7 ,24.3 ,29.6 ,20.6 ,2864.7 ,1684.7 ,717.2 ,407.6 ,1511.2 
SR-YZB,26.0 ,31.6 ,22.8 ,2600.6 ,1600.6 ,773.0 ,380.3 ,1328.7 ,25.3 ,30.8 ,22.1 ,2931.3 ,1771.3 ,846.4 ,448.6 ,1501.4 
SR-YZB,24.2 ,29.0 ,21.2 ,2472.1 ,1452.1 ,835.8 ,390.8 ,1367.0 ,24.0 ,28.8 ,21.1 ,2717.5 ,1587.5 ,922.7 ,433.8 ,1507.8 
SR-YZB,24.8 ,28.3 ,21.8 ,3243.4 ,1933.4 ,522.6 ,881.2 ,2113.2 ,24.6 ,28.1 ,21.7 ,3163.7 ,1877.1 ,517.2 ,872.8 ,2077.7 
SR-YZB,25.2 ,29.2 ,22.2 ,2943.7 ,1773.7 ,569.8 ,706.2 ,1784.0 ,25.2 ,29.2 ,22.2 ,3222.5 ,1942.5 ,700.0 ,738.1 ,1906.9 
SR-YZB,26.1 ,32.1 ,22.6 ,3501.3 ,2161.3 ,924.6 ,702.7 ,2039.5 ,26.1 ,32.1 ,22.6 ,3501.3 ,2161.3 ,924.6 ,702.7 ,2039.5 
SR-YZB,25.0 ,29.1 ,21.9 ,2888.5 ,1731.0 ,562.7 ,512.3 ,1564.1 ,24.6 ,29.0 ,21.5 ,2834.2 ,1684.2 ,548.7 ,523.7 ,1549.2 
SR-YZB,27.5 ,32.7 ,24.0 ,3267.8 ,2082.8 ,,661.4 ,1821.8 ,28.4 ,33.0 ,24.9 ,3146.4 ,2036.4 ,,649.5 ,1802.8 
SR-YZB,27.1 ,32.8 ,23.4 ,3058.2 ,1929.4 ,659.3 ,651.0 ,1807.7 ,27.3 ,33.3 ,23.3 ,3030.6 ,1920.6 ,483.1 ,688.8 ,1856.1 
SR-YZB,25.1 ,31.1 ,21.2 ,2881.1 ,1734.5 ,497.0 ,673.1 ,1789.5 ,25.3 ,31.4 ,21.3 ,2684.3 ,1624.3 ,435.6 ,642.2 ,1689.1 
SR-YZB,24.5 ,29.8 ,21.3 ,2736.1 ,1616.1 ,589.0 ,467.1 ,1533.2 ,24.4 ,29.7 ,21.0 ,2838.8 ,1673.8 ,502.7 ,478.1 ,1587.6 
SR-YZB,25.5 ,30.8 ,22.1 ,3080.4 ,1870.4 ,563.0 ,409.2 ,1515.1 ,25.0 ,30.7 ,21.4 ,3091.2 ,1851.2 ,521.8 ,452.5 ,1582.8 
SR-YZB,23.5 ,28.6 ,20.1 ,2991.5 ,1718.2 ,515.0 ,602.8 ,1849.7 ,24.0 ,29.6 ,20.4 ,3071.4 ,1791.4 ,717.1 ,504.8 ,1687.5 
SR-YZB,27.7 ,32.1 ,24.9 ,3200.7 ,2045.7 ,511.3 ,576.3 ,1685.4 ,27.7 ,32.1 ,24.8 ,3461.7 ,2211.7 ,574.6 ,621.2 ,1841.3 
SR-YZB,28.1 ,32.6 ,24.9 ,2899.1 ,1866.6 ,351.0 ,580.9 ,1653.0 ,28.2 ,33.0 ,24.6 ,2971.2 ,1918.7 ,434.4 ,653.1 ,1792.6 
SR-YZB,26.3 ,31.4 ,22.3 ,2971.2 ,1841.2 ,497.8 ,435.1 ,1488.2 ,26.3 ,31.8 ,22.5 ,2966.3 ,1836.3 ,652.9 ,474.9 ,1561.9 
SR-YZB,27.5 ,32.5 ,23.7 ,2668.0 ,1698.0 ,330.5 ,640.6 ,1743.1 ,27.1 ,32.2 ,23.3 ,2845.8 ,1790.8 ,434.1 ,599.0 ,1702.2 
SR-YZB,25.4 ,31.2 ,21.9 ,3044.1 ,1844.1 ,,624.4 ,1864.7 ,26.6 ,31.4 ,23.1 ,2908.5 ,1812.9 ,,658.8 ,1821.7 
SR-YZB,26.3 ,30.6 ,22.5 ,3361.8 ,2081.8 ,736.1 ,555.3 ,1820.6 ,27.0 ,31.3 ,23.3 ,3218.2 ,2028.2 ,660.2 ,560.4 ,1745.3 
SR-YZB,27.3 ,32.0 ,23.4 ,2648.8 ,1678.8 ,,496.9 ,1496.3 ,25.2 ,30.8 ,21.6 ,2696.7 ,1626.7 ,,364.5 ,1356.0 
SR-YZB,28.4 ,33.2 ,24.3 ,2866.5 ,1856.5 ,350.7 ,768.7 ,1935.5 ,26.8 ,33.0 ,22.7 ,2656.8 ,1666.8 ,604.6 ,666.0 ,1764.7 
SR-YZB,24.6 ,28.6 ,21.8 ,2957.9 ,1752.9 ,698.6 ,592.8 ,1693.1 ,24.5 ,28.4 ,21.8 ,3074.0 ,1818.0 ,703.2 ,563.3 ,1681.3 
SR-YZB,25.1 ,29.2 ,22.1 ,3177.2 ,1910.6 ,386.6 ,527.6 ,1594.1 ,24.5 ,28.7 ,21.4 ,3269.8 ,1936.5 ,518.7 ,592.3 ,1748.5 
SR-YZB,24.8 ,28.4 ,22.1 ,3176.3 ,1896.3 ,,681.7 ,1832.3 ,25.2 ,29.2 ,22.2 ,3174.3 ,1914.3 ,,568.9 ,1673.4 
SR-YZB,24.1 ,28.2 ,21.1 ,3058.7 ,1788.7 ,636.3 ,516.9 ,1611.8 ,24.2 ,28.1 ,21.0 ,2738.0 ,1608.0 ,716.5 ,538.4 ,1547.5 
SR-YZB,23.3 ,27.3 ,20.1 ,2987.2 ,1706.1 ,509.4 ,677.3 ,1779.8 ,23.0 ,27.3 ,19.7 ,2619.2 ,1479.2 ,366.2 ,664.3 ,1661.3 
SR-YZB,24.7 ,29.8 ,21.1 ,2753.2 ,1638.2 ,480.5 ,433.1 ,1487.7 ,24.2 ,29.6 ,20.5 ,2810.5 ,1647.2 ,511.9 ,444.8 ,1538.1 
SR-YZB,25.2 ,30.5 ,21.4 ,2665.9 ,1605.9 ,483.3 ,623.1 ,1769.7 ,25.6 ,31.0 ,21.8 ,2867.4 ,1747.4 ,698.4 ,591.0 ,1751.8 
SR-YZB,25.5 ,30.6 ,21.7 ,2931.2 ,1781.2 ,628.3 ,628.8 ,1843.9 ,25.2 ,30.6 ,21.3 ,2926.4 ,1766.4 ,576.6 ,616.7 ,1830.4 
SR-YZB,25.7 ,30.9 ,22.0 ,2827.7 ,1727.7 ,472.0 ,511.2 ,1627.1 ,25.3 ,31.1 ,21.5 ,2999.1 ,1814.1 ,454.1 ,553.6 ,1754.2 
SR-YZB,25.1 ,29.8 ,21.7 ,2909.1 ,1749.1 ,568.0 ,520.9 ,1680.6 ,25.1 ,29.8 ,21.6 ,2860.3 ,1718.6 ,517.9 ,562.8 ,1737.7 
SR-YZB,24.5 ,30.1 ,20.7 ,2622.9 ,1552.9 ,520.0 ,449.0 ,1502.0 ,24.0 ,29.6 ,20.2 ,2787.5 ,1627.5 ,550.7 ,476.2 ,1610.1 
SR-YZB,25.1 ,30.6 ,21.3 ,2712.9 ,1632.9 ,442.4 ,491.9 ,1581.8 ,25.3 ,30.7 ,21.5 ,2678.6 ,1618.6 ,440.6 ,480.0 ,1548.5 
SR-YZB,26.3 ,29.7 ,23.6 ,3014.1 ,1869.1 ,345.4 ,580.6 ,1588.7 ,25.1 ,28.3 ,22.4 ,3082.3 ,1852.3 ,461.4 ,734.3 ,1843.7 
SR-YZB,25.7 ,32.1 ,21.7 ,3192.6 ,1952.6 ,720.4 ,672.4 ,1974.5 ,25.7 ,32.1 ,21.7 ,3192.6 ,1952.6 ,720.4 ,672.4 ,1974.5 
SR-YZB,26.0 ,30.0 ,22.9 ,2989.6 ,1839.6 ,543.8 ,656.7 ,1815.9 ,25.0 ,30.2 ,21.3 ,3209.3 ,1927.3 ,786.1 ,618.9 ,1872.4 
SR-YZB,24.2 ,29.3 ,20.8 ,2387.3 ,1407.3 ,468.9 ,489.2 ,1488.9 ,25.0 ,30.7 ,21.4 ,2723.8 ,1633.8 ,438.9 ,534.3 ,1643.7 
SR-YZB,28.5 ,32.8 ,25.3 ,3165.3 ,2052.8 ,444.4 ,671.5 ,1829.7 ,28.1 ,32.4 ,25.0 ,3074.5 ,1981.1 ,406.3 ,646.5 ,1748.7 
SR-YZB,28.0 ,32.3 ,24.9 ,2909.4 ,1869.4 ,380.9 ,634.8 ,1708.8 ,27.7 ,32.1 ,24.3 ,2978.0 ,1901.4 ,426.4 ,679.7 ,1836.7 
SR-YZB,28.8 ,33.7 ,25.2 ,3009.2 ,1964.2 ,324.9 ,704.4 ,1844.5 ,27.2 ,32.1 ,23.8 ,2778.4 ,1758.4 ,263.0 ,571.4 ,1564.6 
SR-YZB,26.2 ,32.2 ,22.3 ,2734.2 ,1691.7 ,431.9 ,621.8 ,1749.4 ,26.2 ,32.0 ,22.6 ,2486.7 ,1538.1 ,446.8 ,621.1 ,1666.0 
SR-YZB,26.3 ,31.9 ,22.4 ,3097.3 ,1917.3 ,558.4 ,789.1 ,2092.1 ,26.4 ,31.6 ,22.9 ,3025.6 ,1878.9 ,589.7 ,731.3 ,1998.7 
SR-YZB,23.5 ,27.7 ,20.2 ,3161.8 ,1816.3 ,418.3 ,736.8 ,1915.9 ,23.8 ,28.3 ,20.2 ,3092.6 ,1792.6 ,384.6 ,661.4 ,1791.0 
SR-YZB,25.7 ,29.9 ,22.5 ,3262.1 ,1992.1 ,742.8 ,718.1 ,1928.8 ,25.7 ,29.8 ,22.6 ,3152.4 ,1927.4 ,715.6 ,679.5 ,1843.2 
SR-YZB,27.2 ,31.8 ,24.0 ,2940.4 ,1860.4 ,361.0 ,600.0 ,1651.9 ,26.2 ,30.9 ,23.0 ,2649.6 ,1639.6 ,350.3 ,431.7 ,1315.2 
SR-YZB,28.4 ,34.0 ,24.4 ,3045.4 ,1972.1 ,398.1 ,690.0 ,1824.5 ,29.1 ,34.1 ,25.4 ,3173.2 ,2083.2 ,410.1 ,648.2 ,1783.8 
SR-YZB,24.0 ,29.5 ,20.8 ,2521.6 ,1471.6 ,1119.0 ,379.4 ,1316.4 ,23.9 ,29.0 ,20.6 ,3299.3 ,1919.3 ,1196.5 ,502.2 ,1763.5 
SR-YZB,25.6 ,30.1 ,22.6 ,2780.2 ,1695.2 ,,409.3 ,1442.4 ,24.2 ,29.2 ,21.0 ,3703.5 ,2173.5 ,,562.3 ,1965.5 
SR-YZB,25.0 ,29.7 ,21.9 ,2724.7 ,1634.7 ,479.6 ,311.6 ,1294.1 ,25.4 ,30.4 ,22.3 ,2842.6 ,1722.6 ,410.3 ,322.8 ,1332.4 
SR-YZB,23.8 ,28.1 ,20.7 ,2981.3 ,1746.8 ,566.4 ,717.4 ,1776.7 ,23.3 ,27.0 ,20.4 ,2878.0 ,1670.0 ,697.6 ,630.6 ,1630.4 
SR-YZB,28.3 ,32.9 ,25.0 ,2747.2 ,1777.2 ,331.6 ,536.5 ,1512.6 ,27.9 ,32.4 ,24.6 ,2819.0 ,1809.0 ,341.9 ,550.5 ,1545.7 
SR-YZB,25.1 ,30.0 ,21.5 ,3151.4 ,1897.8 ,497.7 ,714.7 ,1851.7 ,25.4 ,30.2 ,21.8 ,3397.3 ,2058.7 ,566.7 ,753.0 ,1985.9 
SR-YZB,24.7 ,28.1 ,21.9 ,3087.4 ,1838.1 ,645.5 ,804.4 ,1933.1 ,24.7 ,28.1 ,21.9 ,3087.4 ,1838.1 ,645.5 ,804.4 ,1933.1 
SR-YZB,26.1 ,31.3 ,22.8 ,2849.4 ,1759.4 ,,587.1 ,1722.7 ,25.8 ,30.8 ,22.7 ,2622.1 ,1606.6 ,,553.2 ,1614.5 
SR-YZB,25.8 ,31.2 ,22.3 ,3151.0 ,1927.7 ,486.5 ,713.8 ,1981.3 ,26.1 ,31.5 ,22.6 ,3179.7 ,1959.7 ,559.8 ,716.7 ,2009.6 
SR-YZB,26.4 ,31.8 ,23.1 ,2908.6 ,1808.6 ,882.5 ,520.8 ,1623.6 ,26.0 ,31.5 ,22.6 ,2739.2 ,1684.2 ,791.5 ,499.1 ,1549.0 
M-SWC,22.6 ,27.8 ,19.0 ,2754.3 ,1540.6 ,515.8 ,510.0 ,1704.0 ,22.0 ,26.7 ,18.4 ,2924.4 ,1602.5 ,604.3 ,655.1 ,2016.9 
M-SWC,22.0 ,27.0 ,18.9 ,2744.2 ,1498.0 ,828.7 ,612.8 ,1874.7 ,21.6 ,26.6 ,18.3 ,3260.7 ,1750.7 ,927.6 ,751.7 ,2279.6 
M-SWC,21.8 ,27.0 ,17.9 ,2762.9 ,1500.3 ,413.7 ,690.6 ,2032.9 ,21.7 ,27.0 ,17.7 ,3102.1 ,1679.5 ,415.2 ,807.5 ,2323.1 
M-SWC,23.9 ,28.8 ,19.9 ,2792.1 ,1625.2 ,846.3 ,646.1 ,1883.3 ,24.3 ,29.3 ,20.6 ,2816.9 ,1661.6 ,843.8 ,632.6 ,1857.4 
M-SWC,26.7 ,32.3 ,22.6 ,4084.6 ,2554.9 ,428.2 ,857.1 ,2461.0 ,26.8 ,32.4 ,22.5 ,4659.3 ,2919.3 ,548.5 ,1065.4 ,2875.4 
M-SWC,20.3 ,24.4 ,17.6 ,2779.7 ,1407.7 ,905.1 ,625.5 ,1975.8 ,20.3 ,24.2 ,17.9 ,2234.0 ,1134.0 ,769.8 ,468.8 ,1515.4 
M-SWC,21.1 ,25.7 ,18.0 ,2993.9 ,1579.5 ,949.0 ,573.4 ,1945.3 ,22.3 ,27.0 ,19.0 ,2870.0 ,1583.8 ,747.4 ,558.2 ,1827.6 
M-SWC,23.5 ,29.0 ,19.6 ,2876.8 ,1651.8 ,825.5 ,398.4 ,1527.2 ,23.6 ,29.2 ,19.7 ,3020.4 ,1740.4 ,825.9 ,425.1 ,1608.3 
M-SWC,22.5 ,27.6 ,19.1 ,3390.4 ,1887.1 ,801.7 ,510.5 ,1890.9 ,22.8 ,27.9 ,19.4 ,3489.9 ,1960.9 ,818.6 ,522.3 ,1926.8 
M-SWC,21.0 ,25.9 ,17.7 ,3534.6 ,1865.1 ,770.7 ,727.7 ,2353.0 ,20.6 ,25.5 ,17.2 ,3009.1 ,1561.5 ,654.4 ,625.2 ,2041.8 
M-SWC,26.0 ,30.4 ,22.8 ,2624.6 ,1614.6 ,477.9 ,487.6 ,1502.9 ,26.0 ,30.4 ,22.8 ,2624.6 ,1614.6 ,477.9 ,487.6 ,1502.9 
M-SWC,24.0 ,29.8 ,19.8 ,3809.6 ,2219.6 ,778.5 ,816.6 ,2394.7 ,23.3 ,29.9 ,19.2 ,3684.9 ,2104.9 ,706.9 ,771.7 ,2320.0 
M-SWC,23.3 ,28.3 ,19.9 ,3569.1 ,2039.1 ,807.5 ,513.9 ,1807.0 ,25.1 ,30.5 ,21.4 ,3058.4 ,1838.4 ,508.7 ,478.3 ,1607.3 
M-SWC,24.6 ,29.9 ,21.0 ,3510.8 ,2086.8 ,884.8 ,608.1 ,1957.3 ,22.8 ,27.8 ,19.3 ,3014.6 ,1694.9 ,705.3 ,561.6 ,1826.1 
M-SWC,21.6 ,26.3 ,18.7 ,3125.2 ,1681.0 ,1169.1 ,516.0 ,1832.5 ,21.1 ,25.7 ,18.1 ,3143.8 ,1653.8 ,1220.4 ,508.2 ,1874.3 
M-SWC,19.4 ,25.3 ,15.6 ,3413.1 ,1653.5 ,988.1 ,776.1 ,2468.8 ,19.4 ,25.2 ,15.6 ,3388.8 ,1639.2 ,992.6 ,762.8 ,2438.6 
M-SWC,21.9 ,26.7 ,18.7 ,3129.7 ,1699.7 ,718.9 ,551.7 ,1913.3 ,22.9 ,28.5 ,19.3 ,2950.1 ,1664.1 ,783.2 ,488.6 ,1717.7 
M-SWC,21.0 ,25.7 ,18.1 ,2903.9 ,1523.9 ,607.9 ,441.5 ,1692.7 ,21.0 ,25.6 ,18.0 ,2724.4 ,1424.4 ,586.7 ,409.8 ,1594.3 
M-SWC,21.7 ,26.4 ,18.7 ,2746.2 ,1481.2 ,874.0 ,527.2 ,1742.8 ,21.6 ,26.4 ,18.6 ,2944.1 ,1584.1 ,877.4 ,588.0 ,1904.2 
M-SWC,24.1 ,29.6 ,20.5 ,3062.9 ,1792.9 ,467.3 ,383.0 ,1530.8 ,23.3 ,28.9 ,19.7 ,3221.8 ,1839.3 ,593.0 ,442.0 ,1697.0 
M-SWC,22.4 ,27.8 ,19.0 ,3144.4 ,1737.7 ,670.5 ,465.8 ,1755.5 ,21.8 ,27.2 ,18.5 ,3425.7 ,1855.7 ,711.4 ,510.1 ,1927.5 
M-SWC,23.1 ,28.8 ,19.2 ,3064.1 ,1732.1 ,718.2 ,622.4 ,1951.0 ,21.0 ,26.4 ,17.5 ,3388.0 ,1775.2 ,858.9 ,525.0 ,1981.9 
M-SWC,22.6 ,29.0 ,18.1 ,3069.3 ,1709.3 ,757.7 ,663.2 ,2040.9 ,24.9 ,30.4 ,20.9 ,3392.7 ,2032.7 ,686.1 ,744.5 ,2171.6 
M-SWC,23.6 ,28.8 ,19.7 ,3331.1 ,1922.1 ,720.0 ,815.8 ,2332.2 ,23.3 ,28.4 ,19.3 ,2583.3 ,1473.3 ,623.9 ,622.6 ,1810.7 
M-SWC,24.5 ,29.4 ,21.0 ,3332.2 ,1972.2 ,539.7 ,778.1 ,2241.9 ,23.9 ,28.8 ,20.4 ,3199.9 ,1859.9 ,531.3 ,745.1 ,2172.3 
M-SWC,23.9 ,29.5 ,20.0 ,3779.0 ,2191.5 ,647.1 ,689.7 ,2140.0 ,24.8 ,30.4 ,20.8 ,3160.2 ,1880.2 ,553.6 ,569.1 ,1776.0 
M-SWC,20.2 ,25.9 ,16.7 ,2711.0 ,1371.0 ,712.3 ,698.3 ,2062.4 ,21.6 ,28.0 ,17.4 ,2792.2 ,1502.2 ,750.4 ,679.3 ,2031.2 
M-SWC,24.3 ,29.2 ,20.8 ,3983.5 ,2343.5 ,702.5 ,761.6 ,2377.2 ,24.3 ,29.3 ,20.9 ,3965.2 ,2335.2 ,697.2 ,761.6 ,2370.6 
M-SWC,23.8 ,28.9 ,20.3 ,4241.5 ,2461.5 ,689.3 ,994.0 ,2826.4 ,23.0 ,28.1 ,19.3 ,3341.2 ,1886.2 ,527.7 ,831.8 ,2342.6 
M-SWC,25.5 ,30.8 ,21.6 ,4123.5 ,2503.5 ,831.1 ,916.5 ,2588.3 ,24.2 ,29.6 ,20.2 ,3623.0 ,2123.0 ,692.9 ,822.2 ,2375.3 
M-SWC,24.9 ,30.9 ,21.5 ,3389.4 ,2029.4 ,704.4 ,473.3 ,1709.2 ,22.5 ,28.6 ,18.8 ,3080.0 ,1710.0 ,520.6 ,474.1 ,1728.7 
M-SWC,25.1 ,31.3 ,21.2 ,3457.5 ,2077.5 ,714.7 ,666.1 ,2052.2 ,25.2 ,31.4 ,21.4 ,3375.7 ,2035.7 ,706.3 ,646.7 ,1990.5 
M-SWC,20.1 ,25.3 ,16.7 ,2797.6 ,1408.5 ,584.3 ,515.5 ,1802.0 ,23.3 ,28.3 ,19.8 ,2837.3 ,1617.3 ,636.7 ,372.0 ,1477.0 
M-SWC,21.2 ,25.2 ,18.5 ,2884.0 ,1524.0 ,692.0 ,720.7 ,2116.2 ,21.1 ,25.1 ,18.5 ,2953.4 ,1553.4 ,726.2 ,712.5 ,2137.9 
M-SWC,19.0 ,23.1 ,16.1 ,3156.2 ,1510.2 ,621.2 ,640.2 ,2193.3 ,18.5 ,22.5 ,15.7 ,2816.5 ,1300.5 ,588.0 ,524.5 ,1919.3 
M-SWC,24.6 ,31.0 ,20.1 ,3345.2 ,1985.2 ,497.6 ,699.5 ,2094.5 ,24.6 ,30.5 ,20.3 ,3349.8 ,1986.5 ,571.6 ,706.9 ,2109.7 
M-SWC,22.6 ,27.0 ,19.6 ,2554.1 ,1426.7 ,779.9 ,535.7 ,1675.0 ,24.2 ,29.1 ,20.7 ,2421.6 ,1421.6 ,645.4 ,614.2 ,1724.7 
M-SWC,24.5 ,29.2 ,21.1 ,3230.3 ,1910.3 ,869.3 ,629.8 ,1969.9 ,24.8 ,29.6 ,21.4 ,3148.4 ,1878.4 ,789.5 ,624.3 ,1928.2 
M-SWC,23.5 ,27.9 ,20.2 ,3309.9 ,1901.5 ,743.0 ,732.8 ,2197.0 ,24.3 ,28.9 ,20.9 ,3521.0 ,2071.5 ,710.5 ,813.7 ,2353.4 
M-SWC,24.2 ,29.1 ,20.7 ,2830.3 ,1660.3 ,832.6 ,627.9 ,1867.0 ,23.6 ,28.7 ,20.1 ,2767.0 ,1597.0 ,904.6 ,613.9 ,1841.1 
M-SWC,26.1 ,31.4 ,22.8 ,3259.5 ,2009.5 ,1156.9 ,684.8 ,1973.6 ,26.1 ,31.3 ,22.7 ,3231.3 ,1991.3 ,1072.8 ,684.8 ,1969.1 
M-SWC,23.5 ,28.4 ,20.0 ,3236.2 ,1861.7 ,813.2 ,610.8 ,1975.2 ,22.6 ,27.6 ,19.2 ,3530.8 ,1976.3 ,886.2 ,670.2 ,2185.0 
W-YZB,10.1 ,15.0 ,6.3 ,2256.9 ,709.2 ,456.7 ,1255.8 ,2702.6 ,10.3 ,15.2 ,6.6 ,2347.3 ,769.6 ,455.3 ,1301.8 ,2812.4 
W-YZB,10.5 ,15.9 ,6.2 ,2454.9 ,822.8 ,359.9 ,1189.7 ,2716.3 ,10.2 ,15.6 ,5.9 ,2302.1 ,754.8 ,359.4 ,1147.2 ,2612.7 
W-YZB,10.1 ,14.6 ,6.7 ,2170.8 ,629.7 ,435.2 ,1097.1 ,2509.2 ,9.3 ,14.5 ,5.2 ,1986.2 ,536.0 ,449.7 ,1092.0 ,2469.9 
W-YZB,9.7 ,14.8 ,5.5 ,2386.6 ,750.3 ,207.9 ,1535.4 ,3132.0 ,9.6 ,14.7 ,5.5 ,2379.5 ,743.2 ,207.9 ,1537.0 ,3130.9 
W-YZB,9.7 ,12.8 ,7.4 ,1717.8 ,421.0 ,248.6 ,522.0 ,1579.8 ,10.0 ,13.2 ,7.7 ,1870.0 ,483.2 ,301.8 ,565.3 ,1704.1 
W-YZB,11.2 ,16.2 ,7.1 ,2443.3 ,817.9 ,337.4 ,1218.2 ,2670.5 ,10.9 ,15.9 ,6.9 ,2167.5 ,734.5 ,329.9 ,1094.7 ,2465.0 
W-YZB,11.3 ,16.3 ,7.2 ,2613.4 ,873.9 ,366.8 ,1223.8 ,2741.4 ,11.0 ,16.1 ,6.9 ,2504.8 ,815.3 ,363.0 ,1219.4 ,2697.3 
W-YZB,11.9 ,16.9 ,7.8 ,2707.3 ,956.4 ,302.1 ,1286.5 ,2870.2 ,11.1 ,16.1 ,7.1 ,2393.0 ,772.1 ,298.5 ,1208.3 ,2654.9 
W-YZB,10.9 ,15.9 ,7.0 ,2384.3 ,761.7 ,363.4 ,1144.5 ,2590.4 ,10.9 ,15.9 ,7.0 ,2404.5 ,760.3 ,364.1 ,1170.0 ,2619.6 
W-YZB,11.8 ,16.9 ,7.6 ,2928.2 ,1055.7 ,336.8 ,1393.9 ,3097.0 ,11.4 ,16.3 ,7.3 ,2645.8 ,912.2 ,333.1 ,1158.0 ,2691.8 
W-YZB,11.1 ,16.1 ,7.3 ,2403.5 ,732.2 ,329.3 ,1128.8 ,2567.3 ,11.1 ,15.8 ,7.5 ,2446.6 ,750.4 ,416.9 ,1259.8 ,2728.2 
W-YZB,9.8 ,15.2 ,5.4 ,2135.3 ,612.0 ,326.0 ,1316.0 ,2771.6 ,10.1 ,15.7 ,5.8 ,2215.1 ,626.9 ,329.5 ,1232.4 ,2684.0 
W-YZB,10.1 ,14.9 ,5.9 ,2382.8 ,757.7 ,376.4 ,1245.4 ,2787.9 ,9.8 ,14.6 ,5.6 ,2019.5 ,672.3 ,374.7 ,1092.2 ,2479.9 
W-YZB,9.7 ,15.0 ,5.5 ,2233.1 ,683.7 ,348.5 ,1214.4 ,2705.8 ,10.2 ,14.9 ,6.5 ,2285.7 ,710.6 ,360.5 ,1096.0 ,2532.5 
W-YZB,10.7 ,15.4 ,7.0 ,2463.5 ,829.3 ,407.7 ,1208.0 ,2712.2 ,12.2 ,16.7 ,8.5 ,2827.5 ,980.9 ,278.3 ,1245.8 ,2753.6 
W-YZB,9.5 ,14.7 ,5.1 ,2125.0 ,635.0 ,325.5 ,1223.2 ,2699.9 ,10.3 ,15.1 ,6.5 ,2228.8 ,730.8 ,412.4 ,1126.7 ,2573.3 
W-YZB,9.9 ,15.0 ,5.8 ,2298.8 ,676.6 ,381.0 ,1372.3 ,2960.9 ,10.0 ,14.9 ,6.0 ,2323.3 ,717.6 ,354.7 ,1242.4 ,2789.2 
W-YZB,9.8 ,14.5 ,6.1 ,2096.7 ,588.3 ,367.5 ,1042.5 ,2479.9 ,9.1 ,14.3 ,4.7 ,1911.3 ,502.6 ,371.0 ,1033.0 ,2413.7 
W-YZB,10.5 ,14.9 ,7.1 ,2230.8 ,647.2 ,429.7 ,967.1 ,2352.4 ,10.5 ,14.9 ,7.1 ,2230.8 ,647.2 ,429.7 ,967.1 ,2352.4 
W-YZB,10.5 ,15.1 ,6.8 ,2212.5 ,679.9 ,325.4 ,1107.9 ,2556.5 ,10.3 ,14.8 ,6.8 ,2218.0 ,680.9 ,341.2 ,1118.2 ,2567.3 
W-YZB,9.8 ,14.7 ,5.8 ,2405.2 ,746.9 ,381.6 ,1415.9 ,2993.7 ,9.9 ,14.8 ,5.7 ,2507.5 ,798.1 ,436.1 ,1545.0 ,3209.1 
W-YZB,10.3 ,15.4 ,6.1 ,2348.0 ,734.9 ,209.8 ,1154.5 ,2591.7 ,9.8 ,14.6 ,5.9 ,2116.2 ,591.6 ,166.5 ,1046.1 ,2276.8 
W-YZB,10.8 ,15.6 ,7.2 ,2318.1 ,676.0 ,354.8 ,941.0 ,2179.5 ,10.0 ,14.5 ,6.5 ,2165.4 ,611.3 ,365.7 ,980.8 ,2261.1 
W-YZB,9.7 ,15.9 ,4.6 ,2237.8 ,677.3 ,257.3 ,1104.1 ,2542.6 ,10.6 ,15.7 ,6.6 ,2338.5 ,730.6 ,285.3 ,1118.7 ,2513.1 
W-YZB,12.2 ,16.7 ,8.5 ,2807.8 ,974.6 ,278.3 ,1234.6 ,2740.5 ,12.1 ,16.7 ,8.4 ,2784.9 ,961.7 ,274.3 ,1240.6 ,2744.2 
W-YZB,10.2 ,15.7 ,5.8 ,2229.7 ,672.6 ,303.0 ,1233.9 ,2674.6 ,10.8 ,15.8 ,6.9 ,2256.9 ,699.8 ,433.1 ,1078.7 ,2486.3 
W-YZB,10.8 ,15.7 ,7.0 ,2323.8 ,665.8 ,230.4 ,889.8 ,2210.0 ,11.2 ,15.8 ,7.6 ,2503.9 ,756.2 ,314.5 ,941.1 ,2358.1 
W-YZB,8.7 ,13.9 ,4.5 ,1886.7 ,462.1 ,184.6 ,1192.9 ,2448.9 ,10.3 ,15.4 ,6.1 ,2334.2 ,746.8 ,305.5 ,1162.3 ,2631.3 
W-YZB,10.6 ,15.2 ,6.9 ,2254.5 ,673.3 ,373.3 ,964.5 ,2371.3 ,10.4 ,15.2 ,6.7 ,2237.6 ,637.0 ,402.2 ,976.3 ,2383.5 
W-YZB,9.2 ,14.6 ,5.0 ,2045.6 ,583.0 ,275.4 ,1383.3 ,2874.6 ,9.9 ,15.1 ,5.7 ,2304.1 ,694.5 ,355.9 ,1277.1 ,2789.7 
W-YZB,9.6 ,14.2 ,5.9 ,2295.4 ,743.6 ,451.1 ,1105.3 ,2655.1 ,10.0 ,14.6 ,6.4 ,2443.0 ,854.9 ,485.1 ,1189.5 ,2841.4 
W-YZB,9.2 ,14.6 ,4.9 ,2220.3 ,680.8 ,510.5 ,1044.5 ,2540.0 ,9.3 ,14.0 ,5.7 ,2104.8 ,618.0 ,557.4 ,1149.0 ,2564.3 
W-YZB,11.1 ,15.4 ,7.7 ,2708.0 ,968.3 ,553.5 ,1228.8 ,2856.9 ,9.9 ,14.2 ,6.5 ,2222.1 ,703.1 ,485.1 ,1057.7 ,2474.5 
W-YZB,9.2 ,13.9 ,5.4 ,2017.6 ,590.4 ,501.3 ,1071.5 ,2495.7 ,9.5 ,14.0 ,5.9 ,2034.1 ,626.2 ,646.8 ,912.5 ,2300.3 
