Sort,Crop,NO,Year,Province,NO.Station,Tave,Tmax,Tmin,GDD>0,GDD>10,PRE,SSD,RAD,Soil type,Soil texture,SOM,OP,AK,pH,N,P2O5,K2O,Ynpk
1,W-NWC,WNWC0001,2007,WNWC01,WS0022,4.73 ,11.82 ,-0.70 ,1882.2,517.1,360.1,1675.6,3688.44,Cultivated loessial soils,silty clay loam,11.3,32.7,81,8.2,125,90,41,7020
2,W-NWC,WNWC0002,2007,WNWC01,WS0022,4.76 ,11.86 ,-0.68 ,1889,523.9,369.8,1681.6,3703.14,Dark loessial soils,silty clay loam,16.3,21.5,94,8.2,125,90,41,5805
3,W-NWC,WNWC0003,2007,WNWC01,WS0022,4.83 ,11.89 ,-0.57 ,1925,529.9,371.1,1682.7,3719.43,Cultivated loessial soils,silty clay loam,10.5,28.7,99,8.4,125,90,41,7170
4,W-NWC,WNWC0004,2008,WNWC01,WS0022,5.64 ,13.19 ,0.02 ,1933.6,524.2,209.1,1778.7,3714.02,Dark loessial soils,silty clay loam,12.4,19.4,84,8.3,125,90,41,6150
5,W-NWC,WNWC0005,2008,WNWC01,WS0022,5.74 ,13.28 ,0.13 ,1973.3,543.9,209.1,1790.4,3747.38,Dark loessial soils,silty clay loam,11.2,19.5,101,8.4,125,90,41,6536
6,W-NWC,WNWC0006,2008,WNWC01,WS0022,5.74 ,13.28 ,0.13 ,1973.3,543.9,209.1,1790.4,3747.38,Dark loessial soils,silty clay loam,16.9,20.3,114,8.4,125,90,41,6675
7,W-NWC,WNWC0007,2007,WNWC01,WS0022,4.54 ,11.66 ,-0.92 ,1805.7,490.6,356,1654.8,3626.25,Dark loessial soils,silty clay loam,32.6,19.4,89,8.2,104,72,35,5334
8,W-NWC,WNWC0008,2008,WNWC01,WS0022,5.84 ,13.37 ,0.23 ,2012.9,563.5,209.1,1803.4,3782.75,Dark loessial soils,silty clay loam,16.7,19.7,73,8.3,104,72,35,7167
9,W-NWC,WNWC0009,2008,WNWC01,WS0022,5.84 ,13.37 ,0.23 ,2012.9,563.5,209.1,1803.4,3782.75,Dark loessial soils,silty clay loam,18.6,34.6,83,8.4,125,90,41,6165
10,W-NWC,WNWC0010,2006,WNWC01,WS0321,8.84 ,16.15 ,3.22 ,2423.9,811.2,174.8,1447.4,3239.8,Cultivated loessial soils,silty clay loam,10.3,27,304,8.3,104,72,60,4587
11,W-NWC,WNWC0011,2005,WNWC01,WS0321,7.70 ,14.89 ,2.09 ,2097.9,638.1,204.5,1474.9,3208.68,Alluvial?soils,silty clay loam,9,6.3,116,8.4,104,72,60,4898
12,W-NWC,WNWC0012,2005,WNWC01,WS0321,7.70 ,14.89 ,2.09 ,2097.9,638.1,204.5,1474.9,3208.68,Alluvial?soils,silty clay loam,9.8,22.6,371,8.5,104,72,60,3981
13,W-NWC,WNWC0013,2005,WNWC01,WS0321,7.70 ,14.89 ,2.09 ,2097.9,638.1,204.5,1474.9,3208.68,Alluvial?soils,sandy loam,11.6,9.1,108,8.3,104,72,60,4718
14,W-NWC,WNWC0014,2006,WNWC01,WS0321,8.80 ,16.08 ,3.21 ,2421.3,798.6,179.3,1446.4,3232.67,Alluvial?soils,silty clay loam,26.5,25,265,8.3,104,72,60,4829
15,W-NWC,WNWC0015,2007,WNWC01,WS0318,7.65 ,13.90 ,2.75 ,2276,711.3,214.9,1648.3,3495.46,Irrigating warped soils,loam,12.4,18.2,167,8.2,138,90,72,6218
16,W-NWC,WNWC0016,2007,WNWC01,WS0318,7.81 ,14.10 ,2.89 ,2325.9,743.9,272.8,1661.7,3529.64,Irrigating warped soils,sandy loam,18.6,28.4,193,8.2,173,108,113,5861
17,W-NWC,WNWC0017,2007,WNWC01,WS0318,7.51 ,13.85 ,2.55 ,2173,687.7,154.6,1631.2,3421.34,Irrigating warped soils,sandy loam,28.9,32.8,195,8.1,173,108,113,6305
18,W-NWC,WNWC0018,2008,WNWC01,WS0318,8.37 ,14.63 ,3.58 ,2330.9,738.2,178.7,1472,3237.98,Irrigating warped soils,sandy loam,16.8,26.7,187,8.1,173,108,113,5585
19,W-NWC,WNWC0019,2008,WNWC01,WS0318,7.93 ,14.25 ,3.11 ,2096.7,649.7,164.5,1423.5,3085.12,Irrigating warped soils,sandy loam,24.7,34.3,245,8.3,173,108,113,6345
20,W-NWC,WNWC0020,2007,WNWC01,WS0318,7.91 ,14.24 ,2.95 ,2360.8,767.7,264.5,1682.7,3573.35,Irrigating warped soils,loam,10.7,25.3,115,7.9,173,108,113,6546
21,W-NWC,WNWC0021,2008,WNWC01,WS0318,8.36 ,14.61 ,3.58 ,2336,733.3,180.3,1478.5,3248.21,Irrigating warped soils,loam,12.2,27,118,8.2,173,108,113,7173
22,W-NWC,WNWC0022,2009,WNWC01,WS0320,6.14 ,12.19 ,1.85 ,1799.9,400.9,253.6,1206.8,2874.35,Irrigating warped soils,loam,13.4,11.1,189,7.2,237,108,102,3320
23,W-NWC,WNWC0023,2009,WNWC01,WS0320,6.14 ,12.19 ,1.85 ,1799.9,400.9,253.6,1206.8,2874.35,Irrigating warped soils,loam,11,9.5,171,7.2,237,108,118,3336
24,W-NWC,WNWC0024,2009,WNWC01,WS0320,5.89 ,11.95 ,1.62 ,1710.9,351.9,253.6,1182.7,2800.71,Irrigating warped soils,loam,9.8,11.2,182,7.3,158,98,92,3168
25,W-NWC,WNWC0025,2009,WNWC01,WS0320,5.99 ,12.06 ,1.72 ,1754.8,365.8,254.1,1198.1,2836.87,Irrigating warped soils,loam,18.8,8.9,192,7.7,158,98,92,3284
26,W-NWC,WNWC0026,2007,WNWC01,WS0371,8.14 ,14.31 ,2.95 ,1855.4,562.5,107.7,966.2,2412.61,Cinnamon soils,loam,11.7,18.8,59,7.9,180,90,90,6401
27,W-NWC,WNWC0027,2007,WNWC01,WS0371,8.19 ,14.42 ,2.98 ,1858.5,574.5,110.7,972.5,2422.81,Fluvo-aquic soils,loam,11.3,8.2,114,7.7,150,90,120,8133
28,W-NWC,WNWC0028,2007,WNWC01,WS0371,7.36 ,13.45 ,2.30 ,1592.9,428.9,101.2,878.6,2182.68,Fluvo-aquic soils,loam,17.9,4.4,67,8.2,120,90,60,2879
29,W-NWC,WNWC0029,2008,WNWC01,WS0371,9.21 ,15.50 ,4.55 ,2330.6,729,182.3,1037.6,2652.22,Cinnamon soils,clay,13.3,9.4,167,7.5,120,90,60,7104
30,W-NWC,WNWC0030,2008,WNWC01,WS0371,9.17 ,15.39 ,4.56 ,2394.5,715.2,196.4,1061.2,2703.45,Cinnamon soils,clay,14.8,4.3,67,7.5,120,90,60,4386
31,W-NWC,WNWC0031,2008,WNWC01,WS0371,8.74 ,15.02 ,4.11 ,2126.3,624.2,169.5,984.2,2504.81,Fluvo-aquic soils,clay,13.1,10,136,7.7,150,90,120,8577
32,W-NWC,WNWC0032,2008,WNWC01,WS0371,8.72 ,15.02 ,4.09 ,2113.4,621.3,169.5,983.5,2499.91,Fluvo-aquic soils,loam,11.3,8.8,127,7.7,180,90,90,5255
33,W-NWC,WNWC0033,2008,WNWC01,WS0371,8.48 ,14.82 ,3.82 ,1929.6,580,149.3,929.5,2368.73,Cinnamon soils,clay,10.9,9.3,128,7.6,120,90,60,4827
34,W-NWC,WNWC0034,2008,WNWC01,WS0048,7.62 ,14.93 ,2.06 ,2233.7,668.9,139.3,1683.5,3498.8,Alluvial?soils,clay loam,13.1,14.2,231,8.2,173,63,11,6018
35,W-NWC,WNWC0035,2008,WNWC01,WS0047,6.96 ,14.94 ,0.97 ,2103,581.4,194.5,1359.6,3021.6,Irrigating warped soils,sandy loam,13.6,8.9,139,8,165,75,60,2817
36,W-NWC,WNWC0036,2008,WNWC01,WS0047,7.38 ,15.34 ,1.32 ,2267.4,675.8,198.2,1405.3,3148.88,Irrigating warped soils,sandy loam,13.4,8.8,119,8.4,165,75,60,3656
37,W-NWC,WNWC0037,2008,WNWC02,WS0334,10.63 ,16.07 ,6.50 ,2520.1,849.1,239.9,1155.8,2634.64,Cumulic cinnamon soils,loam,24.5,32.7,268,7.3,210,120,120,4333
38,W-NWC,WNWC0038,2008,WNWC02,WS0334,10.63 ,16.07 ,6.50 ,2520.1,849.1,239.9,1155.8,2634.64,Cumulic cinnamon soils,loam,16.7,10.2,167,7.3,210,120,120,5850
39,W-NWC,WNWC0039,2008,WNWC02,WS0334,10.63 ,16.07 ,6.50 ,2520.1,849.1,239.9,1155.8,2634.64,Alluvial?soils,sandy loam,26,23.2,199,7.3,210,120,120,5150
40,W-NWC,WNWC0040,2008,WNWC02,WS0334,10.63 ,16.07 ,6.50 ,2520.1,849.1,239.9,1155.8,2634.64,Cumulic cinnamon soils,loam,22.4,18.6,251,7.3,210,120,120,5300
41,W-NWC,WNWC0041,2008,WNWC02,WS0334,10.63 ,16.07 ,6.50 ,2520.1,849.1,239.9,1155.8,2634.64,Cumulic cinnamon soils,loam,20.3,28.7,259,7.2,210,120,120,6194
42,W-NWC,WNWC0042,2008,WNWC02,WS0334,10.63 ,16.07 ,6.50 ,2520.1,849.1,239.9,1155.8,2634.64,Alluvial?soils,sandy loam,24.3,36.2,287,7.1,210,120,120,5205
43,W-NWC,WNWC0043,2008,WNWC02,WS0334,10.63 ,16.07 ,6.50 ,2520.1,849.1,239.9,1155.8,2634.64,Fluvo-aquic soils,loam,21.4,31.4,198,7.2,210,120,120,6230
44,W-NWC,WNWC0044,2008,WNWC02,WS0341,10.09 ,15.85 ,5.24 ,2492.3,821.6,264.4,1172.2,2668.22,Cumulic cinnamon soils,sandy loam,16.2,45.3,113,7.7,180,150,75,6350
45,W-NWC,WNWC0045,2008,WNWC02,WS0341,9.75 ,15.57 ,4.87 ,2294,743.3,229.2,1129.9,2553.23,Cumulic cinnamon soils,loam,16.4,71,108,7.5,180,150,75,6083
46,W-NWC,WNWC0046,2008,WNWC02,WS0341,9.75 ,15.54 ,4.87 ,2274,742.6,229.2,1121.9,2535.4,Cumulic cinnamon soils,loam,16,57.9,86,7.6,180,150,75,5883
47,W-NWC,WNWC0047,2008,WNWC02,WS0341,9.79 ,15.58 ,4.93 ,2332.2,751.5,251.4,1141.5,2579.9,Cumulic cinnamon soils,loam,16.9,29.6,82,7.8,180,150,75,7043
48,W-NWC,WNWC0048,2008,WNWC02,WS0341,9.94 ,15.71 ,5.08 ,2396.3,785.6,253.8,1152.8,2617.25,Cumulic cinnamon soils,sandy loam,16,22.7,68,7.6,180,150,75,5955
49,W-NWC,WNWC0049,2008,WNWC02,WS0341,9.74 ,15.55 ,4.84 ,2204.2,742.8,224.7,1098.4,2484.61,Cumulic cinnamon soils,loam,17.7,73.7,100,7.6,180,150,75,6064
50,W-NWC,WNWC0050,2008,WNWC02,WS0341,9.74 ,15.53 ,4.86 ,2252.7,741.3,229,1116.4,2520.74,Cumulic cinnamon soils,loam,17.1,36.5,114,7.7,180,150,75,6015
51,W-NWC,WNWC0051,2008,WNWC02,WS0341,9.88 ,15.67 ,4.99 ,2323.5,772.1,229.2,1133.2,2568.41,Cumulic cinnamon soils,loam,16.4,35.1,216,7.6,180,150,75,6420
52,W-NWC,WNWC0052,2007,WNWC02,WS0336,8.54 ,14.53 ,4.11 ,2250.9,692.8,250.2,1077.9,2655.7,Paddy soils,silty clay loam,20,28.5,356,7,180,75,105,7584
53,W-NWC,WNWC0053,2007,WNWC02,WS0336,8.37 ,14.34 ,3.97 ,2193,654.9,249.3,1064.9,2617.39,Cumulic cinnamon soils,loam,12.9,13.2,124,7.3,150,60,60,7254
54,W-NWC,WNWC0054,2007,WNWC02,WS0336,8.36 ,14.36 ,3.93 ,2172.4,653.1,239.6,1064.9,2607.63,Cumulic cinnamon soils,silty clay loam,18.4,14.8,257,7.1,180,75,105,7203
55,W-NWC,WNWC0055,2007,WNWC02,WS0336,8.16 ,14.03 ,3.86 ,2124.9,606.8,262.3,1022.5,2527.19,Alluvial?soils,silty clay loam,16.3,4.4,125,7,180,75,105,7808
56,W-NWC,WNWC0056,2007,WNWC02,WS0336,8.54 ,14.53 ,4.11 ,2250.9,692.8,250.2,1077.9,2655.7,Alluvial?soils,sandy loam,13.1,9,121,7.8,180,75,105,6398
57,W-NWC,WNWC0057,2007,WNWC02,WS0336,8.06 ,14.11 ,3.58 ,2011.3,600.7,197.8,1034.6,2502.41,Cumulic cinnamon soils,silty clay loam,17.9,5,73,7.8,180,75,105,6174
58,W-NWC,WNWC0058,2007,WNWC02,WS0336,8.08 ,14.14 ,3.60 ,2024.5,603.9,197.8,1040.9,2514.87,Cumulic cinnamon soils,silty clay loam,15.8,17.4,189,7.5,180,75,105,7483
59,W-NWC,WNWC0059,2006,WNWC02,WS0337,10.47 ,16.72 ,5.23 ,2477.3,874.6,124.3,1284.1,2820.54,Irrigating warped soils,loam,13.2,23.3,135,8,90,60,60,6170
60,W-NWC,WNWC0060,2006,WNWC02,WS0337,10.61 ,16.88 ,5.37 ,2552.8,910.1,124.3,1304.3,2865.21,Irrigating warped soils,loam,17.2,25,180,7.9,90,60,60,9055
61,W-NWC,WNWC0061,2006,WNWC02,WS0337,10.58 ,16.84 ,5.35 ,2525.8,903.1,124.3,1292.5,2845.8,Irrigating warped soils,clay loam,10.6,32.9,185,8.1,90,60,60,7320
62,W-NWC,WNWC0062,2006,WNWC02,WS0337,10.60 ,16.85 ,5.36 ,2518.7,906,124.3,1298.5,2854.39,Irrigating warped soils,loam,13.9,24.5,205,8,90,60,60,9315
63,W-NWC,WNWC0063,2006,WNWC02,WS0337,10.40 ,16.66 ,5.17 ,2471.4,858.7,124.3,1284,2810.43,Irrigating warped soils,loam,7.4,36.7,120,7.9,90,60,60,7080
64,W-NWC,WNWC0064,2007,WNWC02,WS0337,9.08 ,15.05 ,4.21 ,2236.2,743.2,134,1237.9,2760.26,Irrigating warped soils,loam,10,14.7,200,7.8,210,180,135,7830
65,W-NWC,WNWC0065,2007,WNWC02,WS0337,9.11 ,15.07 ,4.25 ,2234.8,751.8,134,1233.9,2757.73,Irrigating warped soils,loam,17,20.6,200,7.9,210,180,135,7260
66,W-NWC,WNWC0066,2007,WNWC02,WS0337,9.20 ,15.19 ,4.32 ,2291.4,768.4,134,1262.1,2809.76,Irrigating warped soils,loam,16,16.1,170,7.5,210,180,135,6795
67,W-NWC,WNWC0067,2007,WNWC02,WS0337,9.36 ,15.38 ,4.48 ,2358,805,134,1271.5,2840.84,Cumulic cinnamon soils,clay loam,17,20.6,200,7.9,210,180,135,8040
68,W-NWC,WNWC0068,2007,WNWC02,WS0337,9.17 ,15.17 ,4.31 ,2312.8,759.8,133.6,1281,2837.05,Cumulic cinnamon soils,clay loam,15,30.6,300,7.8,210,180,135,7845
69,W-NWC,WNWC0069,2007,WNWC02,WS0337,9.26 ,15.28 ,4.37 ,2332.6,779.6,134,1289.6,2857.6,Irrigating warped soils,loam,19,19,180,7.8,210,180,135,8790
70,W-NWC,WNWC0070,2007,WNWC02,WS0337,9.18 ,15.16 ,4.34 ,2324.7,761.7,148,1281,2841.72,Irrigating warped soils,loam,19,18.8,190,7.8,210,180,135,7845
71,W-NWC,WNWC0071,2008,WNWC02,WS0337,9.26 ,15.32 ,4.45 ,2216,693.7,218.1,1223.6,2691.04,Cumulic cinnamon soils,clay loam,18.8,36.9,310,8.4,270,150,120,9600
72,W-NWC,WNWC0072,2008,WNWC02,WS0337,9.21 ,15.30 ,4.38 ,2185.2,682.9,217.9,1223.6,2682.42,Fluvo-aquic soils,sandy loam,19,14.4,180,7.7,270,150,120,7800
73,W-NWC,WNWC0073,2008,WNWC02,WS0337,9.30 ,15.37 ,4.48 ,2224.6,702.3,225.6,1231.7,2707.13,Irrigating warped soils,loam,14,35.4,340,8.1,210,180,135,8700
74,W-NWC,WNWC0074,2008,WNWC02,WS0337,9.30 ,15.37 ,4.48 ,2224.6,702.3,225.6,1231.7,2707.13,Irrigating warped soils,loam,13.2,32.4,290,8.1,210,180,135,8700
75,W-NWC,WNWC0075,2008,WNWC02,WS0337,9.21 ,15.30 ,4.38 ,2185.2,682.9,217.9,1223.6,2682.42,Irrigating warped soils,loam,14.5,31.7,190,8.2,210,180,135,10500
76,W-NWC,WNWC0076,2007,WNWC02,WS0375,9.20 ,14.44 ,5.40 ,2161.3,715.7,154.3,1279.8,2778.16,Cultivated loessial soils,loam,16.3,17.6,162,7.4,180,120,75,6600
77,W-NWC,WNWC0077,2007,WNWC02,WS0375,9.20 ,14.44 ,5.40 ,2161.3,715.7,154.3,1279.8,2778.16,Cumulic cinnamon soils,sandy loam,17.5,15.5,143,8.1,180,120,75,6900
78,W-NWC,WNWC0078,2007,WNWC02,WS0375,9.20 ,14.44 ,5.40 ,2161.3,715.7,154.3,1279.8,2778.16,Cumulic cinnamon soils,sandy loam,21.8,20.1,110,8,180,120,75,7425
79,W-NWC,WNWC0079,2007,WNWC02,WS0375,9.28 ,14.55 ,5.48 ,2218,732.4,154.3,1305.3,2826.69,Cumulic cinnamon soils,loam,14.5,19,149,8,180,120,75,7335
80,W-NWC,WNWC0080,2007,WNWC02,WS0375,9.20 ,14.44 ,5.40 ,2161.3,715.7,154.3,1279.8,2778.16,Cumulic cinnamon soils,loam,19.5,19.1,150,7.5,180,120,75,7125
81,W-NWC,WNWC0081,2007,WNWC02,WS0375,9.20 ,14.44 ,5.40 ,2161.3,715.7,154.3,1279.8,2778.16,Cumulic cinnamon soils,sandy loam,17.8,21.4,125,7.8,180,120,75,7425
82,W-NWC,WNWC0082,2008,WNWC02,WS0375,10.03 ,15.52 ,6.22 ,2418.8,747.3,273.3,1397.3,2916.1,Cumulic cinnamon soils,silty clay loam,14.8,10.9,142,7.6,180,120,75,6992
83,W-NWC,WNWC0083,2008,WNWC02,WS0375,10.07 ,15.56 ,6.27 ,2449.2,757.7,273.6,1401.6,2931.32,Cumulic cinnamon soils,silty clay loam,17.4,26.9,141,7.6,180,120,75,7251
84,W-NWC,WNWC0084,2008,WNWC02,WS0375,10.29 ,15.81 ,6.46 ,2553.5,812,304.1,1445.7,3025.98,Cumulic cinnamon soils,silty clay loam,16.7,28.5,141,8.1,180,120,75,7901
85,W-NWC,WNWC0085,2008,WNWC02,WS0375,10.29 ,15.77 ,6.50 ,2574.3,812.8,304.5,1442.1,3020.07,Cumulic cinnamon soils,silty clay loam,17.3,12.6,173,7.2,180,120,75,7500
86,W-NWC,WNWC0086,2008,WNWC02,WS0375,10.14 ,15.64 ,6.33 ,2476.2,774.7,273.6,1413.8,2958.31,Cumulic cinnamon soils,loam,16.1,44.2,194,7.8,180,120,75,3750
87,W-NWC,WNWC0087,2008,WNWC02,WS0375,10.18 ,15.70 ,6.34 ,2474.8,783.3,273.3,1421.6,2969.92,Cumulic cinnamon soils,silty clay loam,18.4,43.8,205,8.2,180,120,75,5801
88,W-NWC,WNWC0088,2008,WNWC02,WS0375,10.29 ,15.81 ,6.45 ,2532.7,811.2,273.6,1435.4,3007.81,Fluvo-aquic soils,silty clay loam,16.6,9.1,126,7.8,180,120,75,6718
89,W-NWC,WNWC0089,2008,WNWC02,WS0375,10.18 ,15.67 ,6.37 ,2505.2,783.7,304.1,1422.6,2979.66,Cumulic cinnamon soils,silty clay loam,22.1,34.1,221,8.1,180,120,75,7268
90,W-NWC,WNWC0090,2007,WNWC02,WS0375,9.20 ,14.44 ,5.40 ,2161.3,715.7,154.3,1279.8,2778.16,Cumulic cinnamon soils,loam,14.8,23.7,118,6.8,180,120,75,7335
91,W-NWC,WNWC0091,2007,WNWC02,WS0375,9.20 ,14.44 ,5.40 ,2161.3,715.7,154.3,1279.8,2778.16,Fluvo-aquic soils,loam,16.5,21.1,139,7.9,180,120,75,7305
92,W-NWC,WNWC0092,2008,WNWC02,WS0375,10.29 ,15.81 ,6.46 ,2553.5,812,304.1,1445.7,3025.98,Fluvo-aquic soils,loam,16.2,33.2,102,7.4,180,120,75,6000
93,W-NWC,WNWC0093,2007,WNWC02,WS0375,9.20 ,14.44 ,5.40 ,2161.3,715.7,154.3,1279.8,2778.16,Fluvo-aquic soils,sandy loam,15.5,17.7,133,7.6,180,120,75,6897
94,W-NWC,WNWC0094,2007,WNWC02,WS0375,9.20 ,14.44 ,5.40 ,2161.3,715.7,154.3,1279.8,2778.16,Cumulic cinnamon soils,sandy loam,16.2,23.7,173,7,180,120,75,6525
95,W-NWC,WNWC0095,2008,WNWC02,WS0375,10.29 ,15.81 ,6.46 ,2553.5,812,304.1,1445.7,3025.98,Fluvo-aquic soils,silty clay loam,16.1,11.8,104,7.5,180,120,75,6600
96,W-NWC,WNWC0096,2007,WNWC02,WS0330,9.47 ,14.57 ,5.66 ,2299,758.8,119.6,1040.6,2525.26,Paddy soils,sandy loam,12.4,17.2,76,7.7,180,75,150,4883
97,W-NWC,WNWC0097,2007,WNWC02,WS0330,9.29 ,14.37 ,5.52 ,2220.5,720.3,119.6,1008.5,2454.19,Cumulic cinnamon soils,loam,12.4,31,102,7.1,180,75,150,6402
98,W-NWC,WNWC0098,2007,WNWC02,WS0330,9.01 ,14.03 ,5.31 ,2130.9,660.7,119.6,973.9,2371.88,Cumulic cinnamon soils,loam,13.6,15.9,81,7.5,180,75,150,6756
99,W-NWC,WNWC0099,2008,WNWC02,WS0330,9.90 ,14.84 ,6.26 ,2318.9,677.8,227.6,1145.2,2563.23,Cumulic cinnamon soils,loam,13.7,20,78,7.4,240,120,150,7865
100,W-NWC,WNWC0100,2008,WNWC02,WS0330,10.01 ,15.00 ,6.31 ,2323.6,702.5,218.7,1156.5,2595.61,Paddy soils,sandy loam,10.4,16.5,90,7.9,210,75,120,4950
101,W-NWC,WNWC0101,2008,WNWC02,WS0330,10.01 ,15.00 ,6.31 ,2323.6,702.5,218.7,1156.5,2595.61,Fluvo-aquic soils,loam,16,16.9,125,7.2,225,90,150,8124
102,W-NWC,WNWC0102,2007,WNWC02,WS0330,8.89 ,13.88 ,5.20 ,2067.8,637.6,119.6,949.9,2319.26,Alluvial?soils,loam,14,12.5,100,7,180,75,150,7970
103,W-NWC,WNWC0103,2007,WNWC02,WS0330,8.99 ,14.00 ,5.27 ,2098.7,658.5,119.6,966.3,2356.06,Alluvial?soils,loam,11.6,21.7,120,6.8,180,75,150,6733
104,W-NWC,WNWC0104,2008,WNWC02,WS0330,10.11 ,15.09 ,6.43 ,2387.8,726.7,227.6,1172.1,2633,Alluvial?soils,loam,14.9,13,128,7,210,75,120,8284
105,W-NWC,WNWC0105,2007,WNWC02,WS0330,9.37 ,14.45 ,5.57 ,2229.2,739,119.6,1017.1,2474.64,Cumulic cinnamon soils,clay loam,14.2,36,115,7.1,180,75,150,6383
106,W-NWC,WNWC0106,2008,WNWC02,WS0330,9.89 ,14.84 ,6.24 ,2287.9,676.8,226.8,1137.8,2552.98,Cumulic cinnamon soils,clay loam,13.5,8.8,113,7.3,240,120,150,7985
107,W-NWC,WNWC0107,2007,WNWC02,WS0330,9.82 ,14.94 ,6.01 ,2400.4,840.2,124.7,1043.6,2569.35,Alluvial?soils,loam,14.2,21.8,96,7.6,180,75,150,8337
108,W-NWC,WNWC0108,2008,WNWC02,WS0330,10.12 ,15.12 ,6.41 ,2368.9,727.8,226.8,1174.5,2634.1,Alluvial?soils,loam,16,13.5,146,7.5,225,90,150,8124
109,W-NWC,WNWC0109,2007,WNWC02,WS0330,9.45 ,14.55 ,5.65 ,2284.9,754.7,119.6,1033.7,2512.29,Paddy soils,loam,14.9,18.7,92,7.5,180,75,150,5909
110,W-NWC,WNWC0110,2007,WNWC02,WS0330,9.22 ,14.28 ,5.46 ,2194.3,704.1,119.6,997.7,2429.45,Fluvo-aquic soils,clay loam,13.1,29.6,147,8,180,75,150,7607
111,W-NWC,WNWC0111,2008,WNWC02,WS0330,9.97 ,14.93 ,6.29 ,2313.9,692.8,226.8,1149.8,2579.64,Cumulic cinnamon soils,clay loam,22.5,9.6,102,7.5,240,120,150,5250
112,W-NWC,WNWC0112,2008,WNWC02,WS0330,10.06 ,15.04 ,6.38 ,2356.1,715,227.3,1162.6,2612.07,Fluvo-aquic soils,clay loam,15.7,27.8,98,7.4,240,120,150,8047
113,W-NWC,WNWC0113,2007,WNWC02,WS0330,9.19 ,14.24 ,5.44 ,2180,699.8,119.6,992.7,2418.97,Cultivated loessial soils,loam,12.3,36,113,6.7,180,75,150,6807
114,W-NWC,WNWC0114,2008,WNWC02,WS0330,9.92 ,14.90 ,6.22 ,2283.1,682,212.7,1143.7,2563.26,Cultivated loessial soils,loam,14.1,41.2,104,6.8,210,75,120,6809
115,W-NWC,WNWC0115,2008,WNWC02,WS0330,9.92 ,14.86 ,6.27 ,2303.6,682.5,227.3,1137.8,2557.46,Alluvial?soils,clay loam,15.4,33.4,140,7,225,90,150,6353
116,W-NWC,WNWC0116,2008,WNWC02,WS0339,8.81 ,15.15 ,3.86 ,2175.1,674.1,216.8,1484.9,3043.72,Irrigating warped soils,loam,12.1,12.6,136,7.8,210,150,75,7860
117,W-NWC,WNWC0117,2008,WNWC02,WS0343,8.84 ,15.10 ,3.84 ,2254.7,664.7,224.1,1241.1,2737.5,Cumulic cinnamon soils,silty clay loam,13.1,35.7,180,8.3,225,135,75,7596
118,W-NWC,WNWC0118,2009,WNWC02,WS0343,7.69 ,13.92 ,2.80 ,1925.7,605.5,213.9,1132.4,2605.07,Cumulic cinnamon soils,silty clay loam,12.4,21.7,165,8.4,225,150,75,7425
119,W-NWC,WNWC0119,2009,WNWC02,WS0343,7.66 ,13.88 ,2.79 ,1911.6,601.4,213.9,1125.7,2592.09,Alluvial?soils,sandy loam,14.2,28.3,143,8.4,255,150,113,7587
120,W-NWC,WNWC0120,2008,WNWC02,WS0343,8.76 ,15.02 ,3.77 ,2218.5,648.5,223.6,1230.1,2713.12,Cultivated loessial soils,silty clay loam,12.6,25.1,173,8.3,225,150,75,7283
121,W-NWC,WNWC0121,2009,WNWC02,WS0343,7.69 ,13.92 ,2.80 ,1925.7,605.5,213.9,1132.4,2605.07,Cumulic cinnamon soils,clay loam,11.6,17.4,177,8.6,225,135,75,6734
122,W-NWC,WNWC0122,2008,WNWC02,WS0343,8.80 ,15.10 ,3.75 ,2217.5,657.5,193.3,1234.1,2719.13,Cumulic cinnamon soils,silty clay loam,11.2,26.7,147,8.3,210,120,45,6965
123,W-NWC,WNWC0123,2008,WNWC02,WS0343,8.80 ,15.10 ,3.75 ,2217.5,657.5,193.3,1234.1,2719.13,Cumulic cinnamon soils,silty clay loam,9.6,21.4,138,8.3,218,135,30,6554
124,W-NWC,WNWC0124,2008,WNWC02,WS0343,8.70 ,14.98 ,3.67 ,2176.4,636.4,193.2,1223.6,2690.08,Cumulic cinnamon soils,silty clay loam,11.9,23.4,127,8.4,195,120,45,6884
125,W-NWC,WNWC0125,2009,WNWC02,WS0343,7.71 ,13.94 ,2.82 ,1931.4,611.2,213.9,1131.9,2609.48,Cumulic cinnamon soils,clay loam,10.2,15.4,164,8.6,195,120,45,6957
126,W-NWC,WNWC0126,2009,WNWC02,WS0343,7.75 ,13.96 ,2.86 ,1939.9,619.7,213.9,1127.2,2608.3,Cumulic cinnamon soils,clay loam,8.5,16.7,193,8.7,225,143,60,6792
127,W-NWC,WNWC0127,2008,WNWC02,WS0343,9.03 ,15.30 ,4.01 ,2318.3,708.3,236.2,1251.5,2777.17,Cumulic cinnamon soils,silty clay loam,12.7,35.1,154,8.5,210,120,30,6042
128,W-NWC,WNWC0128,2008,WNWC02,WS0343,8.88 ,15.17 ,3.86 ,2256.5,676.5,223.6,1242.2,2744.38,Cumulic cinnamon soils,silty clay loam,16.7,40.6,173,8.5,210,135,30,7175
129,W-NWC,WNWC0129,2009,WNWC02,WS0343,7.85 ,14.08 ,2.94 ,1979.3,639.1,213.9,1147.3,2649.07,Cumulic cinnamon soils,clay loam,9.6,20.8,162,8.6,210,135,60,6728
130,W-NWC,WNWC0130,2008,WNWC02,WS0329,7.61 ,12.91 ,3.49 ,1946.6,529.6,179.3,1628.4,3209.43,Cumulic cinnamon soils,loam,11.1,30.3,146,8.1,225,105,75,6434
131,W-NWC,WNWC0131,2008,WNWC02,WS0329,7.53 ,12.81 ,3.41 ,1926.8,509.8,170.2,1628.5,3200.19,Cumulic cinnamon soils,loam,13.2,28.3,162,8.2,225,105,75,6362
132,W-NWC,WNWC0132,2009,WNWC02,WS0329,6.56 ,12.07 ,2.44 ,1770.2,516,201.2,1514.6,3092.4,Cumulic cinnamon soils,loam,14.1,24.1,200,8.1,270,90,60,7102
133,W-NWC,WNWC0133,2009,WNWC02,WS0329,6.64 ,12.17 ,2.50 ,1808.4,524.2,201.2,1545.7,3144.9,Cumulic cinnamon soils,loam,12.7,17.1,145,8.2,270,90,60,7199
134,W-NWC,WNWC0134,2008,WNWC02,WS0329,7.48 ,12.75 ,3.37 ,1915.8,498.8,170.2,1623.2,3187.24,Cumulic cinnamon soils,loam,14.7,40.1,156,8,300,105,75,6740
135,W-NWC,WNWC0135,2008,WNWC02,WS0329,7.55 ,12.82 ,3.43 ,1939.5,512.5,170.2,1633.9,3211.79,Cumulic cinnamon soils,loam,12.4,35.6,175,8.1,225,105,75,6517
136,W-NWC,WNWC0136,2008,WNWC02,WS0329,8.07 ,13.35 ,3.94 ,2162.7,615.7,209.5,1724.9,3423.9,Cumulic cinnamon soils,loam,14.3,21.3,156,8.3,225,105,75,5763
137,W-NWC,WNWC0137,2009,WNWC02,WS0329,6.27 ,11.81 ,2.18 ,1687.5,453.3,201.9,1510.9,3040.98,Cumulic cinnamon soils,loam,26.8,33.7,214,8.3,270,90,60,6836
138,W-NWC,WNWC0138,2009,WNWC02,WS0329,6.41 ,11.94 ,2.31 ,1735.1,480.9,201.2,1513.8,3071.48,Cumulic cinnamon soils,loam,11.3,12.5,211,8.2,311,126,90,7222
139,W-NWC,WNWC0139,2008,WNWC02,WS0329,7.73 ,13.03 ,3.61 ,1992,555,179.3,1646.8,3253.78,Cumulic cinnamon soils,loam,13.5,17.6,187,8,300,105,75,6581
140,W-NWC,WNWC0140,2009,WNWC02,WS0329,6.46 ,11.98 ,2.35 ,1745.1,490.9,201.2,1512.7,3076.24,Cumulic cinnamon soils,loam,13.4,25.4,169,8.2,285,108,68,7046
141,W-NWC,WNWC0141,2009,WNWC02,WS0329,6.27 ,11.80 ,2.18 ,1681.4,457.2,201.2,1490.8,3018.81,Cumulic cinnamon soils,loam,17.5,24.9,170,8.1,300,108,75,7324
142,W-NWC,WNWC0142,2008,WNWC02,WS0329,7.60 ,12.88 ,3.49 ,1960.4,523.4,173.7,1637.1,3224.36,Cumulic cinnamon soils,loam,16.1,15.6,221,8.3,225,105,75,6239
143,W-NWC,WNWC0143,2008,WNWC02,WS0329,7.60 ,12.88 ,3.49 ,1960.4,523.4,173.7,1637.1,3224.36,Cumulic cinnamon soils,sandy loam,14.9,23.1,152,8.1,225,105,75,6542
144,W-NWC,WNWC0144,2009,WNWC02,WS0329,6.33 ,11.86 ,2.23 ,1701.4,467.2,201.2,1498.5,3038.59,Cumulic cinnamon soils,loam,13.7,28.4,153,8,330,108,75,6985
145,W-NWC,WNWC0145,2009,WNWC02,WS0329,6.36 ,11.88 ,2.26 ,1710.2,476,201.2,1493.7,3037.16,Cumulic cinnamon soils,loam,12.6,15.6,221,8.3,300,126,75,6973
146,W-NWC,WNWC0146,2008,WNWC02,WS0329,7.73 ,13.03 ,3.61 ,1992,555,179.3,1646.8,3253.78,Cultivated loessial soils,loam,15.3,32.4,131,8,300,105,75,6768
147,W-NWC,WNWC0147,2008,WNWC02,WS0329,7.66 ,12.95 ,3.55 ,1981.6,534.6,179.3,1645.1,3244.61,Cultivated loessial soils,loam,16.6,28.6,132,8,300,105,75,6898
148,W-NWC,WNWC0148,2009,WNWC02,WS0329,6.25 ,11.78 ,2.17 ,1677.4,453.2,201.2,1495.1,3019.17,Cultivated loessial soils,loam,12.9,27.7,192,8.3,285,108,60,6836
149,W-NWC,WNWC0149,2009,WNWC02,WS0329,6.11 ,11.61 ,2.07 ,1643.3,419.1,188.3,1483,2978.17,Cultivated loessial soils,loam,16.2,19.6,156,8.1,315,120,75,7312
150,W-NWC,WNWC0150,2008,WNWC02,WS0329,7.67 ,12.96 ,3.55 ,1968.9,541.9,179.3,1635.7,3228.57,Cultivated loessial soils,loam,13.2,25.8,187,8.1,225,105,75,6606
151,W-NWC,WNWC0151,2009,WNWC02,WS0343,7.71 ,13.94 ,2.82 ,1931.4,611.2,213.9,1131.9,2609.48,Alluvial?soils,clay loam,11.8,15.1,113,8.2,240,150,105,6819
152,W-NWC,WNWC0152,2008,WNWC02,WS0343,8.80 ,15.07 ,3.80 ,2236.6,656.6,223.6,1240.5,2731.74,Alluvial?soils,silty clay loam,13.1,26.7,141,8.2,255,150,105,7391
153,W-NWC,WNWC0153,2008,WNWC02,WS0343,8.88 ,15.13 ,3.88 ,2272.2,672.2,224.1,1241.1,2742.5,Alluvial?soils,clay loam,10.4,19.8,124,8.2,225,135,90,6476
154,W-NWC,WNWC0154,2008,WNWC02,WS0343,9.01 ,15.29 ,3.98 ,2313.2,703.2,227.3,1259.1,2783.85,Fluvo-aquic soils,clay loam,13.4,38.9,179,8.3,234,120,90,7283
155,W-NWC,WNWC0155,2009,WNWC02,WS0343,7.72 ,13.95 ,2.84 ,1940.6,610.4,213.9,1140.5,2619.91,Alluvial?soils,clay loam,15.6,38.2,135,8.3,248,135,120,7403
156,W-NWC,WNWC0156,2009,WNWC02,WS0343,7.69 ,13.92 ,2.80 ,1925.7,605.5,213.9,1132.4,2605.07,Cumulic cinnamon soils,clay loam,10.7,34.6,103,8.4,270,150,105,7484
157,W-NWC,WNWC0157,2007,WNWC02,WS0332,8.41 ,14.64 ,3.87 ,2149.8,652,109.4,1148.4,2692.1,Cultivated loessial soils,loam,20.8,76,202,7.9,179,59,29,7845
158,W-NWC,WNWC0158,2007,WNWC02,WS0332,8.00 ,14.14 ,3.55 ,2012.6,564.8,108.2,1100.7,2572.43,Cumulic cinnamon soils,loam,14.6,13.3,167,7.7,176,182,32,7560
159,W-NWC,WNWC0159,2007,WNWC02,WS0332,8.39 ,14.57 ,3.89 ,2162.1,644.3,123.6,1145,2692.74,Cumulic cinnamon soils,loam,19.8,61.8,131,7.8,240,45,60,8189
160,W-NWC,WNWC0160,2007,WNWC02,WS0332,8.52 ,14.72 ,3.99 ,2200.2,672.4,109.4,1152.6,2715.14,Cumulic cinnamon soils,loam,14.6,38.1,162,7.8,179,59,29,7797
161,W-NWC,WNWC0161,2007,WNWC02,WS0332,8.00 ,14.14 ,3.55 ,2012.6,564.8,108.2,1100.7,2572.43,Fluvo-aquic soils,sandy loam,16.2,19.9,208,7.8,180,60,30,8033
162,W-NWC,WNWC0162,2007,WNWC02,WS0332,9.05 ,15.23 ,4.51 ,2374,796.2,141.4,1161.5,2794.74,Cumulic cinnamon soils,loam,7.1,16.3,116,7.9,240,45,60,8363
163,W-NWC,WNWC0163,2008,WNWC02,WS0332,8.79 ,14.82 ,4.35 ,2142.8,602,201.9,1101.8,2556.76,Cumulic cinnamon soils,loam,18.9,27.4,148,7.7,150,90,30,6437
164,W-NWC,WNWC0164,2008,WNWC02,WS0332,8.55 ,14.77 ,4.00 ,2198.7,680.9,112.4,1154.9,2717.45,Cumulic cinnamon soils,loam,19.1,24.1,103,7.7,150,90,30,8012
165,W-NWC,WNWC0165,2008,WNWC02,WS0332,8.40 ,14.56 ,3.91 ,2173.1,645.3,132.3,1145,2697.48,Cumulic cinnamon soils,loam,17.1,31.8,168,7.8,150,90,30,6878
166,W-NWC,WNWC0166,2008,WNWC02,WS0332,8.87 ,14.92 ,4.41 ,2169.9,619.1,201.9,1113.9,2583.58,Cumulic cinnamon soils,loam,17.2,11.9,195,7.8,180,120,30,6240
167,W-NWC,WNWC0167,2009,WNWC02,WS0332,8.09 ,14.19 ,3.66 ,1992.3,636.7,222.7,1087,2573.29,Cumulic cinnamon soils,loam,19.3,77.9,143,7.7,225,135,90,4803
168,W-NWC,WNWC0168,2009,WNWC02,WS0332,8.08 ,14.18 ,3.66 ,1997,631.4,222.7,1089.4,2573.73,Cumulic cinnamon soils,sandy loam,19,39.7,150,7.8,225,135,90,7322
169,W-NWC,WNWC0169,2009,WNWC02,WS0332,7.91 ,14.00 ,3.51 ,1932.5,596.9,222.7,1074.2,2526.98,Cultivated loessial soils,loam,13.6,34.9,136,8.3,225,135,90,6560
170,W-NWC,WNWC0170,2006,WNWC02,WS0332,9.91 ,16.35 ,5.24 ,2451.8,839.3,167.7,1141.2,2706.84,Cumulic cinnamon soils,silty clay loam,10.5,43,81,7.7,191,72,23,5326
171,W-NWC,WNWC0171,2006,WNWC02,WS0332,9.45 ,15.85 ,4.79 ,2235.4,732.9,167.7,1092.1,2583.51,Cumulic cinnamon soils,loam,11.3,42.8,104,7.7,162,120,27,5468
172,W-NWC,WNWC0172,2006,WNWC02,WS0332,9.84 ,16.26 ,5.18 ,2433.3,820.8,167.7,1135,2691.99,Cumulic cinnamon soils,silty clay loam,10.3,20.6,112,7.8,260,48,23,6457
173,W-NWC,WNWC0173,2006,WNWC02,WS0332,9.66 ,16.09 ,4.97 ,2293.7,781.2,142.5,1091.8,2605.01,Cumulic cinnamon soils,loam,7.5,37,148,8,210,72,27,6574
174,W-NWC,WNWC0174,2006,WNWC02,WS0332,10.08 ,16.50 ,5.42 ,2523,880.5,168.3,1142.5,2731.31,Cumulic cinnamon soils,silty clay loam,15.7,18.9,207,7.7,221,90,27,7095
175,W-NWC,WNWC0175,2006,WNWC02,WS0332,10.11 ,16.53 ,5.46 ,2541.3,888.8,168.3,1142.5,2736.28,Cumulic cinnamon soils,loam,12,17,123,7.6,162,129,20,8645
176,W-NWC,WNWC0176,2007,WNWC02,WS0332,8.07 ,14.25 ,3.55 ,2011.1,583.3,108.2,1104.6,2581.2,Cumulic cinnamon soils,clay,12,26.1,169,7.8,180,96,23,6959
177,W-NWC,WNWC0177,2007,WNWC02,WS0332,8.20 ,14.41 ,3.64 ,2059.2,611.4,108.2,1125.6,2629.72,Cumulic cinnamon soils,clay,13.3,25.6,229,8,180,96,23,7564
178,W-NWC,WNWC0178,2007,WNWC02,WS0332,8.18 ,14.38 ,3.63 ,2046.1,608.3,108.2,1117.4,2615,Cumulic cinnamon soils,clay,13.2,28.2,293,7.9,180,96,23,8237
179,W-NWC,WNWC0179,2007,WNWC02,WS0332,7.94 ,14.10 ,3.46 ,1974.6,556.8,108.2,1091.4,2546.84,Cumulic cinnamon soils,clay,11.3,27.2,219,7.7,180,96,23,6803
180,W-NWC,WNWC0180,2007,WNWC02,WS0332,7.99 ,14.16 ,3.50 ,1986.5,568.7,108.2,1093.8,2556.47,Cumulic cinnamon soils,clay,8.6,21.7,138,7.9,180,96,23,6894
181,W-NWC,WNWC0181,2007,WNWC02,WS0332,7.98 ,14.13 ,3.46 ,1958.6,570.8,108.2,1078.3,2530.89,Cumulic cinnamon soils,clay,8.4,20,190,7.6,180,96,23,6701
182,W-NWC,WNWC0182,2007,WNWC02,WS0332,7.92 ,14.07 ,3.45 ,1962.2,554.4,108.2,1083.1,2531.9,Cumulic cinnamon soils,clay,12.8,19.2,276,7.6,180,98,21,6831
183,W-NWC,WNWC0183,2007,WNWC02,WS0332,7.94 ,14.10 ,3.44 ,1957.4,559.6,108.2,1081.5,2532.2,Cumulic cinnamon soils,clay,12.7,34.8,193,7.7,180,98,21,6914
184,W-NWC,WNWC0184,2007,WNWC02,WS0332,7.99 ,14.16 ,3.50 ,1986.5,568.7,108.2,1093.8,2556.47,Cumulic cinnamon soils,clay,13.6,31.9,132,8,180,98,21,6464
185,W-NWC,WNWC0185,2007,WNWC02,WS0332,8.08 ,14.26 ,3.53 ,2005.5,587.7,108.2,1104,2583.11,Cumulic cinnamon soils,clay,12.5,22.5,180,8,180,98,21,6764
186,W-NWC,WNWC0186,2008,WNWC02,WS0332,9.19 ,15.24 ,4.72 ,2300.7,689.9,234.8,1143.2,2672.06,Cumulic cinnamon soils,clay,16.1,54.2,239,7.9,207,96,60,6749
187,W-NWC,WNWC0187,2008,WNWC02,WS0332,9.06 ,15.13 ,4.61 ,2252.4,661.6,234.8,1133.1,2640.96,Cumulic cinnamon soils,clay,17.5,35.2,134,7.8,207,96,60,8489
188,W-NWC,WNWC0188,2008,WNWC02,WS0332,9.06 ,15.13 ,4.61 ,2252.4,661.6,234.8,1133.1,2640.96,Cumulic cinnamon soils,clay,17.3,55.6,143,8,207,96,60,9368
189,W-NWC,WNWC0189,2008,WNWC02,WS0332,9.21 ,15.25 ,4.75 ,2314.6,693.8,234.8,1143.2,2676.76,Cumulic cinnamon soils,clay,16.7,46.9,204,7.7,207,96,60,9426
190,W-NWC,WNWC0190,2008,WNWC02,WS0332,9.28 ,15.31 ,4.84 ,2351.7,710.9,234.8,1143.2,2688.97,Cumulic cinnamon soils,clay,12.8,19.2,276,7.9,207,96,60,9416
191,W-NWC,WNWC0191,2008,WNWC02,WS0332,9.08 ,15.14 ,4.64 ,2266.3,665.5,234.8,1133.1,2645.66,Cumulic cinnamon soils,clay,12.5,22.5,108,7.8,207,96,60,8475
192,W-NWC,WNWC0192,2008,WNWC02,WS0332,9.19 ,15.24 ,4.72 ,2300.7,689.9,234.8,1143.2,2672.06,Cumulic cinnamon soils,clay,11.3,27.2,122,7.9,207,96,60,7263
193,W-NWC,WNWC0193,2008,WNWC02,WS0332,9.43 ,15.49 ,4.90 ,2378.1,747.3,234.8,1171,2740.49,Cumulic cinnamon soils,clay,18.9,19.2,276,8,207,96,60,7263
194,W-NWC,WNWC0194,2008,WNWC02,WS0332,9.13 ,15.15 ,4.68 ,2258.5,677.7,234.8,1125.8,2636.2,Cumulic cinnamon soils,clay,17.6,36.5,283,7.8,207,96,60,8285
195,W-NWC,WNWC0195,2009,WNWC02,WS0332,8.50 ,14.55 ,4.11 ,2207.3,711.7,243.6,1151.2,2725.54,Cumulic cinnamon soils,loam,15,43.4,198,7.8,225,92,75,7758
196,W-NWC,WNWC0196,2009,WNWC02,WS0332,8.42 ,14.46 ,4.06 ,2188,692.4,245.8,1137.6,2696.55,Cumulic cinnamon soils,loam,13.6,38.2,183,7.8,225,92,75,7647
197,W-NWC,WNWC0197,2009,WNWC02,WS0332,8.49 ,14.55 ,4.13 ,2221.9,706.3,245.8,1151.1,2721.16,Cumulic cinnamon soils,loam,16.7,50.7,185,7.9,225,96,75,7244
198,W-NWC,WNWC0198,2008,WNWC02,WS0335,8.69 ,14.76 ,4.08 ,2092.8,585,212.2,1207.2,2658.51,Cumulic cinnamon soils,clay loam,17,20.3,283,8.2,186,117,84,7575
199,W-NWC,WNWC0199,2008,WNWC02,WS0335,8.51 ,14.53 ,3.95 ,2015.1,547.3,212.2,1178.1,2590.17,Cumulic cinnamon soils,clay loam,15.2,9.5,97,8.1,186,117,84,6795
200,W-NWC,WNWC0200,2008,WNWC02,WS0335,8.74 ,14.83 ,4.11 ,2120.2,592.4,212.2,1215.9,2678.79,Cumulic cinnamon soils,clay loam,17.4,14.3,149,7.8,186,117,84,6735
201,W-NWC,WNWC0201,2008,WNWC02,WS0335,8.44 ,14.45 ,3.90 ,1992.3,534.5,212.2,1169,2568.19,Cumulic cinnamon soils,loam,19.3,13.9,127,8.1,186,117,84,6540
202,W-NWC,WNWC0202,2008,WNWC02,WS0335,8.62 ,14.67 ,4.04 ,2067.9,570.1,212.2,1196.3,2633.63,Cumulic cinnamon soils,clay loam,22.7,15.4,84,8.2,186,117,84,6660
203,W-NWC,WNWC0203,2008,WNWC02,WS0335,8.57 ,14.62 ,4.00 ,2039.1,561.3,212.2,1189.8,2616.33,Cumulic cinnamon soils,clay loam,16.4,49.4,120,8.2,186,117,84,7110
204,W-NWC,WNWC0204,2008,WNWC02,WS0335,8.74 ,14.81 ,4.11 ,2102.6,594.8,212.2,1212,2671.28,Cumulic cinnamon soils,clay loam,17.6,11.4,129,8.2,186,117,84,5895
205,W-NWC,WNWC0205,2008,WNWC02,WS0335,8.60 ,14.65 ,4.03 ,2071.3,563.5,212.2,1193.3,2627.75,Cumulic cinnamon soils,clay loam,22,11.9,317,8.3,186,117,84,6060
206,W-NWC,WNWC0206,2008,WNWC02,WS0335,8.64 ,14.71 ,4.04 ,2064,576.2,212.2,1200.7,2641.21,Cumulic cinnamon soils,clay loam,15.8,14.5,106,7.9,186,117,84,6645
207,W-NWC,WNWC0207,2008,WNWC02,WS0335,8.57 ,14.62 ,4.00 ,2039.1,561.3,212.2,1189.8,2616.33,Cumulic cinnamon soils,clay loam,15.3,43.5,104,8.1,186,117,84,8310
208,W-NWC,WNWC0208,2009,WNWC02,WS0335,8.08 ,14.18 ,3.58 ,1969.2,621.4,232.1,1117.8,2555.84,Cumulic cinnamon soils,clay loam,11.8,6.7,68,8.1,117,84,21,6600
209,W-NWC,WNWC0209,2009,WNWC02,WS0335,8.19 ,14.29 ,3.69 ,2021.9,644.1,232.9,1127.5,2588.62,Cumulic cinnamon soils,clay loam,22.8,8.6,186,7.8,117,84,21,7475
210,W-NWC,WNWC0210,2009,WNWC02,WS0335,8.47 ,14.59 ,3.95 ,2139.5,701.7,234.7,1155.6,2666.5,Cumulic cinnamon soils,clay loam,15.8,18.9,328,7.8,117,84,21,8490
211,W-NWC,WNWC0211,2009,WNWC02,WS0335,9.43 ,15.47 ,4.97 ,2617.6,919.8,282.7,1247.8,2928.98,Cumulic cinnamon soils,clay loam,17,52.4,386,8.2,117,84,21,7170
212,W-NWC,WNWC0212,2009,WNWC02,WS0335,8.55 ,14.69 ,3.98 ,2149.7,721.9,232.9,1163.3,2683.33,Cumulic cinnamon soils,clay loam,18.5,51.4,337,7.3,117,84,21,7439
213,W-NWC,WNWC0213,2009,WNWC02,WS0335,8.11 ,14.17 ,3.63 ,1977.4,629.6,232.9,1103.1,2544.47,Cumulic cinnamon soils,clay loam,20.5,39.3,204,8.5,117,84,21,7215
214,W-NWC,WNWC0214,2009,WNWC02,WS0335,8.35 ,14.46 ,3.83 ,2084.5,676.7,232.9,1140.3,2627.34,Cumulic cinnamon soils,clay loam,18.3,50.7,353,7.4,117,84,21,8700
215,W-NWC,WNWC0215,2009,WNWC02,WS0335,8.52 ,14.65 ,3.96 ,2134.6,716.8,232.9,1156.7,2670.44,Cumulic cinnamon soils,clay loam,20.5,49,365,8.5,117,84,21,6225
216,W-NWC,WNWC0216,2009,WNWC02,WS0335,8.36 ,14.47 ,3.83 ,2079,681.2,232.9,1138.4,2626.18,Cumulic cinnamon soils,clay loam,16.3,20,323,7.4,117,84,21,5595
217,W-NWC,WNWC0217,2009,WNWC02,WS0328,7.98 ,13.26 ,3.62 ,2019.5,640.1,222.3,1314.6,2833.42,Cumulic cinnamon soils,clay,12.4,34.7,185,8.2,210,180,120,5225
218,W-NWC,WNWC0218,2009,WNWC02,WS0328,7.83 ,14.45 ,2.96 ,1928.1,590.4,195.6,1329.8,2775.85,Cumulic cinnamon soils,loam,10.4,29.5,218,8,210,180,120,5346
219,W-NWC,WNWC0219,2009,WNWC02,WS0328,7.92 ,14.44 ,3.10 ,1942.6,614.9,217,1280.9,2726.38,Cumulic cinnamon soils,loam,10.4,29.5,218,8,210,180,120,6676
220,W-NWC,WNWC0220,2009,WNWC02,WS0328,8.07 ,14.64 ,3.21 ,2017.4,639.7,217,1326.4,2810.84,Cumulic cinnamon soils,loam,11.4,30.2,198,8.1,210,180,120,4437
221,W-NWC,WNWC0221,2009,WNWC02,WS0328,7.98 ,13.26 ,3.62 ,2019.5,640.1,222.3,1314.6,2833.42,Cumulic cinnamon soils,loam,13.1,34.5,300,8.2,210,180,120,6309
222,W-NWC,WNWC0222,2009,WNWC02,WS0328,7.75 ,14.36 ,2.87 ,1885.6,577.9,195,1304.6,2730.02,Cumulic cinnamon soils,loam,9.4,19.2,160,7.9,210,120,180,4884
223,W-NWC,WNWC0223,2009,WNWC02,WS0328,8.16 ,14.68 ,3.35 ,2072.5,654.8,220.3,1341.6,2848.92,Cumulic cinnamon soils,loam,14.8,48.1,157,8.5,210,180,120,4845
224,W-NWC,WNWC0224,2009,WNWC02,WS0328,7.84 ,14.39 ,3.03 ,1947.4,589.7,200.5,1318.8,2765.06,Cumulic cinnamon soils,loam,14.3,42.1,240,7.9,210,180,120,5526
225,W-NWC,WNWC0225,2007,WNWC02,WS0333,7.76 ,13.60 ,3.24 ,1930.5,569.6,132,1325.837,2823.36,Cumulic cinnamon soils,clay,12.8,30.7,136,7.9,180,150,75,5938
226,W-NWC,WNWC0226,2007,WNWC02,WS0333,7.89 ,13.74 ,3.36 ,1975.1,594.2,132.6,1335.437,2853.62,Cumulic cinnamon soils,clay,15.1,34.2,130,8.3,180,150,75,6650
227,W-NWC,WNWC0227,2008,WNWC02,WS0333,8.42 ,14.37 ,3.84 ,1980.6,573.4,136.1,1295.5,2724.51,Cumulic cinnamon soils,clay,13.5,38.3,194,8.4,180,150,75,5939
228,W-NWC,WNWC0228,2008,WNWC02,WS0333,8.24 ,14.16 ,3.71 ,1916.2,539,136.1,1266.6,2661.16,Cumulic cinnamon soils,clay,13.5,73.3,215,7.9,180,150,75,6005
229,W-NWC,WNWC0229,2009,WNWC02,WS0333,7.81 ,13.79 ,3.49 ,1999.2,620.4,191.1,1349.3,2857.33,Cumulic cinnamon soils,clay,24.8,34.7,186,8.1,180,120,120,8085
230,W-NWC,WNWC0230,2009,WNWC02,WS0333,7.74 ,13.76 ,3.38 ,1950.4,611.6,187.4,1338.4,2830.09,Cumulic cinnamon soils,clay,14.6,26.7,267,7.8,210,135,105,7792
231,W-NWC,WNWC0231,2009,WNWC02,WS0333,7.85 ,13.79 ,3.56 ,2024.7,625.9,194.3,1350.4,2863.26,Cumulic cinnamon soils,clay,24.9,43.6,298,8.3,180,120,120,6302
232,W-NWC,WNWC0232,2009,WNWC02,WS0333,7.79 ,13.82 ,3.43 ,1978.6,619.8,187.4,1356.5,2862.19,Cumulic cinnamon soils,clay,13.8,16.8,186,8,180,120,60,6954
233,W-NWC,WNWC0233,2009,WNWC02,WS0333,7.74 ,13.76 ,3.38 ,1950.4,611.6,187.4,1338.4,2830.09,Cumulic cinnamon soils,clay,16,18.5,291,7.8,210,135,105,7688
234,W-NWC,WNWC0234,2007,WNWC02,WS0333,7.71 ,13.55 ,3.20 ,1904.2,563.3,131,1313.337,2799.98,Cumulic cinnamon soils,clay,13.7,27.1,226,8.2,180,150,75,6096
235,W-NWC,WNWC0235,2007,WNWC02,WS0333,7.75 ,13.59 ,3.23 ,1935,564.1,132,1330.237,2824.88,Yellow-cinnamon soils,clay,13.2,30.8,134,7.9,180,150,75,5978
236,W-NWC,WNWC0236,2007,WNWC02,WS0333,8.63 ,14.26 ,4.27 ,2412.2,726.2,183.9,1450.037,3151.47,Yellow-cinnamon soils,clay,8.1,21.6,138,7.9,180,150,75,6287
237,W-NWC,WNWC0237,2007,WNWC02,WS0333,7.72 ,13.56 ,3.21 ,1922.4,561.5,132,1321.637,2810.13,Yellow-cinnamon soils,silty clay loam,12.7,23.8,100,8,180,150,75,5939
238,W-NWC,WNWC0238,2007,WNWC02,WS0333,7.79 ,13.63 ,3.25 ,1928.4,577.5,131,1322.937,2822.79,Cumulic cinnamon soils,clay,11.3,25.3,97,7.9,180,150,75,7520
239,W-NWC,WNWC0239,2008,WNWC02,WS0333,9.59 ,15.34 ,5.19 ,2626,821.4,250.9,1423.5,3104.93,Yellow-cinnamon soils,clay,9.7,28.4,94,8.2,180,150,75,5892
240,W-NWC,WNWC0240,2008,WNWC02,WS0333,8.24 ,14.16 ,3.71 ,1916.2,539,136.1,1266.6,2661.16,Cumulic cinnamon soils,clay,12.6,28.3,192,8.2,180,150,75,6407
241,W-NWC,WNWC0241,2008,WNWC02,WS0333,8.24 ,14.16 ,3.71 ,1916.2,539,136.1,1266.6,2661.16,Cumulic cinnamon soils,clay,13.5,35.2,134,7.9,180,150,75,5987
242,W-NWC,WNWC0242,2007,WNWC02,WS0333,7.73 ,13.58 ,3.22 ,1916.9,566,131.8,1323.337,2816.11,Cumulic cinnamon soils,clay,9.2,20.5,119,7.9,180,150,75,5931
243,W-NWC,WNWC0243,2007,WNWC02,WS0333,7.69 ,13.53 ,3.18 ,1892,561.1,131,1307.837,2789.28,Cumulic cinnamon soils,clay,8,13.4,120,7.9,180,150,75,6085
244,W-NWC,WNWC0244,2007,WNWC02,WS0333,7.72 ,13.56 ,3.21 ,1922.4,561.5,132,1321.637,2810.13,Cumulic cinnamon soils,clay,11,55.1,98,8,180,150,75,6087
245,W-NWC,WNWC0245,2007,WNWC02,WS0331,8.51 ,14.38 ,3.63 ,2202.7,663.4,163.2,1348.4,2904.85,Irrigating warped soils,silty clay loam,13.8,23.4,193,8,150,90,60,9281
246,W-NWC,WNWC0246,2007,WNWC02,WS0331,8.68 ,14.62 ,3.75 ,2242.8,702.6,152.1,1360.3,2931.88,Irrigating warped soils,silty clay loam,14.3,28.8,200,8,195,90,75,6977
247,W-NWC,WNWC0247,2007,WNWC02,WS0331,8.56 ,14.37 ,3.72 ,2230.4,671.1,166.4,1336.6,2893.26,Irrigating warped soils,sandy loam,15.8,24.6,200,8.1,165,90,75,7703
248,W-NWC,WNWC0248,2009,WNWC02,WS0331,8.41 ,14.31 ,3.86 ,2114.8,685,202.3,1251.2,2739.39,Irrigating warped soils,sandy loam,15.3,27.8,230,8.2,180,90,68,6881
249,W-NWC,WNWC0249,2009,WNWC02,WS0331,8.36 ,14.28 ,3.80 ,2094.3,674.5,199.7,1251.2,2729.26,Cultivated loessial soils,sandy loam,11.8,23.9,210,8.2,180,105,75,6546
250,W-NWC,WNWC0250,2007,WNWC02,WS0331,8.60 ,14.41 ,3.78 ,2250,680.7,166.4,1339.3,2901.83,Irrigating warped soils,silty clay loam,15.6,19.6,178,8,210,113,75,9096
251,W-NWC,WNWC0251,2007,WNWC02,WS0331,8.58 ,14.47 ,3.67 ,2218.9,679.3,162.6,1356.4,2920.27,Irrigating warped soils,silty clay loam,11.8,39.7,180,8,195,105,90,7458
252,W-NWC,WNWC0252,2009,WNWC02,WS0331,8.51 ,14.39 ,3.98 ,2164.9,705.1,204.8,1261.4,2772.79,Irrigating warped soils,silty clay loam,14.3,29.6,200,8,180,90,90,6806
253,W-NWC,WNWC0253,2007,WNWC02,WS0331,8.83 ,14.74 ,3.91 ,2313.6,734,163,1370.1,2972.03,Irrigating warped soils,silty clay loam,14.8,20.6,151,8,165,105,83,9177
254,W-NWC,WNWC0254,2007,WNWC02,WS0331,8.69 ,14.58 ,3.79 ,2262.2,702.6,163,1360.3,2941.42,Irrigating warped soils,sandy loam,16.6,36.3,200,8.1,195,105,90,8081
255,W-NWC,WNWC0255,2007,WNWC02,WS0331,8.58 ,14.47 ,3.67 ,2218.9,679.3,162.6,1356.4,2920.27,Irrigating warped soils,sandy loam,13.5,49.2,200,8,180,105,83,7175
256,W-NWC,WNWC0256,2009,WNWC02,WS0331,8.32 ,14.28 ,3.73 ,2068.7,668.9,199.3,1251.2,2722.47,Irrigating warped soils,sandy loam,15.9,48.6,230,8.1,165,75,75,5103
257,W-NWC,WNWC0257,2007,WNWC02,WS0331,8.79 ,14.64 ,3.95 ,2323.2,723.9,166.8,1360.3,2960.98,Dark loessial soils,silt loam,10.9,17.3,158,8,195,105,83,9483
258,W-NWC,WNWC0258,2007,WNWC02,WS0331,8.79 ,14.64 ,3.95 ,2323.2,723.9,166.8,1360.3,2960.98,Cultivated loessial soils,silty clay loam,14.2,20.1,187,8.2,180,105,75,9431
259,W-NWC,WNWC0259,2007,WNWC02,WS0331,8.60 ,14.41 ,3.78 ,2250,680.7,166.4,1339.3,2901.83,Cultivated loessial soils,clay loam,11.3,19.3,169,8,210,105,75,7665
260,W-NWC,WNWC0260,2007,WNWC02,WS0331,8.51 ,14.38 ,3.63 ,2202.7,663.4,163.2,1348.4,2904.85,Irrigating warped soils,silty clay loam,11.4,14.3,130,8,195,90,90,7995
261,W-NWC,WNWC0261,2007,WNWC02,WS0331,8.58 ,14.48 ,3.65 ,2209.3,679.3,162.3,1356.4,2915.48,Irrigating warped soils,sandy loam,12.1,32.8,230,8.1,180,105,83,7548
262,W-NWC,WNWC0262,2007,WNWC02,WS0331,8.58 ,14.48 ,3.65 ,2209.3,679.3,162.3,1356.4,2915.48,Irrigating warped soils,sandy loam,13.5,71.2,280,8,195,105,75,7703
263,W-NWC,WNWC0263,2009,WNWC02,WS0331,8.27 ,14.18 ,3.74 ,2066.3,656.5,185.6,1244.9,2709.11,Cultivated loessial soils,silty clay loam,13.6,18.7,210,8.1,210,105,75,5522
264,W-NWC,WNWC0264,2007,WNWC02,WS0331,8.55 ,14.51 ,3.57 ,2177,676.8,127,1355.6,2900.33,Irrigating warped soils,silty clay loam,12.7,31.3,170,8,195,75,98,7152
265,W-NWC,WNWC0265,2007,WNWC02,WS0331,8.51 ,14.33 ,3.66 ,2210.2,660.9,166.4,1336.6,2888.31,Cultivated loessial soils,clay,12.4,21.7,185,7.9,180,105,75,7778
266,W-NWC,WNWC0266,2007,WNWC02,WS0331,8.56 ,14.51 ,3.60 ,2188.3,678.1,140.2,1356.4,2906.02,Irrigating warped soils,silty clay loam,10.5,25.7,200,8,180,90,90,6600
267,W-NWC,WNWC0267,2007,WNWC02,WS0331,8.69 ,14.58 ,3.79 ,2262.2,702.6,163,1360.3,2941.42,Cultivated loessial soils,silt loam,12.6,21.4,191,8,180,105,68,7692
268,W-NWC,WNWC0268,2009,WNWC02,WS0338,7.89 ,13.94 ,3.40 ,1871,605.1,169.7,1157.9,2535.29,Irrigating warped soils,clay loam,10.8,30.2,162,7.8,225,120,90,6846
269,W-NWC,WNWC0269,2007,WNWC02,WS0338,8.44 ,14.46 ,3.73 ,2058.6,647.2,120.6,1485.1,3013.6,Irrigating warped soils,clay loam,13.5,37.5,153,8.1,195,120,90,7869
270,W-NWC,WNWC0270,2008,WNWC02,WS0338,8.90 ,15.11 ,4.26 ,2087.7,621.3,208.4,1315.3,2707.89,Irrigating warped soils,clay loam,14.6,32.7,108,8,225,120,90,7211
271,W-NWC,WNWC0271,2009,WNWC02,WS0338,7.73 ,13.73 ,3.28 ,1804.1,578.2,169.7,1134.3,2485.07,Irrigating warped soils,clay loam,10,26.1,150,7.9,225,120,90,8634
272,W-NWC,WNWC0272,2007,WNWC02,WS0338,8.15 ,14.18 ,3.47 ,1984.1,582.7,119.4,1481.9,2968.78,Cumulic cinnamon soils,clay loam,11.8,31.2,107,8,165,90,75,6488
273,W-NWC,WNWC0273,2008,WNWC02,WS0338,8.78 ,14.92 ,4.23 ,2071.2,594.8,215.2,1296.7,2660.03,Cumulic cinnamon soils,silty clay loam,11.5,32.4,109,8.1,180,90,75,6581
274,W-NWC,WNWC0274,2007,WNWC02,WS0338,8.18 ,14.20 ,3.51 ,1983.6,592.2,119.4,1471.3,2957.28,Cumulic cinnamon soils,silty clay loam,12.7,30.6,138,8.1,165,90,75,6650
275,W-NWC,WNWC0275,2007,WNWC02,WS0338,8.16 ,14.16 ,3.49 ,1969.8,588.4,119.4,1461.6,2940.8,Cumulic cinnamon soils,silty clay loam,9.7,23.7,107,8.1,165,90,75,6380
276,W-NWC,WNWC0276,2008,WNWC02,WS0338,8.72 ,14.87 ,4.17 ,2040.1,583.7,215.2,1287,2639.04,Cumulic cinnamon soils,silty clay loam,12.7,30.6,138,8,180,90,75,6764
277,W-NWC,WNWC0277,2007,WNWC02,WS0338,8.51 ,14.54 ,3.78 ,2084,662.6,120.6,1497.7,3041.18,Irrigating warped soils,clay loam,13.7,37.5,151,8,195,120,90,7482
278,W-NWC,WNWC0278,2007,WNWC02,WS0338,8.58 ,14.62 ,3.83 ,2108.5,677.1,120.6,1510.2,3068.61,Irrigating warped soils,clay loam,14.5,42.3,139,8.1,195,120,90,7349
279,W-NWC,WNWC0279,2008,WNWC02,WS0338,8.97 ,15.20 ,4.31 ,2112.9,636.5,208.4,1324.1,2729.39,Irrigating warped soils,clay loam,12.7,37.2,115,8,195,120,90,7017
280,W-NWC,WNWC0280,2009,WNWC02,WS0338,7.85 ,13.91 ,3.36 ,1861,595.1,169.7,1163.5,2537.87,Cumulic cinnamon soils,loam,11.5,25.9,160,8.1,195,90,105,8303
281,W-NWC,WNWC0281,2007,WNWC02,WS0338,8.44 ,14.46 ,3.73 ,2058.6,647.2,120.6,1485.1,3013.6,Irrigating warped soils,clay loam,13.7,48.7,157,8.1,195,120,90,7580
282,W-NWC,WNWC0282,2007,WNWC02,WS0338,8.47 ,14.48 ,3.75 ,2057.4,656,120.6,1482.2,3013.71,Irrigating warped soils,clay,13.1,36.8,217,8,195,120,90,7607
283,W-NWC,WNWC0283,2008,WNWC02,WS0338,8.69 ,14.83 ,4.13 ,2023.1,576.7,213.8,1282.3,2628.82,Cumulic cinnamon soils,silty clay loam,9.7,27.5,139,8,180,90,75,6281
284,W-NWC,WNWC0284,2008,WNWC02,WS0338,8.94 ,15.19 ,4.27 ,2096.8,630.4,208.4,1324.1,2725.11,Irrigating warped soils,clay loam,13.1,41.2,167,8,195,105,90,8249
285,W-NWC,WNWC0285,2008,WNWC02,WS0338,8.92 ,15.18 ,4.24 ,2083.7,627.3,194.2,1320.6,2716.68,Irrigating warped soils,clay loam,12.1,40.7,151,8,225,120,90,8682
286,W-NWC,WNWC0286,2009,WNWC02,WS0338,7.60 ,13.74 ,3.03 ,1789.1,543.2,148.2,1188.7,2526.98,Cumulic cinnamon soils,loam,12.5,31,153,8,180,90,75,6561
287,W-NWC,WNWC0287,2008,WNWC02,WS0338,8.92 ,15.12 ,4.30 ,2102.7,626.3,209,1315.3,2712.21,Irrigating warped soils,clay loam,12.7,36.5,126,8.1,225,120,90,7928
288,W-NWC,WNWC0288,2009,WNWC02,WS0338,8.03 ,14.06 ,3.53 ,1911.6,635.7,169.7,1158.1,2553.53,Irrigating warped soils,loam,12.4,23.6,170,7.8,225,120,90,7268
289,W-NWC,WNWC0289,2007,WNWC02,WS0338,8.40 ,14.40 ,3.69 ,2032,640.6,120.6,1469.6,2986.13,Irrigating warped soils,clay loam,14.1,38.5,129,8,195,120,90,7920
290,W-NWC,WNWC0290,2008,WNWC02,WS0338,9.09 ,15.37 ,4.38 ,2150.4,664,208.4,1346.4,2775.65,Irrigating warped soils,clay loam,13.7,27.8,141,8.1,195,120,90,7214
291,W-NWC,WNWC0291,2007,WNWC02,WS0338,8.40 ,14.40 ,3.69 ,2032,640.6,120.6,1469.6,2986.13,Irrigating warped soils,clay loam,12.6,46.7,135,8.1,195,120,90,8087
292,W-NWC,WNWC0292,2008,WNWC02,WS0338,9.01 ,15.27 ,4.32 ,2122.9,646.5,208.4,1335.3,2750.46,Irrigating warped soils,clay loam,10.9,32.5,142,8.1,225,120,90,6789
293,W-NWC,WNWC0293,2007,WNWC02,WS0342,9.01 ,14.94 ,3.95 ,2111.6,725.9,175,1358.7,2884.17,Dark loessial soils,silty clay loam,11.2,11.9,143,7.8,180,105,60,7100
294,W-NWC,WNWC0294,2008,WNWC02,WS0342,9.36 ,15.74 ,4.26 ,2230.1,690.1,252.3,1424.2,2907.2,Dark loessial soils,silty clay loam,12.9,9.3,169,7.8,180,60,45,4970
295,W-NWC,WNWC0295,2008,WNWC02,WS0342,9.49 ,15.90 ,4.35 ,2287.7,717.7,252.3,1445.9,2954.5,Cultivated loessial soils,silt loam,16.3,20.6,142,7.8,180,105,60,6077
296,W-NWC,WNWC0296,2007,WNWC02,WS0342,8.84 ,14.72 ,3.83 ,2108.6,684.8,173.5,1372.9,2883.65,Cultivated loessial soils,sandy loam,11.5,21.7,190,7.9,180,105,60,5700
297,W-NWC,WNWC0297,2008,WNWC02,WS0342,9.64 ,16.09 ,4.46 ,2342.8,752.8,252.3,1470.8,3009.21,Cultivated loessial soils,silt loam,11.4,18.2,172,7.8,180,105,60,5877
298,W-NWC,WNWC0298,2008,WNWC02,WS0342,9.89 ,16.32 ,4.77 ,2500.6,810.6,283.1,1517.3,3117.04,Dark loessial soils,silty clay loam,18,17.6,188,7.9,180,105,60,6983
299,W-NWC,WNWC0299,2008,WNWC02,WS0342,9.53 ,15.95 ,4.36 ,2277.6,727.6,252.3,1447.3,2961.97,Dark loessial soils,silty clay loam,11.3,5,147,7.8,180,105,60,5699
300,W-NWC,WNWC0300,2007,WNWC02,WS0342,9.52 ,15.48 ,4.44 ,2385.9,832.1,197.5,1478.1,3125.03,Dark loessial soils,clay,17.3,21.4,170,8.1,150,105,60,6843
301,W-NWC,WNWC0301,2008,WNWC02,WS0342,9.98 ,16.41 ,4.79 ,2471.8,831.8,259,1514.6,3116.58,Dark loessial soils,clay,12.6,8,177,7.8,225,98,60,5592
302,W-NWC,WNWC0302,2008,WNWC02,WS0342,10.04 ,16.46 ,4.85 ,2497,847,259,1516.8,3127.57,Dark loessial soils,clay,15.4,12.2,150,7.9,180,105,60,5139
303,W-NWC,WNWC0303,2008,WNWC02,WS0342,9.83 ,16.25 ,4.67 ,2396.9,796.9,259,1484.6,3053.89,Dark loessial soils,silty clay loam,15.8,11.2,160,7.9,180,105,60,6058
304,W-NWC,WNWC0304,2007,WNWC02,WS0342,9.26 ,15.21 ,4.20 ,2278.3,774.5,197.5,1435.6,3031.67,Cultivated loessial soils,silty clay loam,16.3,17.4,195,7.9,180,105,60,6332
305,W-NWC,WNWC0305,2007,WNWC02,WS0342,9.26 ,15.17 ,4.22 ,2250.4,776.6,197.3,1413.8,2998.38,Dark loessial soils,silty clay loam,12.7,20.8,217,7.9,180,105,60,6290
306,W-NWC,WNWC0306,2008,WNWC02,WS0342,9.25 ,15.70 ,4.07 ,2158.2,668.2,244.4,1414.4,2880.07,Dark loessial soils,silty clay loam,16.7,24,142,7.9,180,105,60,5532
307,W-NWC,WNWC0307,2008,WNWC02,WS0342,10.02 ,16.43 ,4.83 ,2481.1,841.1,259,1507.5,3111.35,Cumulic cinnamon soils,loam,10.4,10.5,110,8.1,150,120,90,6842
308,W-NWC,WNWC0308,2008,WNWC02,WS0342,9.87 ,16.28 ,4.69 ,2406.6,806.6,259,1491.1,3069.34,Alluvial?soils,sandy loam,8.8,10.2,260,8,150,120,90,6686
309,W-NWC,WNWC0309,2008,WNWC02,WS0342,9.88 ,16.30 ,4.68 ,2398.4,808.4,253.2,1485.3,3061.76,Alluvial?soils,silt loam,13.2,13.7,220,8.1,180,120,105,5170
310,W-NWC,WNWC0310,2008,WNWC02,WS0342,9.84 ,16.25 ,4.65 ,2388,798,254.5,1484,3056.23,Cumulic cinnamon soils,loam,17.4,9.5,160,7.5,150,120,90,6786
311,W-NWC,WNWC0311,2008,WNWC02,WS0342,9.84 ,16.25 ,4.65 ,2388,798,254.5,1484,3056.23,Alluvial?soils,loam,11.2,9.2,160,7.9,150,120,90,5929
312,W-NWC,WNWC0312,2009,WNWC02,WS0342,8.73 ,14.85 ,3.76 ,2110.9,714.1,204.7,1198.9,2653.64,Alluvial?soils,loam,12.3,20.7,180,8.3,150,120,105,6830
313,W-NWC,WNWC0313,2009,WNWC02,WS0342,8.94 ,15.05 ,3.99 ,2205.4,758.6,223.8,1218.7,2716.53,Alluvial?soils,loam,29,16.7,200,8.3,150,120,105,9191
314,W-NWC,WNWC0314,2009,WNWC02,WS0342,8.85 ,14.96 ,3.90 ,2164.8,738,223.6,1208.4,2685.12,Alluvial?soils,loam,32.4,25.9,240,8.1,150,120,105,7770
315,W-NWC,WNWC0315,2009,WNWC02,WS0342,8.91 ,14.96 ,4.02 ,2216.3,749.5,210.8,1215.9,2708.1,Cumulic cinnamon soils,loam,20,11.2,250,8.1,150,120,105,5859
316,W-NWC,WNWC0316,2009,WNWC02,WS0346,8.15 ,14.49 ,3.64 ,1984.3,671.5,245.3,1228.7,2688.42,Fluvo-aquic soils,clay,9.1,11.1,171,8.4,240,120,75,6750
317,W-NWC,WNWC0317,2008,WNWC02,WS0345,9.26 ,14.43 ,5.39 ,2207.6,682.8,332.8,1384.4,2837.65,Cultivated loessial soils,sandy loam,15,10,123,8.1,180,102,135,3900
318,W-NWC,WNWC0318,2008,WNWC02,WS0345,9.26 ,14.43 ,5.39 ,2207.6,682.8,332.8,1384.4,2837.65,Cultivated loessial soils,sandy loam,17.8,13.5,181,8.2,150,75,30,5550
319,W-NWC,WNWC0319,2008,WNWC02,WS0345,9.46 ,14.63 ,5.56 ,2270.6,725.8,332.8,1409,2898.01,Cumulic cinnamon soils,sandy loam,12,7,137,8.2,120,135,68,4950
320,W-NWC,WNWC0320,2008,WNWC02,WS0345,9.50 ,14.67 ,5.60 ,2289.7,734.9,332.8,1417.5,2912.93,Cumulic cinnamon soils,sandy loam,14,26.1,201,8.2,180,90,33,5850
321,W-NWC,WNWC0321,2008,WNWC02,WS0345,9.46 ,14.63 ,5.56 ,2270.6,725.8,332.8,1409,2898.01,Cumulic cinnamon soils,sandy loam,16.9,10.6,204,7.9,150,113,30,8175
322,W-NWC,WNWC0322,2008,WNWC02,WS0345,9.14 ,14.29 ,5.29 ,2162,657.2,332.8,1365.1,2798.03,Cumulic cinnamon soils,sandy loam,15,6.6,155,8.1,120,135,68,4200
323,W-NWC,WNWC0323,2008,WNWC02,WS0345,8.80 ,13.95 ,4.98 ,2022.4,587.6,326.7,1313,2676.3,Irrigating warped soils,sandy loam,6,4.4,117,8.3,120,135,135,2805
324,W-NWC,WNWC0324,2009,WNWC02,WS0345,8.03 ,13.04 ,4.29 ,1935.8,641.8,219,1198.2,2590.39,Cumulic cinnamon soils,sandy loam,12.5,6.9,106,8.1,315,210,180,7675
325,W-NWC,WNWC0325,2009,WNWC02,WS0345,8.03 ,13.04 ,4.29 ,1935.8,641.8,219,1198.2,2590.39,Cumulic cinnamon soils,sandy loam,11.8,15.8,149,8.2,270,90,83,6035
326,W-NWC,WNWC0326,2009,WNWC02,WS0345,8.03 ,13.04 ,4.29 ,1935.8,641.8,219,1198.2,2590.39,Cumulic cinnamon soils,sandy loam,12.2,8.7,106,8.3,180,102,135,5735
327,W-NWC,WNWC0327,2009,WNWC02,WS0345,8.07 ,13.08 ,4.32 ,1952.3,648.3,219,1207.5,2606.7,Cumulic cinnamon soils,sandy loam,14.3,11.8,85,8,150,113,150,6825
328,W-NWC,WNWC0328,2009,WNWC02,WS0345,8.07 ,13.08 ,4.32 ,1952.3,648.3,219,1207.5,2606.7,Cumulic cinnamon soils,sandy loam,14.3,8.2,81,8,180,102,135,6460
329,W-NWC,WNWC0329,2009,WNWC02,WS0345,8.07 ,13.08 ,4.32 ,1952.3,648.3,219,1207.5,2606.7,Cumulic cinnamon soils,sandy loam,15.7,7.8,129,8,180,135,83,7415
330,W-NWC,WNWC0330,2008,WNWC02,WS0345,9.26 ,14.43 ,5.38 ,2198,683.2,330.8,1379.7,2834.61,Irrigating warped soils,sandy loam,14,18.3,187,8.4,180,90,33,5700
331,W-NWC,WNWC0331,2008,WNWC02,WS0345,9.26 ,14.43 ,5.38 ,2198,683.2,330.8,1379.7,2834.61,Irrigating warped soils,sandy loam,13,14.1,132,8.3,150,75,75,3975
332,W-NWC,WNWC0332,2009,WNWC02,WS0345,8.10 ,13.12 ,4.36 ,1967.8,653.8,219,1209,2613.23,Irrigating warped soils,sandy loam,11.8,7.9,122,8.4,270,135,83,6850
333,W-NWC,WNWC0333,2009,WNWC02,WS0345,8.10 ,13.12 ,4.36 ,1967.8,653.8,219,1209,2613.23,Irrigating warped soils,sandy loam,8.9,36.7,172,8.4,180,35,68,8665
334,W-NWC,WNWC0334,2008,WNWC02,WS0345,9.66 ,14.84 ,5.77 ,2357.5,772.7,342.4,1433,2960.1,Cumulic cinnamon soils,sandy loam,24,74.2,151,7.9,90,18,83,8250
335,W-NWC,WNWC0335,2009,WNWC02,WS0340,7.95 ,14.45 ,3.05 ,1929.9,640.8,159,1097.2,2450.29,Cumulic cinnamon soils,loam,10.9,8.5,120,8.1,210,150,120,8051
336,W-NWC,WNWC0336,2006,WNWC02,WS0052,9.19 ,15.47 ,4.09 ,2300.9,776.8,146.3,1623.3,3234.38,Cumulic cinnamon soils,silty clay loam,12.9,23.6,144,8.2,150,105,45,5250
337,W-NWC,WNWC0337,2006,WNWC02,WS0052,9.19 ,15.47 ,4.09 ,2300.9,776.8,146.3,1623.3,3234.38,Cultivated loessial soils,silty clay loam,15.1,17.8,128,8.2,150,105,45,3705
338,W-NWC,WNWC0338,2007,WNWC02,WS0052,8.09 ,14.11 ,3.29 ,2294.8,693.3,159.3,1678.6,3356.91,Cumulic cinnamon soils,silty clay loam,11.2,5.9,210,8.2,150,105,45,3975
339,W-NWC,WNWC0339,2007,WNWC02,WS0052,8.17 ,14.19 ,3.33 ,2322.1,710.6,159.3,1692.1,3390.06,Cumulic cinnamon soils,silty clay loam,18.7,14.8,180,8.3,150,105,45,6000
340,W-NWC,WNWC0340,2007,WNWC02,WS0052,7.85 ,13.87 ,3.03 ,2193.5,642,149.9,1646.8,3281.72,Cultivated loessial soils,silty clay loam,14.8,20,120,8.1,128,90,45,3450
341,W-NWC,WNWC0341,2007,WNWC02,WS0052,7.92 ,14.02 ,2.99 ,2194.5,663,137,1676.4,3327.51,Cultivated loessial soils,silty clay loam,15.1,17.8,128,8.1,150,105,45,4890
342,W-NWC,WNWC0342,2007,WNWC02,WS0052,7.77 ,13.85 ,2.89 ,2141.9,630.4,137,1645.2,3259.1,Cumulic cinnamon soils,silty clay loam,12.8,23.6,144,8.2,150,105,45,4890
343,W-NWC,WNWC0343,2008,WNWC02,WS0052,8.70 ,15.03 ,3.81 ,2351.5,716,272.4,1738.2,3407.7,Cumulic cinnamon soils,silty clay loam,16.8,15.9,190,8.2,150,105,45,6120
344,W-NWC,WNWC0344,2008,WNWC02,WS0052,8.60 ,14.92 ,3.75 ,2319.1,693.6,272.4,1720.8,3368.57,Cultivated loessial soils,silty clay loam,11.5,9.9,200,8.2,120,90,45,3420
345,W-NWC,WNWC0345,2008,WNWC02,WS0052,8.26 ,14.62 ,3.37 ,2142.4,626.5,220.3,1657.4,3216.71,Cultivated loessial soils,silty clay loam,13.7,9.5,180,8.1,128,105,45,4305
346,W-NWC,WNWC0346,2009,WNWC02,WS0052,8.28 ,14.48 ,3.47 ,2287.3,783.8,188.9,1745.8,3458.83,Cultivated loessial soils,silty clay loam,9.4,13.6,140,8.3,150,105,45,4725
347,W-NWC,WNWC0347,2009,WNWC02,WS0052,8.65 ,14.90 ,3.79 ,2444.5,871,188.9,1812.8,3600.12,Cultivated loessial soils,silty clay loam,13.6,5.2,330,8.2,150,105,45,3615
348,W-NWC,WNWC0348,2006,WNWC02,WS0052,9.54 ,15.68 ,4.58 ,2500.5,856.4,213.3,1653.1,3336.72,Cultivated loessial soils,silty clay loam,13.1,13.7,100,8.2,128,90,45,3450
349,W-NWC,WNWC0349,2008,WNWC02,WS0052,8.63 ,15.02 ,3.68 ,2283.1,707.2,220.3,1727,3367.06,Cultivated loessial soils,silty clay loam,9.5,18.8,120,8.2,150,105,45,3870
350,W-NWC,WNWC0350,2009,WNWC02,WS0052,8.49 ,14.72 ,3.65 ,2368.6,835.1,188.9,1774,3526.28,Cultivated loessial soils,silty clay loam,11.3,5.6,170,8.2,150,105,45,3810
351,W-NWC,WNWC0351,2006,WNWC02,WS0052,9.57 ,15.72 ,4.59 ,2508.7,864.6,213.3,1657.9,3347.45,Cumulic cinnamon soils,silty clay loam,12.6,13.2,70,8.2,128,90,45,3945
352,W-NWC,WNWC0352,2006,WNWC02,WS0052,8.92 ,15.19 ,3.86 ,2199.9,715.8,146.3,1585.1,3143.71,Cultivated loessial soils,silty clay loam,12.6,21.5,95,8.3,128,90,45,3885
353,W-NWC,WNWC0353,2007,WNWC02,WS0052,8.01 ,14.12 ,3.10 ,2234.7,683.2,144,1687.2,3359.66,Cultivated loessial soils,silty clay loam,11.9,10.9,150,8.2,128,90,45,4200
354,W-NWC,WNWC0354,2008,WNWC02,WS0052,9.26 ,15.55 ,4.39 ,2596.3,850.8,292.6,1825.4,3617.75,Cultivated loessial soils,silty clay loam,12.4,7.3,150,8.3,105,90,45,3060
355,W-NWC,WNWC0355,2005,WNWC02,WS0053,7.55 ,13.80 ,2.15 ,2008.5,603.2,147.2,1814.7,3445.6,Cultivated loessial soils,loam,16.7,15.2,220,8.1,120,90,45,6030
356,W-NWC,WNWC0356,2006,WNWC02,WS0053,8.87 ,15.10 ,3.45 ,2219.5,740.9,137.7,1737.2,3371.19,Cultivated loessial soils,loam,17.4,20.4,120,8,150,105,60,4335
357,W-NWC,WNWC0357,2006,WNWC02,WS0053,8.87 ,15.10 ,3.45 ,2219.5,740.9,137.7,1737.2,3371.19,Cumulic cinnamon soils,loam,16,23.1,260,8.1,120,90,30,4425
358,W-NWC,WNWC0358,2008,WNWC02,WS0053,8.42 ,14.35 ,3.61 ,2271.9,665.4,310.3,1817,3456.17,Cultivated loessial soils,loam,10.8,9.8,270,8.1,105,75,45,1995
359,W-NWC,WNWC0359,2008,WNWC02,WS0053,8.42 ,14.35 ,3.61 ,2271.9,665.4,310.3,1817,3456.17,Cultivated loessial soils,loam,10.8,9.8,270,8.1,120,90,60,1935
360,W-NWC,WNWC0360,2008,WNWC02,WS0053,8.42 ,14.35 ,3.61 ,2271.9,665.4,310.3,1817,3456.17,Cultivated loessial soils,loam,10.8,9.8,270,8.1,135,105,75,1935
361,W-NWC,WNWC0361,2005,WNWC02,WS0053,7.46 ,13.69 ,2.09 ,1964.2,588.9,147.2,1784.8,3386.77,Cultivated loessial soils,loam,16.1,14.8,215,8.1,120,90,45,6105
362,W-NWC,WNWC0362,2007,WNWC02,WS0053,7.81 ,13.43 ,3.01 ,2235.3,649.7,204.7,1637.7,3294.07,Cultivated loessial soils,loam,13,9.8,220,8,120,90,45,5460
363,W-NWC,WNWC0363,2007,WNWC02,WS0053,7.81 ,13.43 ,3.01 ,2235.3,649.7,204.7,1637.7,3294.07,Cultivated loessial soils,loam,12.2,8.9,230,8,120,90,45,5439
364,W-NWC,WNWC0364,2008,WNWC02,WS0054,9.47 ,15.53 ,4.55 ,2375.3,779.6,219.9,1578,3116.98,Cumulic cinnamon soils,loam,27.8,52.3,279,7.5,180,150,105,5364
365,W-NWC,WNWC0365,2009,WNWC02,WS0054,8.83 ,14.55 ,4.26 ,2273.8,813,219,1471.6,3015.77,Cultivated loessial soils,silty clay loam,21.2,12.9,153,8,180,150,105,5190
366,W-NWC,WNWC0366,2009,WNWC02,WS0054,9.06 ,14.76 ,4.49 ,2384.5,863.7,224.4,1499,3086.26,Cumulic cinnamon soils,loam,16.7,9.7,181,7.8,180,150,105,5108
367,W-NWC,WNWC0367,2008,WNWC02,WS0054,9.62 ,15.67 ,4.72 ,2468.8,813.1,221.5,1600.5,3168.9,Cumulic cinnamon soils,silty clay loam,30.6,17.3,323,7.8,120,105,75,5217
368,W-NWC,WNWC0368,2008,WNWC02,WS0054,9.27 ,15.30 ,4.40 ,2300.2,734.5,219.9,1543.6,3039.89,Cumulic cinnamon soils,silty clay loam,24.6,18,276,8,120,105,75,5142
369,W-NWC,WNWC0369,2008,WNWC02,WS0054,9.50 ,15.55 ,4.57 ,2354.9,789.2,220,1585.2,3124.83,Cumulic cinnamon soils,silty clay loam,18.5,13.8,172,7.8,180,150,105,7170
370,W-NWC,WNWC0370,2009,WNWC02,WS0054,8.88 ,14.56 ,4.35 ,2312.8,822,224.4,1464.7,3014.89,Cultivated loessial soils,silty clay loam,34.7,56.5,217,7.9,150,120,90,6123
371,W-NWC,WNWC0371,2009,WNWC02,WS0054,9.10 ,14.80 ,4.53 ,2395.4,874.6,224.4,1499.8,3093.26,Cumulic cinnamon soils,silty clay loam,27.3,25.7,189,7.8,180,150,120,4701
372,W-NWC,WNWC0372,2008,WNWC02,WS0054,9.31 ,15.35 ,4.41 ,2308.9,743.2,219.9,1556.4,3063.03,Cumulic cinnamon soils,silty clay loam,34.5,20.1,349,7.7,150,120,90,4827
373,W-NWC,WNWC0373,2008,WNWC02,WS0054,9.67 ,15.72 ,4.75 ,2472.6,826.9,221.5,1607.9,3190.82,Cultivated loessial soils,loam,18,11.7,188,7.9,180,150,105,6795
374,W-NWC,WNWC0374,2009,WNWC02,WS0054,8.66 ,14.34 ,4.16 ,2224.2,773.4,223.3,1430.6,2930.67,Cultivated loessial soils,silty clay loam,14.1,14.1,150,7.9,180,150,105,5186
375,W-NWC,WNWC0375,2008,WNWC02,WS0054,9.33 ,15.37 ,4.45 ,2324.1,748.4,219.9,1556.4,3067.7,Cultivated loessial soils,silty clay loam,20.8,17.4,198,7.6,180,150,105,3681
376,W-NWC,WNWC0376,2009,WNWC02,WS0054,8.81 ,14.49 ,4.30 ,2287.1,806.3,224.4,1453.5,2989.57,Cultivated loessial soils,silty clay loam,17.6,5.2,173,8,150,120,90,4911
377,W-NWC,WNWC0377,2009,WNWC02,WS0054,8.95 ,14.63 ,4.41 ,2338.7,837.9,224.4,1476.6,3041.33,Cultivated loessial soils,silty clay loam,28.8,12.3,186,7.9,180,150,120,5138
378,W-NWC,WNWC0378,2007,WNWC02,WS0051,8.73 ,14.09 ,4.58 ,2290.5,710.2,163.6,1403.4,2948.46,Cultivated loessial soils,loam,11.3,7.5,143,8.3,180,150,75,7619
379,W-NWC,WNWC0379,2007,WNWC02,WS0051,8.73 ,14.09 ,4.58 ,2290.5,710.2,163.6,1403.4,2948.46,Alluvial?soils,loam,14.2,8.9,219,8.3,150,120,60,7989
380,W-NWC,WNWC0380,2008,WNWC02,WS0051,10.08 ,15.68 ,5.87 ,2701.4,910.9,291.4,1545.9,3220.1,Alluvial?soils,loam,12.6,11.1,196,8.2,210,60,113,7988
381,W-NWC,WNWC0381,2009,WNWC02,WS0051,9.21 ,14.81 ,4.92 ,2463.5,892.8,195.8,1411.5,2988.53,Cultivated loessial soils,loam,15.7,8.1,187,8.1,180,60,75,5843
382,W-NWC,WNWC0382,2009,WNWC02,WS0051,9.29 ,14.90 ,4.98 ,2492.3,911.6,195.8,1422.1,3021.34,Cumulic cinnamon soils,loam,14.3,10.4,149,8.4,210,60,113,7686
383,W-NWC,WNWC0383,2007,WNWC02,WS0051,9.06 ,14.43 ,4.87 ,2424.8,784.5,172.2,1447.2,3060.66,Cumulic cinnamon soils,loam,15.1,7.9,160,8.2,180,150,75,8519
384,W-NWC,WNWC0384,2008,WNWC02,WS0051,9.24 ,14.90 ,4.99 ,2280.5,710,223.9,1442.2,2935.47,Cumulic cinnamon soils,loam,15.1,11,175,8.6,180,150,105,9005
385,W-NWC,WNWC0385,2008,WNWC02,WS0051,10.11 ,15.73 ,5.88 ,2709.2,918.7,284.3,1551,3230.44,Cultivated loessial soils,loam,13.2,7.2,189,8.3,210,60,113,7512
386,W-NWC,WNWC0386,2007,WNWC02,WS0049,7.81 ,14.07 ,3.10 ,2382.6,711.5,269.7,1827.8,3689.92,Cultivated loessial soils,silty clay loam,5.1,11.2,119,7.2,165,120,75,7020
387,W-NWC,WNWC0387,2007,WNWC02,WS0049,7.69 ,13.90 ,3.02 ,2317,685.9,269.7,1783.2,3606.45,Cultivated loessial soils,silty clay loam,6.3,8.1,121,6.9,165,120,75,7020
388,W-NWC,WNWC0388,2007,WNWC02,WS0049,7.69 ,13.90 ,3.02 ,2317,685.9,269.7,1783.2,3606.45,Cultivated loessial soils,silty clay loam,4,11.1,179,7.9,135,90,60,4245
389,W-NWC,WNWC0389,2007,WNWC02,WS0049,7.69 ,13.90 ,3.02 ,2317,685.9,269.7,1783.2,3606.45,Cultivated loessial soils,silty clay loam,11.1,10.3,186,7,165,120,75,5265
390,W-NWC,WNWC0390,2008,WNWC02,WS0049,7.99 ,14.37 ,2.85 ,2191.7,653.6,274.4,1832,3549.31,Red earths,silty clay loam,12.7,13.3,165,7.3,180,120,90,3600
391,W-NWC,WNWC0391,2008,WNWC02,WS0049,7.99 ,14.37 ,2.85 ,2191.7,653.6,274.4,1832,3549.31,Red earths,silty clay loam,15.4,13.7,148,7.4,150,90,75,3450
392,W-NWC,WNWC0392,2008,WNWC02,WS0049,7.99 ,14.37 ,2.85 ,2191.7,653.6,274.4,1832,3549.31,Red earths,silty clay loam,8.1,11.4,130,7.3,180,120,90,5265
393,W-NWC,WNWC0393,2008,WNWC02,WS0049,7.85 ,14.23 ,2.75 ,2147.8,619.7,274.4,1815.4,3499.4,Cultivated loessial soils,silty clay loam,9.4,16.7,176,7.1,180,120,90,5481
394,W-NWC,WNWC0394,2009,WNWC02,WS0049,6.72 ,12.93 ,1.97 ,1849.3,534.2,200.9,1487.1,3000.06,Cultivated loessial soils,silt loam,10.1,8.2,63,7.2,180,120,90,2060
395,W-NWC,WNWC0395,2009,WNWC02,WS0322,9.63 ,15.06 ,5.74 ,2522,862.9,289.7,1266.3,2882.11,Cumulic cinnamon soils,loam,12.3,2.9,107,8,180,120,90,6191
396,W-NWC,WNWC0396,2009,WNWC02,WS0322,9.45 ,14.87 ,5.57 ,2437.3,818.2,289.4,1238.5,2824.56,Cumulic cinnamon soils,silt loam,16,14.6,111,7.9,180,120,90,9099
397,W-NWC,WNWC0397,2009,WNWC02,WS0322,9.47 ,14.89 ,5.57 ,2432.2,823.1,286.3,1235.3,2819.41,Cumulic cinnamon soils,loam,9.7,2.6,101,7.9,180,120,90,4173
398,W-NWC,WNWC0398,2009,WNWC02,WS0322,9.48 ,15.01 ,5.49 ,2386.3,827.2,257.8,1244.1,2818.04,Cumulic cinnamon soils,loam,21.5,15.9,158,7.9,180,120,90,7278
399,W-NWC,WNWC0399,2009,WNWC02,WS0322,9.50 ,14.92 ,5.61 ,2458.4,829.3,289.4,1247.6,2841.68,Cumulic cinnamon soils,loam,18.7,13.8,137,7.9,210,150,90,7284
400,W-NWC,WNWC0400,2009,WNWC02,WS0322,9.07 ,14.47 ,5.20 ,2266.5,727.4,281.6,1199.6,2712.5,Cultivated loessial soils,clay loam,5.9,14.7,104,7.9,210,150,90,7982
401,W-NWC,WNWC0401,2009,WNWC02,WS0322,9.11 ,14.59 ,5.18 ,2223.8,744.7,257.7,1182.1,2687.2,Cumulic cinnamon soils,loam,14.5,33.4,174,8,210,150,90,9660
402,W-NWC,WNWC0402,2008,WNWC02,WS0323,7.95 ,15.13 ,2.58 ,2058.6,585,170.8,1344.2,2888.94,Alluvial?soils,sandy loam,14.3,12.6,210,7.6,120,75,60,4451
403,W-NWC,WNWC0403,2008,WNWC02,WS0323,7.95 ,15.13 ,2.58 ,2058.6,585,170.8,1344.2,2888.94,Fluvo-aquic soils,sandy loam,17.7,25,276,8,120,75,60,5051
404,W-NWC,WNWC0404,2009,WNWC02,WS0323,7.10 ,14.07 ,1.98 ,1875.1,512.1,231.5,1345.3,2902.71,Fluvo-aquic soils,sandy loam,20.6,15.6,261,7.7,150,90,60,5330
405,W-NWC,WNWC0405,2009,WNWC02,WS0323,7.73 ,14.70 ,2.58 ,2116.4,643.4,239.4,1425,3112.39,Fluvo-aquic soils,sandy loam,11,23.7,189,7.8,150,90,60,5051
406,W-NWC,WNWC0406,2008,WNWC02,WS0319,7.49 ,14.35 ,2.47 ,2019.7,535.9,177,1225,2777.77,Yellow-cinnamon soils,silty clay loam,13.1,16.5,176,7.4,180,150,60,5088
407,W-NWC,WNWC0407,2008,WNWC02,WS0319,7.56 ,14.44 ,2.51 ,2037.3,553.5,174.3,1225.2,2788.43,Cultivated loessial soils,silty clay loam,13.8,8.8,162,8.3,180,150,60,5178
408,W-NWC,WNWC0408,2008,WNWC02,WS0319,7.60 ,14.53 ,2.51 ,2040.3,566.5,156.7,1233.8,2800.99,Cultivated loessial soils,silty clay loam,14.5,13.1,123,8.2,180,150,60,5346
409,W-NWC,WNWC0409,2008,WNWC02,WS0319,7.65 ,14.58 ,2.54 ,2052.1,578.3,156.7,1236.7,2810.86,Cultivated loessial soils,silty clay loam,13.6,12.3,148,7.5,180,150,60,4704
410,W-NWC,WNWC0410,2005,WNWC02,WS0322,8.95 ,14.46 ,4.79 ,2148.8,673.6,186.7,1095.8,2541.63,Fluvo-aquic soils,silty clay loam,12.8,34.4,157,8.1,180,150,90,8742
411,W-NWC,WNWC0411,2005,WNWC02,WS0322,9.10 ,14.59 ,4.97 ,2212.6,707.4,186.8,1095.8,2563.95,Fluvo-aquic soils,silty clay loam,12.8,34.4,157,7.9,180,150,90,8850
412,W-NWC,WNWC0412,2006,WNWC02,WS0322,10.18 ,15.87 ,6.05 ,2391,795.1,150.3,1126.5,2559.55,Fluvo-aquic soils,sandy loam,12.4,21,168,8.1,180,150,90,7335
413,W-NWC,WNWC0413,2007,WNWC02,WS0322,8.62 ,14.07 ,4.53 ,2086.7,627.1,118.6,1178.9,2617.32,Fluvo-aquic soils,silty clay loam,12.1,26.5,173,8.1,180,150,90,10065
414,W-NWC,WNWC0414,2007,WNWC02,WS0322,8.92 ,14.42 ,4.76 ,2189.6,690,118.6,1220,2712.82,Fluvo-aquic soils,silty clay loam,13.4,35.6,197,8.2,180,150,90,9099
415,W-NWC,WNWC0415,2007,WNWC02,WS0322,9.01 ,14.52 ,4.82 ,2209.6,710,116.8,1229.3,2737.92,Fluvo-aquic soils,sandy loam,12.6,36.5,188,8.2,180,150,90,7410
416,W-NWC,WNWC0416,2007,WNWC02,WS0322,8.92 ,14.42 ,4.76 ,2189.6,690,118.6,1220,2712.82,Cumulic cinnamon soils,silty clay loam,13.4,36.8,186,8.1,180,150,90,9099
417,W-NWC,WNWC0417,2008,WNWC02,WS0322,9.49 ,15.14 ,5.48 ,2262.7,660.4,178.6,1038.2,2433.76,Cumulic cinnamon soils,sandy loam,14.6,28.9,185,8.3,180,150,90,8520
418,W-NWC,WNWC0418,2008,WNWC02,WS0322,9.70 ,15.39 ,5.64 ,2359.9,707.6,178.6,1077.9,2520.94,Cumulic cinnamon soils,sandy loam,14.2,32.4,194,8.2,180,150,90,8190
419,W-NWC,WNWC0419,2008,WNWC02,WS0322,9.84 ,15.56 ,5.78 ,2414.3,742,200.4,1094.9,2565.83,Fluvo-aquic soils,sandy loam,12.6,27.5,218,8.2,180,150,90,8025
420,W-NWC,WNWC0420,2008,WNWC02,WS0322,9.78 ,15.42 ,5.78 ,2438.3,726,219.9,1089.3,2559.07,Cultivated loessial soils,sandy loam,13.4,28.6,189,8.3,180,150,90,8520
421,W-NWC,WNWC0421,2008,WNWC02,WS0322,9.89 ,15.53 ,5.87 ,2484.5,752.2,219.9,1101.1,2590.41,Cultivated loessial soils,sandy loam,12.9,35.6,197,8.2,180,150,90,7275
422,W-NWC,WNWC0422,2008,WNWC02,WS0322,9.34 ,14.95 ,5.36 ,2190.6,628.3,178.5,1012.8,2378.09,Fluvo-aquic soils,silty clay loam,13.4,35.6,197,8.2,180,150,90,9099
423,W-NWC,WNWC0423,2008,WNWC02,WS0322,9.30 ,15.01 ,5.18 ,2004.8,631.6,161.6,947.6,2257.94,Fluvo-aquic soils,silty clay loam,13.1,26.8,198,8.1,180,150,90,7620
424,W-NWC,WNWC0424,2008,WNWC02,WS0322,9.79 ,15.50 ,5.72 ,2342.6,730.3,196,1068.7,2515.26,Fluvo-aquic soils,silty clay loam,10.6,22.6,196,8.1,180,150,90,4155
425,W-NWC,WNWC0425,2005,WNWC02,WS0322,8.95 ,14.42 ,4.83 ,2141.6,676.4,186.8,1079,2518.9,Fluvo-aquic soils,silty clay loam,15.4,28.4,187,8,180,150,90,8580
426,W-NWC,WNWC0426,2006,WNWC02,WS0322,10.18 ,15.87 ,6.05 ,2391,795.1,150.3,1126.5,2559.55,Fluvo-aquic soils,silty clay loam,14.6,32.6,156,8.1,180,150,90,8850
427,W-NWC,WNWC0427,2007,WNWC02,WS0322,8.94 ,14.45 ,4.77 ,2202.9,693.3,118.6,1228.5,2727.98,Fluvo-aquic soils,sandy loam,11.1,27.5,194,8.2,180,150,90,8636
428,W-NWC,WNWC0428,2007,WNWC02,WS0322,8.60 ,14.04 ,4.51 ,2072.8,623.2,118.6,1169.9,2601.63,Fluvo-aquic soils,sandy loam,12.4,12,167,8.2,180,150,90,6150
429,W-NWC,WNWC0429,2005,WNWC02,WS0322,9.14 ,14.59 ,5.04 ,2256.8,711.6,191.4,1105.9,2592.96,Fluvo-aquic soils,sandy loam,12.7,25.6,287,8.2,180,150,90,8640
430,W-NWC,WNWC0430,2007,WNWC02,WS0322,8.49 ,13.92 ,4.40 ,2030.1,600.5,118.6,1160.7,2572.11,Fluvo-aquic soils,sandy loam,14.7,46.1,139,8.1,180,150,90,9660
431,W-NWC,WNWC0431,2005,WNWC02,WS0322,8.95 ,14.42 ,4.83 ,2141.6,676.4,186.8,1079,2518.9,Fluvo-aquic soils,sandy loam,11.4,21,218,8.1,180,150,90,6705
432,W-NWC,WNWC0432,2006,WNWC02,WS0322,10.18 ,15.87 ,6.05 ,2391,795.1,150.3,1126.5,2559.55,Fluvo-aquic soils,sandy loam,12.8,36.5,178,8.1,180,150,90,7308
433,W-NWC,WNWC0433,2007,WNWC02,WS0325,7.36 ,13.20 ,2.71 ,2041.3,569.1,144.8,1340.6,2954.46,Cumulic cinnamon soils,clay,13.2,26.8,118,7.9,180,75,45,6525
434,W-NWC,WNWC0434,2007,WNWC02,WS0325,7.36 ,13.20 ,2.71 ,2041.3,569.1,144.8,1340.6,2954.46,Cumulic cinnamon soils,clay,23.1,27.9,95,7.9,210,90,60,7125
435,W-NWC,WNWC0435,2008,WNWC02,WS0325,8.12 ,14.02 ,3.50 ,2084,574.7,188.9,1437.3,3020.46,Cultivated loessial soils,clay,18.9,26.7,140,8,210,75,60,6900
436,W-NWC,WNWC0436,2008,WNWC02,WS0325,8.07 ,13.93 ,3.50 ,2088.1,558.8,229.1,1435.1,3018.55,Cultivated loessial soils,clay,21.1,30.1,142,8,180,60,45,5385
437,W-NWC,WNWC0437,2008,WNWC02,WS0325,8.12 ,14.02 ,3.50 ,2084,574.7,188.9,1437.3,3020.46,Cumulic cinnamon soils,clay,20.3,20.3,95,8,210,75,60,6900
438,W-NWC,WNWC0438,2008,WNWC02,WS0325,8.12 ,14.02 ,3.50 ,2084,574.7,188.9,1437.3,3020.46,Cumulic cinnamon soils,clay,19.2,30.5,160,8,210,75,60,7545
439,W-NWC,WNWC0439,2009,WNWC02,WS0325,6.93 ,12.86 ,2.27 ,1783.1,486.7,194.8,1313.9,2799.27,Cultivated loessial soils,clay,16.8,33.5,145,8,195,90,45,8841
440,W-NWC,WNWC0440,2009,WNWC02,WS0325,6.94 ,12.84 ,2.28 ,1769.8,493.4,221,1289,2770.87,Cumulic cinnamon soils,clay,16.1,33.8,129,8,225,90,75,8171
441,W-NWC,WNWC0441,2009,WNWC02,WS0325,7.07 ,12.96 ,2.43 ,1836.1,509.7,225.9,1317.2,2829.64,Cumulic cinnamon soils,clay,17.1,23.9,158,7.8,195,90,45,6893
442,W-NWC,WNWC0442,2009,WNWC02,WS0325,6.94 ,12.84 ,2.28 ,1769.8,493.4,221,1289,2770.87,Cumulic cinnamon soils,clay,15.5,28.9,131,8,195,90,45,5477
443,W-NWC,WNWC0443,2009,WNWC02,WS0325,6.99 ,12.91 ,2.33 ,1797.3,500.9,221,1305.1,2800.27,Cumulic cinnamon soils,clay,17.3,30.4,143,7.9,195,90,45,6765
444,W-NWC,WNWC0444,2009,WNWC02,WS0325,6.94 ,12.84 ,2.28 ,1769.8,493.4,221,1289,2770.87,Cumulic cinnamon soils,clay,18,37.6,142,7.9,195,90,45,6336
445,W-NWC,WNWC0445,2009,WNWC02,WS0325,7.19 ,13.01 ,2.63 ,1902.4,526,240.6,1317.2,2853.79,Cumulic cinnamon soils,clay,14.3,31.3,135,8,180,60,45,6600
446,W-NWC,WNWC0446,2009,WNWC02,WS0325,6.94 ,12.84 ,2.28 ,1769.8,493.4,221,1289,2770.87,Cumulic cinnamon soils,clay,17.1,33.8,167,7.8,195,90,45,7500
447,W-NWC,WNWC0447,2009,WNWC02,WS0325,6.94 ,12.84 ,2.28 ,1769.8,493.4,221,1289,2770.87,Cumulic cinnamon soils,clay,19.5,38.3,184,7.9,195,90,45,6900
448,W-NWC,WNWC0448,2007,WNWC02,WS0325,7.36 ,13.20 ,2.71 ,2041.3,569.1,144.8,1340.6,2954.46,Cumulic cinnamon soils,clay,26.8,21.9,95,8,210,90,60,7200
449,W-NWC,WNWC0449,2008,WNWC02,WS0325,8.07 ,13.93 ,3.50 ,2088.1,558.8,229.1,1435.1,3018.55,Cultivated loessial soils,clay,16,36.9,116,7.9,210,75,60,5739
450,W-NWC,WNWC0450,2008,WNWC02,WS0325,7.89 ,13.74 ,3.29 ,2002.1,522.8,174.7,1412.1,2950.56,Cultivated loessial soils,clay,14.1,28.7,116,7.8,210,75,60,6057
451,W-NWC,WNWC0451,2008,WNWC02,WS0325,7.97 ,13.82 ,3.39 ,2046.7,537.4,219.4,1426,2989.08,Cultivated loessial soils,clay,16.1,29.3,147,7.9,210,75,60,5715
452,W-NWC,WNWC0452,2007,WNWC02,WS0325,7.36 ,13.20 ,2.71 ,2041.3,569.1,144.8,1340.6,2954.46,Cumulic cinnamon soils,clay,24.6,23.5,109,8,210,90,60,7275
453,W-NWC,WNWC0453,2008,WNWC02,WS0325,8.15 ,14.01 ,3.56 ,2122.6,573.3,229.1,1454.9,3054.5,Cultivated loessial soils,clay,18.1,28.8,134,8,180,60,45,5501
454,W-NWC,WNWC0454,2008,WNWC02,WS0325,8.19 ,14.05 ,3.60 ,2133.4,584.1,229.1,1446.3,3051.4,Cultivated loessial soils,clay,18,29.8,130,8,180,60,45,6600
455,W-NWC,WNWC0455,2006,WNWC02,WS0326,8.99 ,15.57 ,4.05 ,2165.9,684.7,160.6,1259.4,2764.29,Cumulic cinnamon soils,loam,19.7,52,195,7.8,165,120,90,6938
456,W-NWC,WNWC0456,2007,WNWC02,WS0326,7.84 ,13.79 ,3.27 ,2092,562,150.5,1205.3,2745.99,Cumulic cinnamon soils,loam,15.2,23,102,7.8,165,120,90,7421
457,W-NWC,WNWC0457,2006,WNWC02,WS0326,9.40 ,16.02 ,4.39 ,2319.2,778,164.2,1277.9,2843.66,Cumulic cinnamon soils,loam,14.6,34.4,101,7.6,180,150,120,6969
458,W-NWC,WNWC0458,2006,WNWC02,WS0326,8.99 ,15.57 ,4.05 ,2165.9,684.7,160.6,1259.4,2764.29,Cumulic cinnamon soils,loam,16,18.8,101,7.6,180,150,120,6995
459,W-NWC,WNWC0459,2007,WNWC02,WS0326,7.84 ,13.79 ,3.27 ,2092,562,150.5,1205.3,2745.99,Cumulic cinnamon soils,loam,20.1,26,108,8,165,120,90,7802
460,W-NWC,WNWC0460,2007,WNWC02,WS0326,7.84 ,13.79 ,3.27 ,2092,562,150.5,1205.3,2745.99,Cumulic cinnamon soils,loam,15.4,27.9,157,7.9,165,120,90,7404
461,W-NWC,WNWC0461,2008,WNWC02,WS0326,8.69 ,15.08 ,3.75 ,2202.6,631.3,191.8,1248.8,2744.26,Cumulic cinnamon soils,loam,15.1,26.5,96,7.8,180,135,60,7592
462,W-NWC,WNWC0462,2008,WNWC02,WS0326,8.57 ,14.93 ,3.64 ,2163.2,601.9,191.7,1232,2705.94,Cumulic cinnamon soils,loam,17.8,28.6,107,7.8,180,135,75,7295
463,W-NWC,WNWC0463,2008,WNWC02,WS0326,8.64 ,15.02 ,3.70 ,2190.2,618.9,191.7,1243.9,2732.43,Cumulic cinnamon soils,loam,18.8,34.9,134,7.8,180,135,75,8172
464,W-NWC,WNWC0464,2006,WNWC02,WS0326,8.95 ,15.53 ,4.01 ,2147.2,676,160.6,1250.9,2748.36,Cumulic cinnamon soils,loam,14,16.2,84,7.6,150,90,75,6942
465,W-NWC,WNWC0465,2007,WNWC02,WS0326,7.84 ,13.79 ,3.27 ,2092,562,150.5,1205.3,2745.99,Cumulic cinnamon soils,loam,15.6,23.6,71,8,150,90,75,6942
466,W-NWC,WNWC0466,2006,WNWC02,WS0326,9.24 ,15.78 ,4.34 ,2290.6,739.4,160.6,1282.5,2830.11,Cumulic cinnamon soils,loam,9,41.5,131,7.8,150,90,75,7659
467,W-NWC,WNWC0467,2007,WNWC02,WS0326,7.84 ,13.79 ,3.27 ,2092,562,150.5,1205.3,2745.99,Cumulic cinnamon soils,loam,20.6,30,77,7.5,150,90,75,7332
468,W-NWC,WNWC0468,2007,WNWC02,WS0326,7.84 ,13.79 ,3.27 ,2092,562,150.5,1205.3,2745.99,Cumulic cinnamon soils,loam,23.4,26.7,77,7.6,150,90,75,7475
469,W-NWC,WNWC0469,2008,WNWC02,WS0326,8.73 ,15.14 ,3.78 ,2211.9,640.6,180,1248.8,2746.86,Cumulic cinnamon soils,loam,18.7,26.8,98,7.9,180,135,60,7271
470,W-NWC,WNWC0470,2008,WNWC02,WS0326,8.64 ,15.02 ,3.70 ,2190.2,618.9,191.7,1243.9,2732.43,Cumulic cinnamon soils,loam,16.4,26.4,87,7.8,180,135,60,7572
471,W-NWC,WNWC0471,2008,WNWC02,WS0326,8.76 ,15.15 ,3.83 ,2236.7,645.4,208,1253.7,2763.02,Cumulic cinnamon soils,loam,19.1,35.6,127,7.9,180,135,60,7301
472,W-NWC,WNWC0472,2006,WNWC02,WS0326,9.24 ,15.78 ,4.34 ,2290.6,739.4,160.6,1282.5,2830.11,Cultivated loessial soils,loam,17.9,25,102,7.6,180,150,120,7547
473,W-NWC,WNWC0473,2006,WNWC02,WS0326,9.24 ,15.78 ,4.34 ,2290.6,739.4,160.6,1282.5,2830.11,Cultivated loessial soils,loam,16,41.4,102,7.8,180,150,120,7791
474,W-NWC,WNWC0474,2006,WNWC02,WS0326,10.89 ,17.42 ,5.93 ,3018.2,1167,229.2,1403.7,3247.99,Cultivated loessial soils,loam,18.6,25.8,102,7.6,180,135,120,7301
475,W-NWC,WNWC0475,2007,WNWC02,WS0326,7.84 ,13.79 ,3.27 ,2092,562,150.5,1205.3,2745.99,Cultivated loessial soils,loam,16.7,40,98,7.6,180,135,120,7806
476,W-NWC,WNWC0476,2007,WNWC02,WS0326,7.84 ,13.79 ,3.27 ,2092,562,150.5,1205.3,2745.99,Cultivated loessial soils,loam,15.3,30.2,98,7.6,180,135,120,8373
477,W-NWC,WNWC0477,2007,WNWC02,WS0326,7.84 ,13.79 ,3.27 ,2092,562,150.5,1205.3,2745.99,Cultivated loessial soils,loam,16.2,28.1,98,7.6,180,135,120,9143
478,W-NWC,WNWC0478,2008,WNWC02,WS0326,8.62 ,15.01 ,3.68 ,2177.1,615.8,191.7,1239,2721.12,Cultivated loessial soils,loam,18.6,26.5,123,7.6,180,135,90,6603
479,W-NWC,WNWC0479,2008,WNWC02,WS0326,8.57 ,14.93 ,3.64 ,2163.2,601.9,191.7,1232,2705.94,Cultivated loessial soils,loam,19.1,30.4,117,7.6,180,135,90,7707
480,W-NWC,WNWC0480,2008,WNWC02,WS0326,8.61 ,15.01 ,3.65 ,2165.4,614.1,163.7,1239,2716.27,Cultivated loessial soils,loam,16.3,32.6,123,7.6,180,135,90,7827
481,W-NWC,WNWC0481,2006,WNWC02,WS0326,9.20 ,15.82 ,4.21 ,2243.6,732.4,160.6,1275.3,2817.14,Cumulic cinnamon soils,loam,14.1,20.9,201,7.7,180,150,120,7299
482,W-NWC,WNWC0482,2007,WNWC02,WS0326,7.84 ,13.79 ,3.27 ,2092,562,150.5,1205.3,2745.99,Cumulic cinnamon soils,loam,15.4,21.4,130,7.9,165,120,90,7554
483,W-NWC,WNWC0483,2007,WNWC02,WS0326,7.84 ,13.79 ,3.27 ,2092,562,150.5,1205.3,2745.99,Cumulic cinnamon soils,loam,12.4,28,130,8,165,120,90,7445
484,W-NWC,WNWC0484,2008,WNWC02,WS0326,8.80 ,15.19 ,3.87 ,2246.7,655.4,212.7,1253.7,2767.01,Cumulic cinnamon soils,loam,17.6,31.5,102,7.7,180,135,75,7008
485,W-NWC,WNWC0485,2008,WNWC02,WS0326,8.76 ,15.15 ,3.83 ,2236.7,645.4,208,1253.7,2763.02,Cumulic cinnamon soils,loam,18.6,34.6,129,7.7,180,135,75,7427
486,W-NWC,WNWC0486,2009,WNWC02,WS0327,8.35 ,14.89 ,3.88 ,2133.5,671.9,282.1,1274,2861.49,Cultivated loessial soils,loam,10.3,12.9,166,8.2,158,83,60,8352
487,W-NWC,WNWC0487,2009,WNWC02,WS0327,8.56 ,15.06 ,4.12 ,2229.1,717.5,298.4,1291.9,2919.54,Cultivated loessial soils,loam,12.5,18.2,144,8.1,158,83,60,8427
488,W-NWC,WNWC0488,2009,WNWC02,WS0327,8.09 ,14.64 ,3.63 ,2028.6,617,277.7,1246.7,2783.13,Cumulic cinnamon soils,silty clay loam,14.2,12.7,161,7.3,158,83,60,8505
489,W-NWC,WNWC0489,2009,WNWC02,WS0327,8.35 ,14.94 ,3.84 ,2117.2,675.6,276.9,1280.2,2865.82,Cumulic cinnamon soils,silty clay loam,14.3,16,125,6.8,158,83,60,7934
490,W-NWC,WNWC0490,2009,WNWC02,WS0327,8.68 ,15.16 ,4.26 ,2284.9,743.3,304.2,1304.4,2956.85,Cumulic cinnamon soils,silty clay loam,15.2,17.1,140,7.5,158,83,60,8661
491,W-NWC,WNWC0491,2009,WNWC02,WS0327,8.13 ,14.57 ,3.74 ,2062.3,620.7,301,1241.1,2783.3,Cumulic cinnamon soils,silty clay loam,12.7,14.9,69,7,158,83,60,8408
492,W-NWC,WNWC0492,2009,WNWC02,WS0327,7.85 ,14.46 ,3.34 ,1923.5,571.9,226.8,1234.3,2721.29,Fluvo-aquic soils,sandy loam,14.7,17.9,171,8.1,158,83,60,8408
493,W-NWC,WNWC0493,2009,WNWC02,WS0327,8.33 ,14.81 ,3.90 ,2135.7,664.1,293.1,1263.2,2846.3,Cumulic cinnamon soils,silty clay loam,14.2,10.5,133,8.2,158,83,60,8305
494,W-NWC,WNWC0494,2009,WNWC02,WS0327,7.94 ,14.47 ,3.46 ,1951.8,590.2,276.9,1227.4,2730.83,Cumulic cinnamon soils,silt loam,14.2,18.3,120,8.3,158,83,60,8367
495,W-NWC,WNWC0495,2009,WNWC02,WS0327,8.02 ,14.57 ,3.55 ,1995.6,604,276.9,1241.1,2762,Cumulic cinnamon soils,silty clay loam,12.2,14.3,105,7.7,158,83,60,8628
496,W-NWC,WNWC0496,2008,WNWC02,WS0324,8.34 ,14.72 ,3.36 ,2130,586.2,202.7,1261.1,2758.56,Cumulic cinnamon soils,silty clay loam,11.5,18.7,326,8,210,135,90,6488
497,W-NWC,WNWC0497,2008,WNWC02,WS0324,8.43 ,14.82 ,3.43 ,2161.2,607.4,202.7,1264.2,2775.75,Cumulic cinnamon soils,silty clay loam,12.5,28.3,202,8.1,210,135,90,7209
498,W-NWC,WNWC0498,2008,WNWC02,WS0324,8.44 ,14.80 ,3.47 ,2187.4,603.6,245.7,1285.2,2809.87,Fluvo-aquic soils,sandy loam,15.4,21.8,279,8,210,135,90,7338
499,W-NWC,WNWC0499,2008,WNWC02,WS0324,8.32 ,14.70 ,3.33 ,2116,582.2,202.7,1254.2,2744.82,Cumulic cinnamon soils,silty clay loam,11.5,18.7,218,8.2,210,135,90,7596
500,W-NWC,WNWC0500,2009,WNWC02,WS0324,7.63 ,13.84 ,2.73 ,2044.6,596.6,260.5,1443.7,3082.76,Cumulic cinnamon soils,loam,14.8,10.5,159,7.9,255,135,90,7257
501,W-NWC,WNWC0501,2009,WNWC02,WS0324,7.11 ,13.39 ,2.17 ,1820.5,502.5,224.8,1395.6,2933,Cumulic cinnamon soils,loam,15.7,19.3,243,8.1,180,135,75,5901
502,W-NWC,WNWC0502,2008,WNWC02,WS0324,7.91 ,14.25 ,2.99 ,1962.6,498.8,183.4,1207.3,2620.34,Cumulic cinnamon soils,silty clay loam,14.8,28.3,167,8.1,210,135,90,8292
503,W-NWC,WNWC0503,2008,WNWC02,WS0324,8.43 ,14.82 ,3.43 ,2161.2,607.4,202.7,1264.2,2775.75,Cumulic cinnamon soils,silty clay loam,13.7,19,325,8,210,135,90,6951
504,W-NWC,WNWC0504,2008,WNWC02,WS0324,8.43 ,14.82 ,3.43 ,2161.2,607.4,202.7,1264.2,2775.75,Cumulic cinnamon soils,clay,15.8,27,189,7.9,210,135,90,7316
505,W-NWC,WNWC0505,2009,WNWC02,WS0324,7.35 ,13.58 ,2.45 ,1930.2,542.2,240.2,1419.3,2998.9,Cumulic cinnamon soils,loam,18.2,19.3,181,8,255,135,90,7023
506,W-NWC,WNWC0506,2008,WNWC02,WS0324,8.37 ,14.76 ,3.38 ,2138.1,594.3,202.7,1256.4,2755.8,Fluvo-aquic soils,sandy loam,12.3,22.7,105,8,210,135,90,8475
507,W-NWC,WNWC0507,2009,WNWC02,WS0324,7.42 ,13.62 ,2.56 ,1962.8,554.8,260.5,1421.3,3025.77,Fluvo-aquic soils,sandy loam,18.6,30.1,173,7.8,150,135,120,8177
508,W-NWC,WNWC0508,2007,WNWC02,WS0398,10.26 ,15.50 ,6.52 ,2377.4,731.9,240.4,870.1,2338.34,Paddy soils,silty clay loam,26.1,21.4,50,6.5,135,60,60,5577
509,W-NWC,WNWC0509,2007,WNWC02,WS0374,9.34 ,15.19 ,5.21 ,2046.9,540.3,146,938.1,2302.32,Paddy soils,loam,14.2,26.3,125,6.8,180,90,90,6044
510,W-NWC,WNWC0510,2007,WNWC02,WS0374,9.21 ,15.05 ,5.10 ,2001,514.4,146,922.6,2262.75,Paddy soils,loam,16.2,33.6,131,6.7,180,90,75,5910
511,W-NWC,WNWC0511,2006,WNWC02,WS0374,9.98 ,15.70 ,5.97 ,2130.6,602.7,163.7,896.6,2231.14,Paddy soils,loam,12.3,18.2,96,6.7,150,75,75,6765
512,W-NWC,WNWC0512,2007,WNWC02,WS0374,9.28 ,15.13 ,5.13 ,2005.7,529.1,146,923.8,2271.2,Paddy soils,loam,15.6,32.3,129,6.8,180,90,90,6312
513,W-NWC,WNWC0513,2009,WNWC02,WS0373,9.14 ,14.69 ,5.29 ,1977.3,482.1,220.1,794.1,2040.4,Paddy soils,loam,20.1,13.1,102,7.1,143,53,68,3771
514,W-NWC,WNWC0514,2009,WNWC02,WS0373,9.26 ,14.81 ,5.43 ,2040.4,505.2,226.5,808.2,2075.41,Paddy soils,loam,11.3,9.4,112,7.4,143,53,68,4253
515,W-NWC,WNWC0515,2006,WNWC02,WS0373,9.79 ,16.00 ,5.46 ,2079.2,551.9,146.7,849,2089.83,Paddy soils,loam,19.2,11,111,6.7,143,60,60,4938
516,W-NWC,WNWC0516,2007,WNWC02,WS0373,9.59 ,15.85 ,5.17 ,2091.4,559.9,163.4,920.9,2223.72,Paddy soils,clay loam,18.2,27.3,110,7.3,143,53,68,4182
517,W-NWC,WNWC0517,2008,WNWC02,WS0373,9.86 ,15.58 ,6.03 ,2144.5,576.7,250.6,743.5,1967.53,Paddy soils,clay loam,18.2,27.3,110,7.3,143,53,68,5286
518,W-NWC,WNWC0518,2006,WNWC02,WS0373,9.75 ,15.96 ,5.43 ,2061.4,544.1,146.7,842.4,2077.34,Paddy soils,loam,21,9,96,8.3,143,60,60,4475
519,W-NWC,WNWC0519,2009,WNWC02,WS0373,9.23 ,14.71 ,5.48 ,2060.8,495.6,231.5,791.7,2042.23,Paddy soils,loam,15,10.1,124,7.4,143,53,68,4893
520,W-NWC,WNWC0520,2006,WNWC02,WS0373,10.41 ,16.72 ,5.98 ,2283.9,686.6,180,899.4,2246.36,Paddy soils,silty clay loam,22.6,14.1,114,6.6,143,60,60,4850
521,W-NWC,WNWC0521,2007,WNWC02,WS0373,9.86 ,16.17 ,5.36 ,2139.3,617.8,158.7,930.6,2262.02,Paddy soils,silty clay loam,22.6,14.1,114,6.6,143,53,68,5000
522,W-NWC,WNWC0522,2009,WNWC02,WS0373,9.06 ,14.62 ,5.22 ,1951.4,466.2,220.1,785.6,2019.45,Paddy soils,loam,19.2,14.5,134,6.7,143,53,68,3722
523,W-NWC,WNWC0523,2009,WNWC02,WS0373,8.88 ,14.38 ,5.09 ,1876.9,431.7,220.1,752.9,1948.49,Paddy soils,loam,20,11.4,99,7.3,143,53,68,4820
524,W-NWC,WNWC0524,2006,WNWC02,WS0373,9.95 ,16.20 ,5.58 ,2124.1,586.8,146.7,863.8,2129.07,Paddy soils,silty clay loam,11.2,6.7,127,6.8,143,60,60,5333
525,W-NWC,WNWC0525,2007,WNWC02,WS0373,9.61 ,15.89 ,5.17 ,2086.2,564.7,163.4,917.5,2221.02,Paddy soils,silty clay loam,11.2,6.7,127,6.8,143,53,68,4907
526,W-NWC,WNWC0526,2009,WNWC02,WS0373,8.73 ,14.25 ,4.92 ,1810.7,405.5,209.9,741.2,1911.19,Paddy soils,loam,17,6.6,117,7.6,143,53,68,4724
527,W-NWC,WNWC0527,2009,WNWC02,WS0373,9.09 ,14.64 ,5.24 ,1938.7,473.5,230.9,779,2012.49,Paddy soils,silt loam,11.3,6.9,125,6.8,143,53,68,4907
528,W-NWC,WNWC0528,2007,WNWC02,WS0372,9.81 ,14.90 ,6.01 ,2171.9,595.9,150.2,801,2099.73,Paddy soils,loam,23.9,12,120,7,150,75,60,7781
529,W-NWC,WNWC0529,2008,WNWC02,WS0372,9.49 ,14.25 ,5.96 ,2053.5,496.3,225.9,628.8,1793.09,Paddy soils,clay loam,29.9,25.9,118,7,150,60,60,4361
530,W-NWC,WNWC0530,2009,WNWC02,WS0372,9.93 ,14.44 ,6.51 ,2235.7,599.2,250.3,612,1907.36,Paddy soils,silty clay loam,30.5,35.8,136,6.8,150,60,60,5301
531,W-NWC,WNWC0531,2008,WNWC02,WS0372,9.53 ,14.28 ,6.00 ,2051.6,504.4,219.5,619.4,1790.46,Paddy soils,silty clay loam,23.5,13.1,99,7,150,60,60,4731
532,W-NWC,WNWC0532,2007,WNWC02,WS0372,9.75 ,14.83 ,5.96 ,2147.7,581.7,150.2,791.2,2076.65,Paddy soils,silty clay loam,11.4,40.8,99,7,150,75,60,7149
533,W-NWC,WNWC0533,2008,WNWC02,WS0372,9.60 ,14.35 ,6.07 ,2076,518.8,222.8,621.2,1804.3,Paddy soils,sandy loam,20.1,10.7,113,7,150,60,60,6150
534,W-NWC,WNWC0534,2008,WNWC02,WS0372,9.54 ,14.30 ,6.01 ,2044.8,507.6,222.8,620.7,1792.19,Paddy soils,silty clay loam,24,12,176,7,150,60,60,5213
535,W-NWC,WNWC0535,2008,WNWC02,WS0372,9.83 ,14.62 ,6.26 ,2164.5,567.3,222.8,647.8,1876.54,Paddy soils,silty clay loam,24.2,18,98,7,150,60,60,4575
536,W-NWC,WNWC0536,2009,WNWC02,WS0372,9.86 ,14.37 ,6.42 ,2198.6,582.1,247.8,612,1895.67,Paddy soils,sandy loam,28.8,12.1,103,6.8,150,60,60,5394
537,W-NWC,WNWC0537,2007,WNWC02,WS0372,9.66 ,14.74 ,5.87 ,2127.7,561.7,148.6,797.2,2077.15,Paddy soils,clay loam,32.6,35.7,111,6.9,150,75,60,6279
538,W-NWC,WNWC0538,2008,WNWC02,WS0372,9.42 ,14.22 ,5.85 ,1962.4,485.2,215.9,609.1,1754.74,Paddy soils,clay loam,23.5,19.7,178,6.9,150,60,60,5288
539,W-NWC,WNWC0539,2008,WNWC02,WS0372,9.73 ,14.46 ,6.24 ,2173.5,546.3,252.1,640.7,1857.71,Paddy soils,silty clay loam,19,16.1,66,7,150,60,60,5700
540,W-NWC,WNWC0540,2009,WNWC02,WS0372,10.82 ,15.37 ,7.42 ,2760.7,824.2,334.1,733,2209.53,Paddy soils,silty clay loam,25.6,14.6,109,6.9,150,60,60,4725
541,W-NWC,WNWC0541,2008,WNWC02,WS0372,9.80 ,14.58 ,6.25 ,2168.1,560.9,222.8,642.6,1867.49,Paddy soils,silty clay loam,32.2,23.2,116,7,150,60,60,5585
542,W-NWC,WNWC0542,2009,WNWC02,WS0372,9.96 ,14.47 ,6.53 ,2250.7,604.2,250.3,618.8,1919.86,Paddy soils,sandy loam,25.3,9.8,145,6.9,150,60,60,5223
543,W-NWC,WNWC0543,2007,WNWC02,WS0372,9.92 ,15.03 ,6.12 ,2225.5,619.5,159.6,813.4,2136.22,Paddy soils,loam,32.4,26.7,123,7,150,75,60,7545
544,W-NWC,WNWC0544,2008,WNWC02,WS0348,8.25 ,15.39 ,3.05 ,2289.6,680,412.7,1436.9,3210.46,Fluvo-aquic soils,silty clay loam,14.7,31.7,106,7,105,75,30,2595
545,W-NWC,WNWC0545,2007,WNWC02,WS0348,6.69 ,13.79 ,1.33 ,1823.1,499.7,278.1,1301.2,2908.19,Alluvial?soils,sandy loam,21.6,9.3,127,7.7,90,60,30,2652
546,W-NWC,WNWC0546,2007,WNWC02,WS0348,6.92 ,14.03 ,1.58 ,1933.7,530.6,278.1,1337.1,2996.67,Alluvial?soils,sandy loam,35.6,33.6,173,6.8,75,60,30,2658
547,W-NWC,WNWC0547,2008,WNWC02,WS0348,8.07 ,15.22 ,2.85 ,2187.3,647.7,407,1410.4,3137.49,Alluvial?soils,silty clay loam,16.8,28.2,110,7,105,75,30,2730
548,W-NWC,WNWC0548,2008,WNWC02,WS0348,6.91 ,14.04 ,1.76 ,1703.7,426.5,342.4,1236.8,2709.24,Paddy soils,clay,17.9,13.6,202,7.5,180,120,75,5075
549,W-NWC,WNWC0549,2007,WNWC02,WS0348,5.35 ,12.49 ,0.01 ,1349.7,301.5,196.8,1166.6,2517.57,Paddy soils,clay,15.6,22.5,60,6.3,240,50,150,8051
550,W-NWC,WNWC0550,2007,WNWC02,WS0348,5.56 ,12.62 ,0.22 ,1376.5,338.4,196.8,1150,2515.56,Paddy soils,clay,15.1,23.2,120,6.8,120,90,120,5300
551,W-NWC,WNWC0551,2007,WNWC02,WS0348,5.45 ,12.64 ,0.14 ,1442.9,280.4,209.6,1244.5,2652.46,Fluvo-aquic soils,sandy loam,16.4,16.6,94,7,240,50,150,4590
552,W-NWC,WNWC0552,2008,WNWC02,WS0348,5.96 ,13.02 ,0.91 ,1338.6,303.4,297.9,1076.7,2333.89,Yellow-brown earths,clay loam,16.8,27.1,93,7.8,165,90,60,5550
553,W-NWC,WNWC0553,2008,WNWC02,WS0348,6.37 ,13.47 ,1.25 ,1485.2,351.5,316.6,1146,2494.47,Paddy soils,clay,9.5,18.6,202,7,165,135,90,3150
554,W-NWC,WNWC0554,2009,WNWC02,WS0348,6.68 ,13.46 ,1.80 ,1714.1,476.1,376.3,1232.2,2789.6,Paddy soils,clay,15.7,13.2,40,7.5,165,135,90,3990
555,W-NWC,WNWC0555,2006,WNWC02,WS0050,8.11 ,14.23 ,3.38 ,2214.5,665.4,201.3,1741.8,3489.91,Cultivated loessial soils,clay,10,18,150,7.8,128,90,90,6000
556,W-NWC,WNWC0556,2008,WNWC02,WS0050,6.51 ,12.77 ,1.93 ,1677,451.3,180.7,1434.2,2919.36,Cultivated loessial soils,loam,13.2,18,150,7.1,158,60,60,3900
557,W-NWC,WNWC0557,2006,WNWC02,WS0050,7.75 ,14.01 ,2.88 ,1988.5,609.4,137.3,1668.3,3320.58,Cultivated loessial soils,clay,10,6.2,80,7.2,150,90,60,7380
558,W-NWC,WNWC0558,2008,WNWC02,WS0050,6.86 ,13.02 ,2.39 ,1927.7,466.2,261,1511.4,3104.23,Cultivated loessial soils,loam,12.2,15.1,136,7.2,180,60,90,7080
559,W-NWC,WNWC0559,2008,WNWC02,WS0050,6.93 ,13.14 ,2.39 ,1903.2,498.1,215.1,1514.2,3106.76,Cultivated loessial soils,silty clay loam,10.8,17.4,92,7.2,210,75,105,3300
